uuid,stop_name,original_stop_id,row_number
998ceff5-9be1-4fd2-8490-79a18ba3e440,කොළඹ,1,2
ee30819e-2d80-43ab-b001-33d15c5373dd,මාලිගාවත්ත,2,3
c9a7f55b-e712-4f2e-a3e6-18ceceef3cec,කැළණිතිස්ස,3,4
2954218b-8c90-440e-bc2d-ff53bf2f280e,4 කණුව/බියගම පාර,4,5
4dc71cf7-5b81-4d56-ab8c-9403eaf20242,තොරණ හන්දිය,5,6
d88abc8e-b75a-4daf-8157-79618cbc0705,කැළණිය විශ්ව විද්‍යාලය,6,7
3b902f41-af5b-48b9-924c-06b9caaf6c38,කිරිබත්ගොඩ,7,8
816a3643-ca2d-4ac6-be1e-1d957df48dd8,මහර හන්දිය,8,9
d16877c5-8d0a-493f-8a01-e803981e8c5d,කඩවත,9,10
9ad431af-e203-43c9-9769-cf1b80c45278,ගෝනහේන හංදිය,10,11
e7e93831-ec30-4fff-b167-4a3980418ed3,ඉඳිගහමුල හංදිය,11,12
5db748ee-a0c0-4b91-8fd7-3c1f61dc27f0,කිරිල්ලවල,12,13
c56d7f55-2940-46e4-a35d-46ddcef4ca53,ට‍්‍රැක්මෝ හංදිය,13,14
3ecbd038-c1ff-443c-86fd-4a16b8a61570,මුදුන්ගොඩ(පබාවී),14,15
4727630c-ce85-4500-b83a-223c4addd5c6,මිරිස්වත්ත,15,16
d43f96f3-c7ee-44a6-a71e-385d041ebeb1,යක්කල,16,17
8828b9df-f9b9-41a1-8d45-e35769688359,අළුත්ගම,17,18
1e576d02-33ff-4b89-b70d-60b872626bc9,කළගෙඩිහේන,18,19
d155abbf-c100-43a3-b5fa-de65a33d9274,තිහාරිය,19,20
c369e8f4-88cd-4093-894a-84deb0db12b2,නිට්ටඹුව සංඝබෝධි මහා විද්‍යාලය,20,21
8e8f17c7-61d9-4e5b-8446-6862ad8fe6ac,නිට්ටඹුව,21,22
f73147a3-ab80-4e2e-9db7-0fb1c17f1738,කලල්පිටිය,22,23
1388563b-2bd1-4086-bb42-f22d8bba3d10,පස්යාල,23,24
e7745523-ae8c-48d4-b6c8-a384e51b37d1,කජුගම,24,25
1cf6580d-7957-446e-a22c-71d60812297c,රදාවඩුන්න,25,26
a1929379-6298-4207-9934-e04f13ef55fb,වේවැල්දෙණිය,26,27
38d5e287-9f3c-4cc7-9dd7-30ad23bcd841,දංඕවිට,27,28
a7c5b680-9194-43c3-a040-c192ba248f83,දුම්මලදෙණිය,28,29
c9e56503-d151-4f80-863e-74c3509fe06f,වරකාපොල,29,30
8f48ab7b-103a-418f-9ef2-5a5cf145cfa1,අඹේපුස්ස,30,31
137ddd47-a0f5-4971-a46b-70ea29f58e69,මාහේන,31,32
80eb286d-1d4b-425e-bc7e-f6d3e65c1f1d,තෝලංගමුව,32,33
ec82ce8f-b780-4212-b0b1-4cd95557ebcf,ගස්නාව වත්ත හන්දිය,33,34
53f99fb6-09e4-456a-97f7-5225cb7e1c69,නෙළුම්දෙණිය,34,35
cd4324b3-f97f-4665-88a7-9d7502ed3723,බටපොතැල්ල කන්දඋඩ,35,36
c5152ee5-e6aa-4fb1-8ab7-ced6f5b25aa2,සියඹලාපිටිය,36,37
498531a2-f985-4dfd-a068-61a019ca22e2,බල්ලපාන හන්දිය,37,38
1b15dfc2-5838-4710-bafb-fef297eab216,ගලිගමුව,38,39
58c837d2-14d8-48eb-9d30-f4d65f25ad87,අඹන්පිටිය,39,40
069ee661-ea81-457c-8384-90fadf898328,රංවල හන්දිය,40,41
177d4313-711f-4833-869c-8d97eccfac2c,කෑගල්ල,41,42
27e93438-3482-4dda-bdf8-4a8ad050bacf,මීපිටිය,42,43
ae75333e-2cdf-45a6-850b-7c66f2f23cff,කරඬුපොන,43,44
408a43ac-b8aa-4e16-b941-e4ad89e4a6a1,මොලගොඩ,44,45
acd75054-eabe-4008-8d1c-9bcf3b9409d7,මංගලගම,45,46
d976e0b9-7a5e-44bd-a8ad-ad86d2f90c3a,උතුවන්කන්ද,46,47
657cbf0e-e443-48b4-a7bf-4c1d1b70cb14,අන්වාරම,47,48
dc44582c-001e-4cc1-8cf9-1ba3c8760426,මාවනැල්ල,48,49
723f3724-4a1e-4197-a3e3-6040da383a49,බෙලිගම්මන,49,50
9a262f32-0f31-4bfb-b36d-8920338e571d,හිඟුල,50,51
f3cfa13e-b994-40c5-83e3-2bb6e3cd1d24,ගනේතැන්න,51,52
47509cbd-0861-49af-bf15-1d53d83e4ae6,පහල කඩුගන්නාව,52,53
e566f069-20c6-4876-8047-58a7e1f0da29,කඩුගන්නාව,53,54
1ff6ff4d-e651-4592-af4e-2452e2d60df6,හේනාවල (රෝහල පාර),54,55
0460cfdc-885e-476c-9ea7-2a164a4b2f75,පිලිමතලාව,55,56
937b889b-b86c-4959-ab70-64ebdd0309c3,ඇඹිල්මීගම (යටිනුවර ප‍්‍රා.සභාව),56,57
73148452-3269-47c2-82a3-bada1702151e,කිරිබත්කුඹුර,57,58
7a595962-4b6e-4eaf-bf6b-a4ed7570c33f,පේරාදෙණිය,58,59
87d3af8f-7136-47fe-8e50-d46f64e37075,ගැටඹේ,59,60
7096313b-fcc9-4408-960c-37ed47641c35,මුල්ගම්පොල,60,61
2bf4600e-2677-4674-bc5b-e9e51bc50655,මහනුවර,61,62
7c64b6e6-e026-4298-9a85-978c33a5018f,මීගමුව,62,63
0ae01556-9ab4-4ecc-9767-841284679b71,තෙල්වත්ත,63,64
53c3b27b-49b9-4bd2-993a-00a81dcdebb3,කුරණ (පල්ලිය හංදිය),64,65
029f1346-a58d-4b4d-b0f7-c7fbc286f860,20 කණුව (ගුවන් හමුදා කඳවුර),65,66
1cc061fe-6a19-41dc-93e4-4d865e3ccbdb,18 කණුව (ගුවන්තොටුපල හංදිය),66,67
46d8df5f-3a9e-47a6-80f1-81d6711f39da,ඇවරිවත්ත බස්නැවතුම්පල,67,68
8b9c04d3-4c96-46a1-8464-6624f91cd8fc,නයිකන්ද මුදුන,68,69
6a837363-f16a-4251-bbb8-4cec7f2e3f22,ආඬ්අම්බලම හංදිය,69,70
bf95d209-782d-4050-89b1-73e78688f62f,පීල්ලවත්ත,70,71
5dde334d-0f00-47b6-9398-e40f6bc497a1,යටියන හංදිය,71,72
f672774b-1c1a-4456-92b8-cd88c74f58a7,මිනුවන්ගොඩ බස්නැවතුම්පල,72,73
067f9c59-0860-4b09-84b1-121711674d79,වෑගොව්ව හංදිය,73,74
0302d4fa-2777-4a2e-b6fb-0432a6218d63,පමුණුව හංදිය,74,75
3b0f6602-e03d-4a9b-99eb-67a8f9894385,දෙවලපොල හංදිය,75,76
7e1a87d9-9da4-486f-8e8c-896f329fcf6e,වල්පිටමුල්ල,76,77
0cc1d4ae-3d9e-4acd-b903-fa81f4cf596a,නයිවල හංදිය,77,78
83c02000-6739-4fde-8615-9793ba118a69,වටද්දර පන්සල,78,79
6b9c2223-32f1-4158-9c94-9c47c11fa0b1,වේයන්ගොඩ බස්නැවතුම්පල,79,80
d64e985d-f129-4504-bf48-886d0fc9aed6,උදම්මිට,80,81
58ed3f30-798b-4024-9ec4-dea70d9ef7e5,අශෝකාරාමය,81,82
9fcc575a-8793-4fac-ae7a-0f65f1ec8121,පරගම්මන හන්දිය,82,83
925b776a-d9fa-4412-b9bb-03b0cd5bd5ff,මාතුර මහා විදුහල,83,84
e39354e2-4767-4d91-8a1a-7086e3adfee6,භෙට්ටිමුල්ල හංදිය,84,85
039ffd76-dd50-490c-8b10-a4639ce217bf,5 කණුව (පීල්ල ලඟ),85,86
b56c0aaa-6125-4038-8cce-2c6ce143efda,මොරොන්තොට,86,87
3671e449-2fb0-488b-b5ca-d1a8af61c1e3,මාබෝපිටිය හන්දිය,87,88
b491b3b5-a3a0-4f8d-8efc-e4a162a4e487,උඳුගොඩ නිකපිටිය හන්දිය,88,89
c7dc60fe-0131-461c-9893-070699dfee93,තන්නිමලේ,89,90
52668a13-2c48-46e1-8aec-e9ff39a64691,දෙමටගොඩ,90,91
dfaf6463-4be8-4090-8c78-d7d20c878d20,බොරැල්ල,91,92
4b9d6091-bccd-4d68-ae51-9256e7a88fb5,නාරාහේන්පිට,92,93
a690a117-1409-44c6-9062-5f7458780dc6,කප්පාගොඩ හන්දිය,93,94
b7b9ec3e-5c0f-42d1-a388-ca091b064051,දාස්වත්ත හන්දිය,94,95
5d4b1b96-5560-4151-b3f0-25b2b6641601,උස්සාපිටිය,95,96
91339b69-2010-483e-bc5e-5fe96c47f4fa,අළුපොත,96,97
ab5e1db3-fef3-44ae-9482-bc33f2cde873,පොලාඹේගොඩ,97,98
2490531c-60d6-47d0-8e18-724a23cf90d3,ගැවිලිපිටිය,98,99
dc589f44-41f5-46cd-bfc6-c2ed6fb8a838,දිප්පිටිය,99,100
926e95ff-e33e-478d-9bf2-02ee694bd2d2,හබලන්තොට හන්දිය,100,101
437cf13b-3d3e-4df2-9dec-868e25b58897,තල්ගස්පිටිය,101,102
4a95d372-e210-4226-9246-7a48f8db8da4,පෙතිගම්මන 1 කණුව,102,103
446d8860-9360-45d0-b28b-54d68861d216,භෙම්මාතගම,103,104
d56469cb-9563-415a-b9e9-e9fdf929a9f2,ගණිතපුර,104,105
90edb21e-3232-49e3-aa48-85766d7e91af,තල්ලියද්ද,105,106
ca8ee17f-be36-489c-b478-ffbeefac5ded,කෝන්ගොඩ හංදිය,106,107
252776c7-320f-4114-8c39-42606858b253,නියදුරුපොල (ග‍්‍රාමීය බැංකුව),107,108
8ba2e9be-add3-4696-b1e3-720410f15c01,හල්ලව (ශ‍්‍රී විදර්ශනාරාමය),108,109
df5774a7-a72f-4fa2-ae0c-6081e7cd5025,ගලපිටමඩ,109,110
f671d239-4efa-4e02-87d0-9c1bacdd8237,දොරවක සිරිනිවාස විද්‍යාලය,110,111
d97224f1-1745-4aed-a067-f255d92d6018,ගල්අමුණ වෙලේ කඩේ,111,112
48a4d08d-1624-46a1-ac2b-71e3c47e47fb,කොහොඹදෙණිය පාසල,112,113
e2b1a25c-bd5f-413f-83a6-c0459085f331,මැණික්කඩවර,113,114
3fc0585c-25a4-4987-8b3b-0dfa3b7d2bf3,ඉඹුලෝවිට,114,115
6cd7d416-db36-4495-9d99-2887f104e6a9,නවම් මාවත,115,116
168b9881-51e5-4bd6-8c8a-ecae71e68f33,ග්ලාස් හවුස්,116,117
210aef3a-e13f-4309-bc49-2c5d700c762b,රේස් කෝස්,117,118
aa87f049-df58-464a-9da8-ef64301a0a01,ජාවත්ත,118,119
0f8e07ce-8478-49bb-86cb-85f15a85c075,18 කණුව (ගුවන් හමුදා කඳවුර),119,120
4f2d4a47-13bc-495c-9e32-ab16181452f9,ස්විස් හෝටලය,120,121
54bf045f-1997-4cf8-aa6d-daa0c7beb880,බූවැලිකඩ,121,122
31faf5a4-baf6-4c54-9d5a-45c6c27be8df,තැන්නෙකුඹුර,122,123
e3b325bb-282e-489e-b40e-cb78d99cce86,කුණ්ඩසාලෙ,123,124
4f07530c-8455-430e-9938-0d0a04c4a0fd,ගම්උදාව,124,125
1d0f24ee-2ca9-426a-a4b6-998ee37c050b,පල්ලෙකැලේ හමුදා කඳවුර,125,126
2c057528-ec5a-4f42-9658-dfc79f457bab,බලගොල්ල,126,127
b25116fb-cf7d-4443-a8c0-a4aa407daed6,කෙංගල්ල,127,128
89815a6a-bbae-4fc9-b74b-c6c90744e61d,හේනාවල (කලාසිරිගම හංදිය),128,129
1a2e436b-20b0-45e2-849d-c2040820bd3c,මැණික්හින්න,129,130
1f7a547f-0a02-4ea0-b7de-fb8d7b750bc2,ඉලුක්මෝදර,130,131
dc6ed55d-5a0c-45a1-9e23-88c1840b69fb,ගුරුදෙණිය,131,132
6bbe4177-46ff-4e70-82cb-55ecdb5d11e5,මාලිඟාතැන්න,132,133
4c0a1e4c-41de-49dd-a511-ffafff630e2c,හාරගම විදුහල,133,134
bfa18299-5153-449a-b42d-be1abcbf78f1,හාරගම ගොවිපොළ,134,135
809b6fc1-7008-447f-a68c-b11a86a78fb1,පුබුදුගම පාර,135,136
d393ffce-178c-4a90-8757-42c36838dfa8,තලාතුඔය පාර හන්දිය,136,137
ba631a36-6cf0-46f3-856b-06ae291b953c,කිවුල් ලිඳ,137,138
b50a89c5-e6dc-4cdf-8435-ba8c465be1bc,දිවුල්ගොල්ල,138,139
34fcd23b-bb56-416b-8f7b-868b76bfdf75,මයිලපිටිය කඩමණ්ඩිය,139,140
e0a22239-1071-478b-a210-81699afbc1e2,කන්ද හන්දිය,140,141
60a745f7-b5e0-4a5f-9d18-cc8c029f8d10,උණුවින්න (22 කිමි කණුව),141,142
09146e9b-d73d-4d01-a746-99e984c014c6,මාඔය හංදිය,142,143
556b4bd0-0599-42c3-a08a-6182949fd296,පේරවංගුව (උනන්තැන්න පාර),143,144
ff2b9903-bc8a-4dc8-a3b6-ce4acee40c5b,හඟුරන්කෙත බස්නැවතුම්පල,144,145
b5fcff45-37ba-4df9-abe7-d06a2ba95047,මාදන්වල රාජමහා විහාරය,145,146
5722fe4a-e38f-40f6-97d8-459d66adcb1c,කටුගස්හින්න කඩමණ්ඩිය,146,147
3e923613-9eb8-48a4-83c9-67bcf07a412b,රිකිල්ලගස්කඩ,147,148
62df4689-7df2-4e4c-9bb8-73bdb6727654,දෙනිකේ මහා විද්‍යාලය,148,149
43a72296-4c93-469b-bc73-81379479c1f1,කරඳගොල්ල පුස්තකාලය,149,150
7f957baa-2f28-44ad-a297-cb2e3f5ab636,දෙහිපේ විද්‍යාලය,150,151
88772fae-7489-4224-b00d-fe6b71cfb5c4,කඳුරකඩේ (ගම්පහ බෙභෙත් ශාලාව),151,152
614167a5-941e-47be-bcfb-996d8b9f9e90,පදියපැලැල්ල,152,153
62c1986a-09aa-413d-b1fc-ed8e927533b6,ලඳුපිට 43 කිමි කණුව,153,154
f78f6309-e237-418c-9879-1618587ddfd0,ලදුපිට (44 කි.මි.කණුව),154,155
62ad8e41-1fbf-4710-b4a9-d51658c6f05a,මුං වත්ත (29 සැතපුම් කනුව),155,156
4fff55b0-6b5e-440c-834f-e149c15b890b,ලියන්වල හන්දිය,156,157
bd3eebcc-557c-4702-90fb-a6cd07d86bda,ආඳාවල දිය ඇල්ල,157,158
ea8eef96-1a71-4965-97d0-e93ba4e2c29a,මලපට්ටාව (50 කි.මි. කනුව),158,159
ae12bf97-f5c1-49c6-aa2b-0ac856d61a80,නාරංතලාව හංදිය,159,160
26d0f65d-f497-4ec6-8726-d22d0ab72848,වැවකැලේ (54 කි.මි.කනුව),160,161
8cf901c0-fd5a-4797-8be0-3c9218bb7d81,කුඹල්ගමුව පන්සල,161,162
cfbdda02-6b44-4f45-9556-16a5c1c8a6e0,කුඹල්ගමුව (දැලිවල ම.වි),162,163
baaf1d5b-83e6-4e3e-b76d-20a209e17ec8,රෝහල් හංදිය(මහවැව පාර),163,164
eb6545c7-62f0-47a8-adb2-cee795535910,වලපනේ,164,165
18b700e6-3489-4bbb-9e17-b88ba8b5df71,වැල්හින්න(15 කණුව),165,166
74b64baa-fb04-418c-b753-37596adf2dfb,එගොඩකන්ද(නන්දාරාම ම.වි),166,167
1bcc096d-64ad-4103-a59b-64dc5b86062c,වැරැල්ල කඩමණ්ඩිය,167,168
ea21168c-31c4-4c84-a271-412d691e199b,නිල්දණ්ඩාහින්න,168,169
e7c7b89f-1a60-447e-a1ac-eb63c4f23acf,වලස්කැලේ 11 කිමි,169,170
d9f2aab2-3120-476e-befe-8549d2e7acd7,රාසින්ගොල්ල හංදිය(තෙරිපැහැපාර),170,171
c3253b2e-72a4-43b5-83fb-f65cddf9ceae,දඹගොල්ල හංදිය,171,172
aa4476ff-f14c-405d-ae63-e548921ebbda,කොටඹේ(දිග්ගල විදුහල පාර),172,173
3e2541ce-a44b-4339-9b20-21ce0493d6a9,පල්ලෙවෙල උ.තැ.කා,173,174
1e33e98e-eb0b-44ae-9cd0-b46e7489b149,රූපහ,174,175
caed4486-25dc-4514-beeb-a4c78d0ccc21,ගාලුමුවදොර,175,176
f60d4d09-1ac2-4426-a514-454d9b5c0371,කොල්ලුපිටිය,176,177
75142672-35d9-4fff-97a9-0252fc012b32,බම්බලපිටිය,177,178
f9e20a4f-308a-469d-a720-1947d626e3e9,වැල්ලවත්ත,178,179
593db7b9-2c0c-41b4-9275-d88b9ada6f80,දෙහිවල,179,180
441306cb-13c2-4084-807b-7dc256252dd4,ගල්කිස්ස,180,181
127fafdd-289b-499e-b4c7-e4b7fad920bc,රත්මලාන,181,182
c0be381f-4d70-4b70-a0cb-b04134373aba,කටුබැද්ද හංදිය,182,183
91525517-36d6-48b7-9e21-851568bff731,මොරටුව,183,184
7dc75566-af5f-4c2d-973c-2e45f500d258,කොරලවැල්ල (දුම්රිය ස්ථානය),184,185
54144114-04b1-43a0-a4c5-c3b4a4a37a17,එගොඩඋයන (දුම්රිය ස්ථානය),185,186
5f37fb79-f9aa-416d-bb4c-269f59511b2b,අළුත් පාලම,186,187
2cebad7c-7bbc-4563-ad11-4b6c46da2586,පානදුර,187,188
cff48ba1-559e-46f8-a827-cb0cb9658cc1,නල්ලුරුව හන්දිය,188,189
33db3191-4a9c-47e9-8d12-085c52b2f972,තල්පිටිය (වාද්දුව හොලිඩේ රිසෝට්),189,190
2ae9fb7a-b06c-4dee-bd73-ad2555ae40de,වාද්දුව/මොරොන්තුඩුව පාර,190,191
8035d6b8-9b41-43b0-9762-0e5991a65b71,මොල්ලිගොඩ/කොරොස්දූව පාර,191,192
665551cf-673e-4fd5-bc74-55ccc5df6180,පොතුපිටිය/වාලුකාරාමය,192,193
12978ab6-c427-4872-baae-26127013f3bd,වාඩියමංකඩ/බණ්ඩාරගම පාර,193,194
05e199bb-ffc9-40de-a136-3c899bd69328,නාගස් හන්දිය,194,195
7dd7da2a-210d-4246-9d1e-86b2d1eda695,කළුතර,195,196
df13a399-8cab-4e8e-8867-5b9806dd1952,කටුකුරුන්ද හංදිය,196,197
a5e18931-4fd4-442a-866c-060a94be5a53,මලේගොඩ/දොඩම්ගොඩ පාර,197,198
4e47588e-3716-4cb5-8543-4c02ce8777dc,පයාගල/නාගහතුඩුව,198,199
4a8a2252-92a1-41d5-9dc1-d470486ad91a,මග්ගොන/මුංහේන පාර,199,200
ea73abb6-becd-48d4-bcf2-cc362f2c5992,පොල්කොටුව/මාගල්කන්ද පාර,200,201
3e59481d-23e7-44d6-8198-e7ee151bfa04,බේරුවල,201,202
88bb9329-cfae-4147-86fa-1fd00ae46508,මොරගල්ල තැ.කා,202,203
9db11b01-1577-4d0e-b288-865bc7e29824,බෙන්තොට (කහඹිලියාකන්ද),203,204
9779ca35-b03e-4f57-bf34-c0f2607f85c1,වරාහේන/දුම්රිය හරස්පාර,204,205
b636dde8-ae1c-4881-a2d1-a6745b37b936,ඉඳුරුව දුම්රිය පොල,205,206
d202434b-de5c-4449-ab47-d55edf1c972b,මහ ඉඳුරුව දුම්රියපොළ,206,207
f3814ae0-dea9-41f9-b11c-bfb596013bba,දූව මෝදර/පොල්වත්ත පාර,207,208
f876dac0-eb26-4e06-adac-b15355b45ffe,කොස්ගොඩ,208,209
9a68cf58-3e09-47e9-ba11-138be9bfd18a,අහුංගල්ල/ඌරගහ පාර,209,210
bd3dcb0d-48b6-4469-85f7-41eb0e9ca62f,පාතෙගම/ගොඩගෙදර හංදිය,210,211
da336782-73f3-41d3-864e-4a59ed871f17,බලපිටිය බස් නැවතුම්පළ,211,212
e386ba4b-4637-467c-8d6e-6aa03eec9c9e,බලපිටිය රෝහල,212,213
9841a7d4-4304-42c9-a6e0-cf255202ce3f,රන්දොඹ සංඝරාජ විහාරය,213,214
3525c749-359e-4427-8832-d984a0ba094f,අම්බලන්ගොඩ,214,215
366bf685-4060-4422-a8fa-376404d6c634,මාදම්පෙ (උස්මුදුලාව),215,216
dcec6150-025b-470b-b0d0-02cb15a71ed4,අකුරල,216,217
5d2a422f-b1e3-4a33-a394-b09bdb909b55,කහව,217,218
6d706cde-6880-431e-b74f-b69ea443e071,සීනිගම,218,219
c301175a-bf4f-4057-8a55-a0cddbf5e2f0,හික්කඩුව,219,220
d44bfa1f-1d9c-43e4-9983-bf51e6a1d578,නාරිගම,220,221
9cff2656-361b-417e-9a95-6bd729f62006,කුමාරකන්ද හන්දිය,221,222
c35b25e2-403e-4d62-96c4-e7114846ab6f,දොඩන්දූව,222,223
dd83644c-b288-4a60-92f0-18082ea797e6,රත්ගම,223,224
1ca3e6d7-e9cf-4042-b428-d14430d5251c,බූස්ස හමුදා කඳවුර,224,225
8158e722-b889-4ba8-88f3-f2930398587d,ගිංතොට,225,226
957e7226-e1e9-4f23-9181-c4bee0b3201e,ගිංතොට ඩිපෝව,226,227
4b2a1955-11cf-468e-9d24-ddeff975b04b,මහ මෝදර රෝහල,227,228
31101153-7c1d-403a-85f7-e2a0e7eab1a6,ගාල්ල බස් නැවතුම්පොල,228,229
b3b97ea5-3987-4c78-809b-3a91a1ee1432,මෝඩ ඇල,229,230
b6ff396a-8f16-436c-b329-41a5756f1320,දෙවට හන්දිය,230,231
24058de3-8c78-4782-86f8-04c9cd322482,උණවටුන ගුරු විදුහල,231,232
c4660dc9-bf7b-4b62-941d-27cfc44f8753,දලවැල්ල,232,233
ca032a21-b6ad-4cb4-a7e8-a038d508ec37,තල්පේ,233,234
862daa5a-5dd1-4eb3-8436-cfbff263794b,හබරාදූව,234,235
21545f3d-cc64-4145-a968-daf819d8d931,කොග්ගල,235,236
2b79c97e-b68b-421b-8f91-4535d743e5ab,කතළුව,236,237
f749ed63-f059-498d-86a2-6df7dd1b51b4,වැල්හේන්ගොඩ,237,238
ff6f28eb-e4ab-4c17-a3fc-7744749dc0c3,අහංගම,238,239
e260a671-f40e-4687-af50-c0accf18f8fd,ගොවියාපාන,239,240
168121fa-a2c0-4a74-8f0e-ea481c9151d1,මිදිගම,240,241
34c6a8e0-9791-4128-a236-06d62c82ffc7,කුඹල්ගම,241,242
19d051b7-676a-414c-98e8-e50a44d9d5d5,වැලිගම බස් නැවතුම්පොල,242,243
22dd0cab-e0cb-42c2-92ce-00469921a806,පැලෑන ප‍්‍රාදේශ්‍රීය සභාව,243,244
3f58aee7-bba4-4930-8baf-dacaa78c3617,පොල්අතුමෝදර,244,245
9e717c74-1267-48c7-9a34-8fad9c231a20,මිරිස්ස,245,246
6b1cf760-6014-4688-bce0-9f4fc08161a2,තල්අරඹ පාසල,246,247
0401ee29-19fc-4b39-8582-713401870a44,කඹුරුගමුව හන්දිය,247,248
0d18dac0-342a-490a-8679-6e6ce18bad23,වල්ගම,248,249
33ed0d82-353b-4782-8141-bdcd7e842c58,නූපේ,249,250
8dce5129-ac22-41e0-8f69-1a5e1ca012ec,මාතර,250,251
be0ec900-12c2-4c60-a3ff-05f7b25709d5,ගාල්ල,251,252
8d5d96e8-6605-4e8b-8747-c1b01b71dca4,කිරුළපන,252,253
0ee38434-5b71-4932-b30a-3255c73e50b9,දෙල්දූව(පුරාණ රජමහා විහාරය),253,254
92dc33e0-fe75-4e62-94ed-b4b443198592,මාවල හන්දිය,254,255
21864dce-a79c-401b-9172-a888098b771c,මොරොන්තුඩුව හන්දිය,255,256
f6d73aa4-3f9b-48cc-b711-4ae045a6b16b,දැල්කඩ/අඹගස්ඕවිට,256,257
e6076569-93bc-4284-bfbb-ca69f0cfc544,වෑවිට/මස්විල පාර,257,258
bab95ccc-e9ca-4aa1-a921-2ce06dddeb0b,බණ්ඩාරගම,258,259
97cf441c-5cf6-4b53-bd26-20117c7e9aa5,ගම්මන්පිල වැව,259,260
81cf16b6-4999-4186-89d2-3f3618138521,මැදගම,260,261
e94cd05c-061f-47aa-a528-9f080f902836,වැල්මිල්ල හංදිය,261,262
daf0de34-c9a9-4438-beb1-ebef4b309f25,කිඳෙල්පිටිය හංදිය,262,263
3b359e06-78da-4a59-82a8-63acb3d6bbd3,බටුවන්දර හන්දිය,263,264
acea9f73-0094-4871-a2d0-ed45b0225d8d,මාකන්දන හන්දිය,264,265
c9a5f4de-31a9-4f07-9645-59f2cccec801,කැස්බෑව,265,266
e04a51c7-b8fc-4df1-a2dd-5e8129f81f91,පිලියන්දල,266,267
ab9da055-a8fc-4614-b58a-3ab0d1affa8f,බෝකුන්දර,267,268
8ae4b7cf-d5d3-4a87-9cb2-b0dbc6b49420,බොරලැස්ගමුව,268,269
c45d2d41-3364-488a-bd1a-3bbbdb3113f5,පැපිලියාන,269,270
a38c3728-435c-4bca-a548-cc752c7d46f0,කොහුවල,270,271
c0a09806-50dd-4a7b-828a-5182e58d10b3,පාමංකඩ,271,272
0a5575fe-d8fe-49e1-b149-fc24b9984672,තිඹිරිගස්යාය,272,273
071c9449-0d97-4ba6-952a-ca403fef3da3,වෙලේවත්ත,273,274
9cbe185e-97b6-4f62-a4a9-c9644c45f145,තල්පාවිල,274,275
33f94cca-43ac-44bc-80cc-fccccb605d6a,කැකුණදුර,275,276
4133af80-8478-4043-b82c-87673e15f393,බණ්ඩාරවත්ත,276,277
9847c24c-4077-4b27-ad91-6a21bdf98715,පරගහලඟ,277,278
abe3c1d1-761b-4b52-9cc8-dd323b575514,අපරැක්ක,278,279
e9b71e05-f0b5-4e6a-b070-ee78db2bbc1a,කඩවැද්දුම,279,280
efcef500-a6ab-4fea-ba77-855739dd13b0,යටියන,280,281
51159e8d-7a7f-489e-a148-f26fe67ecb37,හිත්තැටිය (බණ්ඩාරණායක පිළිමය),281,282
ec0aa11a-b150-4afd-9bde-44344f5c9af8,ගොඩගම හංදිය (සුල්තානාගොඩ පාර),282,283
75466def-df07-49a1-bd46-a2ad88c2ea98,පාලටුව ජයන්ති පාලම,283,284
a3fe9fb6-b2ea-445d-aaf1-007ccc875baa,මාලිම්බඩ,284,285
6bc4a76f-cdf8-439d-9068-bab9c169670a,වෙනියකුල,285,286
203475b9-7e11-40c6-914f-d043ec372feb,කද්දුව,286,287
d3706cb6-c4b4-4f17-92e3-5c721b0c3627,ගණේගොඩ හංදිය,287,288
f515a791-0ccb-4e30-a7b5-e49c24c41f43,පරගොඩ උයන්ගොඩ මහා විද්‍යාලය,288,289
882ecf39-4d4e-42ad-bc7b-18fbec1ae404,පරගහලඟ/ඉහල විටියල,289,290
d5bdb9b8-9ff4-4637-9d3a-1e42ad7ab5d1,කඹුරුපිටිය බස්නැවතුම්පල,290,291
4bb319df-f0b6-4e4d-93c7-b8cff4f8ae62,ආඳපාන රෝහල,291,292
77a5d03c-a41e-4d90-9a27-521e9a68b8bf,රන්සෑගොඩ හංදිය,292,293
e5209063-4c90-40d8-91a8-b6fcc56f07e1,රන්සෑගොඩ උතුර,293,294
49b33daa-6522-448f-995d-7450ac9e97a9,මාකඳුර,294,295
10619d29-1dc8-42d7-83e2-b4bf89a0115d,බැරගම හංදිය,295,296
5446bb52-f59e-475a-8ef8-bf780a303281,19 කණුව නිග්‍රෝධාරාමය පාර,296,297
5556d34c-215d-4ada-a87f-cd656aa49e5f,මුලටියන හංදිය,297,298
15f92049-3471-447f-8556-954e19c6fb5e,නෙරලම්පිටිය හංදිය,298,299
fb7fe77a-5e94-45bd-988e-0e4efaeaa094,දෙයියන්දර,299,300
d585f09c-cd20-4669-b1c1-18cc70eb78dd,කුලිගොඩ සුමන විදුහල,300,301
d4b142af-7bce-431d-96f0-0807c3829284,ගලගොඩ හංදිය,301,302
ac0579b5-c1cf-45da-bfc0-0845d2e8327f,මීටියාගොඩ,302,303
a2a52916-013c-4166-8d15-597ee52b5d5b,තුඩාව,303,304
19ad8e42-c23b-40b5-b629-1a26871dd59f,නාදුගල (ජල සම්පාදන මූලස්ථානය),304,305
dbed915c-12c0-497f-afa3-80e7c7c9e5c9,බන්ඩත්තර (නායිම්බල මහාවිද්‍යාලය),305,306
b1c38d7b-20ba-4d6a-b46e-e2b44f83974f,තිහගොඩ,306,307
c9a543fd-47d9-4ae8-a9f0-5ec00292784f,පලොල්පිටිය,307,308
38f6de21-78fa-4993-8256-c7cdf19cec09,අකුරුගොඩ,308,309
0fb5b2a8-f0ec-4b49-9858-100369ad39a1,මාපලාන,309,310
32001832-e059-47f9-8f20-1a62cc5ff56e,කඹුරුපිටිය පොලිසිය,310,311
47d99b42-3040-4f1a-94b0-9d534874d279,උපරතන විද්‍යාලය,311,312
47cd2bb8-65fb-4856-a909-c26d85ffdb26,ඊරියතොට මහා විද්‍යාලය,312,313
f258c71f-8aaa-4918-a9bc-eb4c401a90e2,හොරපාවිට පන්සල,313,314
c240735e-4bbe-4ee3-ba62-c81f1429fe1c,හොරපාවිට උප තැපැල් කාර්යාලය,314,315
9945889d-a4b1-4a70-995e-1511f65a8cc0,බමුණුගම පන්සල,315,316
295d0cba-6fd2-4ca0-bfd2-c888aff489e2,රදාවෙල,316,317
49bd01a4-9231-4eba-b400-00fc4d3f71f7,කඩේවත්ත හංදිය,317,318
6fcd19ca-6a3e-42b7-bb06-04970a8dcc3a,දෙනිපිටිය හංදිය,318,319
d5f834b4-088f-4027-a955-727835002457,වැලිහිඳ හන්දිය,319,320
c493a3a6-d0d9-43ac-937a-275a2de6841e,උඩුකාව හංදිය,320,321
bfc6ddc0-b816-4e6a-b7c6-90ae9ca1907a,නාපෙ හංදිය/9 කිමි කණුව,321,322
2d8f7c1c-64a2-474d-aa3c-b92330f7b9bb,තෙලිජ්ජවිල/මාතර පාර,322,323
036debed-de03-4a10-a918-e4ab9b5e24c0,කිරිමැටිමුල්ල,323,324
5f02a7f1-adc3-4b07-8aa3-e6f7b0482312,බොරළුකැටිය හංදිය,324,325
019740b0-e943-4878-b460-ebe783ac788a,තුඹේ කෝංගල හංදිය,325,326
90dd6bd1-3b68-4ca9-ac01-f8bcbb7def33,ට‍්‍රාන්ස්පෝමර හංදිය-ඕවිටිගමුව,326,327
364d7dc4-9916-4515-812d-9db1641da4f6,7 කි.මි කණුව-ආයුර්වේද රෝහල,327,328
e77212bc-846c-4fde-8d26-38f0eef4bbcc,කිරින්ද,328,329
91a9b379-08e2-4081-9125-6a4e4dee8d13,ආදාපාන රෝහල,329,330
6b1f2cd2-1436-4b50-98e2-3a5bc2bb9af3,රන්සෑගොඩ උතුර(ම.වි පාර),330,331
78392360-18e6-4857-be90-cfdbe2850c0d,මුලටියන කන්ද ආරණ්‍යය පාර,331,332
5cf834ae-ab2e-40c8-ab49-9db4225be1ac,කුඩාපාන හංදිය(පිටබැද්දර පාර),332,333
655dfcc2-9df9-4128-822f-09568742202c,28 කිමි කණුව,333,334
e870bdfa-ea3f-4a20-a5c0-37301012a29d,මාවරල කඩපල,334,335
902d4ac6-ea93-4547-9a5b-e12254d1b8e2,පිටකොටුව,335,336
48122108-1485-47b0-99c2-aa0f509986b7,ජේතවනාරාමය,336,337
eb39efa8-6132-4c98-828f-69a46da5e59c,තොටලඟ,337,338
f0bb0c35-05cd-456a-b1fc-b03760541e95,පෑලියගොඩ (ඔලියමුල්ල බෝක්කුව),338,339
b45559c8-f346-4d83-a137-69a79805f625,වත්තල තැපැල් කාර්යාලය,339,340
9097671d-7aa4-4e79-9a4d-fd5c1e4028bb,මාබෝල,340,341
800c9366-5025-4ecd-ae56-5374ec0e540e,මහබාගෙ,341,342
31dfebbb-d5ed-441d-886c-d7ab4709c6da,කඳාන පොලීසිය,342,343
76d6c543-8715-482a-9a11-c01f0b74b824,කපුවත්ත,343,344
b8f121db-1cf9-4921-ab41-4cc11c0deada,ජාඇල බස් නැවතුම්පොල,344,345
a410b90b-069b-4784-bb38-5c5f882bd9ff,තුඩැල්ල,345,346
456fb917-fe61-44bc-a525-ce2bba997133,දඩුගම,346,347
72c756aa-d9b9-4122-a0d9-559bcfb17408,සීදූව,347,348
f5ea892f-148a-4db5-9644-ffdbe507bad3,ලියනගේමුල්ල,348,349
8504c246-9cd4-42b3-beb0-d28a3ec673a0,පෙරියමුල්ල,349,350
cda7b17a-c8a8-433a-917a-2af7fb6cbc80,දළුපත,350,351
049de51a-2d48-484b-8bcf-35f925873302,දළුවකොටුව,351,352
bed858d8-3cfb-46ed-8364-70cd919d4227,කොච්චිකඩේ,352,353
d9680200-6e75-4807-92a7-e6e05db02d50,තෝප්පුව හන්දිය,353,354
4fcb5da9-f290-45e0-a8e5-c8491344c84b,වයික්කාල,354,355
a97eb12d-2fe1-45ff-b041-54b092deeb81,නයිනමඩම,355,356
bf6d5503-0507-4ec1-a53e-ca8f8dc83aad,දුම්මලදෙණිය (වෙන්නප්පුව ඩිපෝව),356,357
917a4f66-dfc9-4f9e-bb9c-5b7b680875b6,වෙන්නප්පුව,357,358
0f54d9c3-76d6-40b7-ad95-c51ae04e2f90,කොලින්ජාඩිය,358,359
b6281262-3ced-4c0c-9e98-f597bb468dac,කටුනේරිය,359,360
d86b6ea8-24f0-4756-9d4e-9fc57e4c0bc7,මාරවිල රෝහල,360,361
cca1b8e2-9941-49cc-a5d3-8012b99ac160,මාරවිල,361,362
60e9159c-d771-4b3c-ad96-041bb01e3e54,තල්විල,362,363
5599bdef-2236-4d6d-838c-eb85ef8f1900,මහවැව,363,364
d96e4d77-4e63-4b76-83f6-d0ab665ef9e8,මාදම්පෙ,364,365
e7bce508-1d71-4008-8ba0-92192a2b63cb,ගලහිටියාව හන්දිය,365,366
a8c0b998-1da9-4607-b1cb-e2c957aa9835,පම්බල,366,367
98ed743d-f430-4682-a2ee-7b49874a6ede,කාක්කපල්ලිය,367,368
d43e19b1-4144-43a5-99ba-26c0e013c35f,මැරවල,368,369
f73d4b52-dbe5-4959-b666-d4d7e6ebe67e,හලාවත බස් නැවතුම්පල,369,370
eebf7c70-11ae-4245-8491-3de8b339cf61,තිඹිල්ල මෝල,370,371
bf3bc5a5-c690-4ce9-bdc1-751e789e0018,දැදුරුඔය පාලම,371,372
b6d462bf-888d-40cd-bc10-b23d86937a5a,බංගදෙණිය හන්දිය,372,373
7ccec0fc-763c-4278-b14a-7a569073b13a,රාජකදළුව,373,374
47326e5c-4531-43bd-9692-984917291791,ආරච්චිකට්ටුව,374,375
430e1e71-b50e-4219-93be-00f90598ddf9,නල්ලදරන්කට්ටුව,375,376
b0e2faf4-6310-4658-8c33-790f68a7028f,ආනෙයිවිළුන්දාව,376,377
dd8b7b1c-9b12-46df-a96e-01952d1f33f3,පයිනවේ පාලම,377,378
8a24d051-bb89-437a-aae3-46106f852856,බත්තුළු ඔය,378,379
1adf878d-d260-4a59-8f4f-95a7541194e5,තාරවිල්ලුව,379,380
a5d68b34-8c4e-4735-8d80-c08de49aa3a1,කීරියන්කල්ලිය,380,381
a904a459-2b84-420d-828d-82718669df36,මුන්දලම රෝහල,381,382
19f119c7-23fb-4b4d-8a4a-526e1a57efef,මුන්දලම,382,383
158b3fd8-bdb6-41bc-8686-e6aa044cd7e1,කටානහේන වත්ත,383,384
cae1baf2-011e-4c71-b161-bcbf13a4eeb4,නවදන්කුලම,384,385
4b4a6348-6097-4cb2-acd9-e5f4cf4f2b8d,මංගල එළිය,385,386
9069bd24-4d38-475a-b16c-fbc9848b5506,අම්බලවේලි පාලම,386,387
9d0a0f22-2393-40a7-87fb-1e6d1c58bebb,10 කණුව,387,388
77232c23-92a2-45b8-8b22-49482864718e,මදුරන්කුලිය,388,389
893bb8d5-2df6-4991-a50e-3c35ee7e0537,සෙම්බැට්ට පල්ලිය,389,390
e2c89bb1-6c5a-4866-b62c-d303d393f045,කරිකට්ටිය,390,391
4040e437-1e39-4409-9892-191cd2afd6a9,නාගවිල්ලුව,391,392
e6b20543-eb9d-49f0-9969-81233ae9cd52,පාලවිය හන්දිය,392,393
caee9f16-5537-4eab-9ce7-c60ded0a7e6a,තිල්ලඩි (2 කණුව),393,394
57482118-522d-4a54-890d-861231905c76,ලය රෝහල,394,395
f91ae484-d0d7-4e1f-b278-a1ee604962ac,පුත්තලම බස් නැවතුම්පොල,395,396
a0514359-f57b-49c4-8079-f2e90acc1fa9,සේනකුඩි ඉරිප්පු,396,397
42a0c988-583a-4830-aae6-d9a5ced5c8e7,3 කණුව,397,398
7b03c850-bfb7-448f-b115-a8a15345a2b8,4 කණුව (සිරම්බි අඩි),398,399
bf235097-ccee-4d6f-9f68-4c06c08e69db,6 කණුව,399,400
3b903a5b-2671-4c2f-9c36-ab76ac8a8545,7 කණුව (තබ්බෝව හන්දිය),400,401
f66a40e0-87b2-4b0d-9688-daf3b4fe8b1f,8 කණුව,401,402
ad56d72e-d52b-40b5-b2c9-ee1eaf0ba186,9 කණුව (කරුවලගස්වැව හන්දිය),402,403
6ad4a219-f157-4a4e-8c8e-457c3a4c3398,12 කණුව,403,404
31aec478-1b56-4c3c-9f9b-26d584124471,14 කණුව (පහරිය හන්දිය),404,405
064c5d4d-6392-4207-8241-a53e5be96dbc,15 කණුව,405,406
e7ef0542-2253-4ec2-8dd2-278214414017,17 කණුව (පහල පුලියන්කුලම හන්දිය),406,407
f0fc9b21-4c0e-44ad-a012-a4186f8f2f71,18 කණුව,407,408
14bb5ff6-52b8-4a4d-bfc7-4a5cabc41bcd,19 කණුව (පලුගස්වැව),408,409
ac1321dc-1a93-4f43-b3d2-6cf26f11a585,21 කණුව,409,410
53eff49c-05cd-4a98-b5f6-c909319812e5,මහයියාව බී.එම්.සී හංදිය,410,411
3eebb3a3-c308-438f-b049-6d154e3bab56,කටුගස්තොට,411,412
11b4439b-ebe5-439c-bd6c-febc2139c068,4 කණුව (පශු වෙද්‍ය කාර්),412,413
ceac011b-3feb-405e-9b1d-864a31036660,අඹතැන්න(බොක්කාවෙල පාර),413,414
d7f80c73-7a2b-4046-b088-ff49df005841,අකුරණ නගරය (ප‍්‍රා.ලේ.කා),414,415
4208cadd-a445-4068-94a1-95d44732d05b,අකුරණ 7 කණුව (කුරුගොඩ හංදිය),415,416
07e7fc77-8ce7-4eea-93f1-325b5b00e228,8 කනුව (කොනකලගල හංදිය),416,417
9a043879-e3b1-4621-bdde-01717887e6b0,අලවතුගොඩ (අංකුඹුර පාර),417,418
65cac919-22f8-460d-aad1-47e9427b9280,බලකඩුව හංදිය (කූඹියන්ගොඩ හංදිය),418,419
ec3a5a08-9b9b-42c8-9eaf-d8f1b6dbf662,වරකාමූණ (අල්නූර් ම.ම.වි),419,420
9ee0d4d0-3f56-4ee4-9f32-4d724babfd51,ඇල්වල හංදිය,420,421
edd51455-07c6-47dc-9ed5-d35b09d035b5,රෝහල හන්දිය,421,422
8cab4856-61ca-46df-ba91-361c7fabd05e,මාතලේ,422,423
8debe7b1-00f6-4a0c-8e2f-cfd33055a3e6,නාන්ගල්ල,423,424
1ca3e02b-94ea-437a-b28e-efe058988805,තුල්හිරිය,424,425
7fb79e83-3c03-4efe-b21e-ec561a7e9526,අලව්ව උසාවිය හන්දිය,425,426
b93773af-0f32-4f87-804f-1a2157f127bf,අලව්ව,426,427
f7062a9e-6e87-45e6-811b-caa81ddb89dc,කපුවරල,427,428
16054de5-06bf-4acc-a902-1824d8a20f6b,වලකුඹුර,428,429
8a418369-7653-4f67-a8ad-19914d197fa3,මොරවලපිටිය,429,430
76c135b3-e334-4e71-8b0c-6666521193ff,පොල්ගහවෙල,430,431
330f57bf-2c83-47d9-894c-b7131938fb8a,ගොඩවෙල,431,432
2cc13d0e-9c55-43ec-820b-2fd9487677ce,කහවත්තේ ඇල,432,433
1a0fe094-5aca-47aa-a409-416966130e8b,හොඳැල්ල,433,434
211259c5-683e-4dc3-bb3a-78dcac1a7779,බුළුගොල්ල,434,435
c40824dc-3bc7-4d85-a23b-83657c2a7e6f,පොතුහැර,435,436
3a5237e4-688b-4593-b1e4-c76b2cc28059,දම්බොක්ක,436,437
133a85a7-0fd7-4089-b48d-732976516ea6,වඳුරාගල,437,438
4a721e0d-c010-45f9-8b4f-b5d309deef9e,වැහැර,438,439
6949fe0d-1e78-4efb-9702-bd51c5e49a33,රෝහල,439,440
15216303-ea6d-4aae-844d-f9131a583604,කුරුණෑගල,440,441
408c5262-3496-4b64-b231-e89ec6872db4,පොල්අත්තාපිටිය,441,442
9b08845e-b5bd-43fd-8a18-63ea24258aee,2 කණුව (මුත්තෙට්ටුගල),442,443
26a1b6e4-833b-4279-9a34-dcff09378405,යග්ගපිටිය,443,444
29e75f8a-82d7-4c89-940b-17c32318671e,තෝරයාය,444,445
0d68d5aa-70c2-459d-bc85-20df4dd0209f,කිරිවවුල,445,446
28db5f9a-be96-4305-9378-bdbcc00f4a0a,දැදුරු ඔය,446,447
3810426a-bba0-49b3-b3ce-fe4ac1bf0a29,පන්නල,447,448
9266d3af-8772-4d75-92d7-c2b4328f83ae,ඉබ්බාගමුව,448,449
cc1aef1b-1109-4a7f-9577-6abb3921d410,තල්ගොඩපිටිය,449,450
25d51de3-59e9-4874-991f-42fedbfbaf78,ඉපලව,450,451
9e32aabe-d8f4-43e5-9fa4-84c8539c004d,පොල්ගොල්ල,451,452
66322b30-4568-4365-9a87-8d32719aeab3,ගොකරැල්ල,452,453
2e4ebe67-bc5e-4db2-9125-3cf176125163,අඹන්පොල,453,454
9f88133d-a8b7-4521-ae7c-58773ebe242d,මැල්සිරිපුර,454,455
3f4fa72d-ca1d-481b-b101-1a90a2b5532a,දියතුරේ,455,456
3390ad65-1d82-4369-b0c3-c0cf007c6b1b,නාබැට,456,457
20543d72-0daa-4eb0-8fa8-f47484c172e8,කූරටිය (පල්ලියද්ද),457,458
68af027b-9d3f-461d-9b4a-cd20bd48545c,ඕමාරගොල්ල හන්දිය,458,459
b091a684-c4f7-47ca-996e-24013352dec1,බෙලිගමුව,459,460
aaaa98a4-ec9b-4cc1-ab03-913cdf01c3fd,කනාදන,460,461
822c89af-65d3-4555-a12d-8f386e544b22,ගලේවෙල,461,462
d43895e1-7c74-490b-8913-349e6d894ec7,පුවක්පිටිය,462,463
7b60f893-b81e-467b-8716-d04ed2fa0385,කොළඹගොල්ල,463,464
c306a6de-d19f-453e-962f-9b77432f125e,යටිගල්පොත්ත,464,465
decbd7e9-e3ea-48d5-9f4d-df63e59be8c0,පහළ වැව,465,466
b0cc98be-f6ed-46ac-9d2b-61f7b2bde795,තලකිරියාගම,466,467
7f0469e6-a12d-41e5-bd8d-0b7d7acbeeae,ඉබ්බන්කටුව,467,468
2aad15ee-6c61-44cb-acb1-010affce48c8,රංගිරි දඹුළු කී‍්‍රඩාංගණය,468,469
2bfa17d7-9c66-4791-9771-ed8274e9c3f9,දඹුල්ල,469,470
444126fc-e760-41b7-af0c-0b11730d44b5,මිරිස්ගෝනියාව,470,471
6b24a230-c3b7-4d48-8f76-7723ce1afd03,පැල්වැහැර බීජ ගොවිපොල,471,472
42d679ba-2061-441e-a10b-70f26c832dfc,පැල්වැහැර කණිෂ්ඨ විද්‍යාලය,472,473
4586673a-248d-4db2-a587-db69d4055619,දම්පැල්ල/කද්දුව පාර,473,474
68747f04-98f4-4c67-98ac-9b3507bdfd44,10 කණුව/ඇල්ගිරිය පාර,474,475
029bf018-7b50-4890-abba-bc0b1af49a43,පරදූව/වලව්ව පාර,475,476
47816900-86ad-4c03-a89f-8ec0d4bd79b8,අමලගොඩ/ගාල්ල පාර,476,477
1107327a-349e-4c52-9965-7b73ab760eec,අකුරැස්ස,477,478
9e68c681-50d9-44ac-bb23-88269b2faaab,පානදුගම ඇනිකට්,478,479
fbfd4fb4-6096-495e-ba7d-d11cc8fd19c6,ගොඩපිටිය මුස්ලිම් පල්ලිය,479,480
76dc6dc4-0d20-46ba-9dc5-efee73d25ee2,වැලිහේන කණිෂ්ඨ විද්‍යලය,480,481
212f8042-2abd-4127-be30-4ac52c386b42,දිවිතුර හංදිය/බෝපගොඩ පාර,481,482
6039a322-8897-43c5-be90-a3ce369668e7,පුවක්බඩෝවිට/ධර්මපාල ද.පා,482,483
820e3df2-5c9c-4352-8c2e-a0f7aaca2934,දෙහිගස්පෙ රෝහල,483,484
7529349a-5b9b-4238-aae4-1cd4478c141d,පිටබැද්දර /ඇල්ල 12 කිමි කණුව,484,485
46e7eeb6-8f71-4fe5-afe0-86546370a372,දන්කොලුව කොටගල පාර,485,486
0987acc1-d86e-48bf-98f6-65d96e215f8b,බෝගහ/එනමල්දෙනිය පාර,486,487
83dee0f8-6f42-4729-8cc0-4def4ed04102,වංගුව,487,488
ee28b990-d26b-4425-b95e-26f2c5a8ac63,සියඹලාගොඩ පාලම,488,489
277ced81-396d-4624-9f4a-081cdae1758d,දියදාව 14කිමි කණුව,489,490
62181193-873a-4570-b474-f6cb604f5305,දියදාව කණිෂ්ඨ විද්‍යාලය,490,491
fa40c0b8-924e-4af5-bf74-74ccde6a0cd8,ඉරිදන්වල පොල /11 කිමි කණුව,491,492
d3ad7532-3068-42a6-8eae-b0a4ad877d66,අම්පනාගල 9 කිමි කණුව,492,493
2afb0973-3b04-424d-ad4c-8300fcc10ba0,පනාකඩුව හංදිය,493,494
0b46338d-da3e-4940-8437-5222f797c6a4,ඌරව හංදිය,494,495
029283bc-24fa-4016-822b-458ba4f025a2,රොටුඹ පන්සල,495,496
b4138641-3568-4404-8264-3b0d714ec495,නාවලේ කඩේ,496,497
978b8225-42d7-4b82-bfce-4003eceb718d,පස්ගොඩ,497,498
8cdf5422-f7a9-4a52-ae94-30c4239cebd3,බෙන්ගමුව පොල,498,499
684e7815-236e-40d4-aee1-e481203f35ee,ඉන්දොල හංදිය,499,500
8bb0a86f-d026-4999-b508-6c5f24b7f597,හිරංකොළ (චන්දිම ස්ටෝස්),500,501
87329a60-8d6b-4d3c-8822-174862d2f546,දම්පහල විදුහල,501,502
8a89aa9e-f056-4819-8746-3ca763fd453c,හීගොඩ (වරාපිටිය පාර),502,503
2f128075-9b37-4e4c-a6db-048548ff1c5c,නාගහ හංදිය,503,504
6b8d9747-0913-432d-9bdb-4beb1e649929,ඌරුබොක්ක,504,505
313aa64c-d85b-4088-922b-e58580d360c5,සරෙන්තු කඩේ හංදිය,505,506
cfeb06a7-984f-415d-a601-03664d2ac7b2,බෙලිගහ හංදිය,506,507
269c29fc-5944-446d-94aa-f13a1d4efe3b,කරාපිටිය,507,508
7c94acf7-2ff0-44ad-a438-ab041080aefa,තොටගොඩ හංදිය,508,509
54670b0f-15e0-45eb-894f-eca020702d46,දෙහිදූව හංදිය,509,510
99c77146-eb0b-47dc-9838-57e5f38bd4e5,කුරුඳුවත්ත හංදිය,510,511
02886c9d-c8b8-482e-a170-b203f3eaa807,ගොනාමුල්ල පාර හංදිය,511,512
bd4f7708-26ec-4222-8b42-d48d0b3f5d04,අටහවුල හංදිය-තල්ගම්පල,512,513
26ce16fe-7839-45f8-a1af-263ff4b65fe1,කොටිටවගම හන්දිය,513,514
eeb53b1d-0d03-4a1d-a973-4faa0c22f566,මාකුඹුර හංදිය,514,515
90f224b3-454f-40ff-bb4e-404cbdee5106,යක්කලමුල්ල බස්ගාල,515,516
ef34b16f-3958-48f6-9568-def18871484c,ගල්මෝල හංදිය ගගාවල,516,517
c637506f-35f1-4cd4-93ed-f11bda10fbef,සල්ගහ හන්දිය-කරාගොඩ,517,518
176d4205-eae0-4d55-90d4-085b786a80ca,සෞඛ්‍ය මධ්‍යස්ථානය,518,519
bf974a46-0383-49b8-9c6f-b4d6b55fbdd5,මාගෙදර තේ කම්හල,519,520
d0b07971-70af-41f3-a21c-a256526481ee,විලවිල හන්දිය,520,521
114e6c4c-0369-46bd-8e01-bb0b5ccf7f5e,කිරිගම්මාන හංදිය,521,522
073a0de7-f903-46e5-8f85-7f86a332ba92,කැටැංවිල හංදිය,522,523
25cc7e69-9e9c-4826-b75a-d0a0f1b46ea8,5 කි.මි. කණුව - නෙරලුව,523,524
eb622db3-f666-4e81-9ac9-670f39d5d67f,ඉලුප්පල්ලම හංදිය - 3 කණුව,524,525
ca5560b0-c289-4c6c-95d9-032d92068150,කොස්ගස් හංදිය,525,526
df895638-a4d6-4ff2-929f-f9ade723e071,ඔරුගොඩවත්ත,526,527
ebd418d4-db2a-407d-ab50-61c69cecaee8,වැල්ලම්පිටිය,527,528
738c8055-3913-461f-8bf6-5649e633b1e4,කොටිකාවත්ත,528,529
4bbc864d-0156-443f-afc8-b57ab3b539b7,ටයර්කඩේ හංදිය,529,530
facd8248-4b06-426c-ac0d-eeaa52cc484d,අඹතලේ,530,531
4336bafe-c779-44b4-8583-3d2c5f6ba719,වැලිවිට හංදිය,531,532
07b025e3-8ae0-4865-bc35-6bfa933a834e,කඩුවෙල,532,533
706f4ed0-89ca-4ef2-a629-9e0aab4c926b,බෝමිරිය,533,534
9cb3b10b-19e0-49dc-98bb-fd5169f85b4d,නවගමුව,534,535
6e5af502-56df-4700-a505-073de1ebe076,රනාල,535,536
6e9bcf71-4372-499b-8e61-599e282fccbb,ආටිගල,536,537
c4f19ea1-725e-4c5a-ac26-d5e05e6a8ecb,හංවැල්ල,537,538
a846b35b-a89f-447d-b48e-ad0e8e271da1,කළුඅග්ගල,538,539
84dd9ef4-8b0f-4498-b95c-aed38ef5a399,සුදුවැල්ල,539,540
a66f1fef-ef04-4984-898d-66d6e368b7b4,ශාලාව,540,541
668651c6-e5f2-4e36-a774-7e0baf6c1753,කොස්ගම,541,542
69ba883d-3854-471c-84ae-22f4a7a2fb48,අළුත් අම්බලම,542,543
6821182e-6f4d-4827-aa05-590845dcacd5,හිඟුරල,543,544
6a101ce7-1ae3-4fe7-ae60-7a60fd7bc70e,උක්වත්ත,544,545
ea125cfe-b231-440b-b04a-a10c69a2f537,අවිස්සාවේල්ල,545,546
f7ce78a8-926e-4bc4-818b-9415f1c66582,මාදොල,546,547
1cbda501-b9c9-414f-af3e-76cbda49c8f7,දෙහිගහපිටිය,547,548
8c290c07-675e-48f9-ad5b-f7f085684bee,ගැටහැත්ත,548,549
2aa9dc41-1b2a-48f5-9f29-1ddd0532551c,මින්නාන,549,550
ee6f7c65-1950-4b80-8f5b-450aba9d42ff,තොරණකඩ,550,551
4db72af3-2d91-42cf-b4ba-c0e709436712,මෝරගල හන්දිය,551,552
b3b375b7-cb8e-4763-9a6f-750809b7f864,ඇහැළියගොඩ,552,553
a2a7efcf-f4f9-43b6-9271-d6e0b944a2b5,මාහින්ගොඩ,553,554
85bb1c06-5697-4ea7-bada-f6e495a43ab9,තලාවිටිය,554,555
e7eebceb-5d06-4cfd-9900-86ea4d206016,බෝධි මළුව,555,556
cb27532d-4145-4f78-a763-9a29f43c29d9,පරකඩුව,556,557
252e8322-b0d5-4c2b-985e-d1808f6f7381,තිරිවාන 43 කණුව,557,558
13a43704-8959-4946-9639-8519af4a5e0f,පුස්ඇල්ල,558,559
d0f0a122-0942-4e16-b1a1-f4b9294cc387,මිල්ලවිටිය,559,560
8ca34aa3-8a73-4193-bd7c-f8446ec328e0,හිග්ගස්හේන,560,561
d8bf8806-1e51-4c61-92bd-aac0b70a9df7,කුරුවිට බස් නැවතුම්පොල,561,562
bc77f58a-8e86-4d1d-96fe-bd530f6eff73,පැරඩයිස් හන්දිය,562,563
ff206aa1-4c36-40c4-b526-8bc66706c9db,බටුහේන පාසල,563,564
af923288-9676-4dcd-b3d3-4b3c58fa7474,පණුකැරූපිටිය,564,565
b38ab495-fd6f-4eb8-8a87-ff76ecaf42d9,ෆාම්ගාඩ්න්,565,566
3018cb8b-1b5f-465f-b4ce-300d0914db0c,රත්නපුර බස් නැවතුම්පොල,566,567
0e4ee332-b75e-479e-9015-a65599098557,රත්නපුර ඩිපෝ හන්දිය,567,568
11f9297e-d135-486e-9936-01cb463298b9,බටුගෙදර පාසල,568,569
07655c30-6529-4bed-8f69-4617860c7d1b,තිරිවාන කැටිය හන්දිය,569,570
f8528bd0-6bbf-47b0-b79b-08b5a3e71e5b,පැල්වාඩිය,570,571
93d06035-34f5-4b05-b8f8-ea9310e299b4,පතුල්පාන පාසල,571,572
49e4ec2c-9b1e-4a14-b598-3846ad2669b9,වැලිමළුව,572,573
383832fd-6e6c-49b9-b2b9-8d41e8923a52,ලෙල්ලුපිටිය හන්දිය,573,574
2a5d9836-d20f-4cb3-bc86-9a6f66609cb5,දිප්පිටිගල,574,575
49aca297-4878-49b0-83b9-25e51104eeff,පාතකඩ,575,576
7a5816cf-9c72-41ef-8761-3a1d828cecdc,ගනේගම,576,577
f2d21f60-417d-4c80-b799-f7884e0a184e,පැල්මඩුල්ල බස් නැවතුම්පොල,577,578
2b2d8e38-348d-4315-be18-525c069c06a0,බටලන්ද,578,579
ac61619b-4dfa-4fa2-a2e1-6a793af60c0c,පනාවැන්න 4/5 බෝක්කුව,579,580
88ba55c8-8104-4230-bb91-ac0a11017b69,කෙටේතැන්න,580,581
3f1034ea-52ec-4d17-bd2a-77f3badcc03d,කහවත්ත බස් නැවතුම්පොල,581,582
15fdaaaa-6b3d-4d42-891a-abb4b0d80988,යාඉන්න හන්දිය,582,583
8e0208c3-c75a-40a7-835d-8fda1ae7b586,ඇල්ලගෙවත්ත,583,584
bff1ab06-6508-4bbb-af1d-0c1041bc3cf3,අම්බලන්වත්ත 12/3 බෝක්කුව,584,585
42d4a3a7-843f-421a-be4b-f8f8bfcf1e12,මාදම්පෙ හන්දිය,585,586
1df2f3be-ae07-4b79-9697-a27ee6fcc8a9,කවුඩුවාව,586,587
ba4db17b-cde5-4732-b87e-e31e690e650f,අල්පිටිය,587,588
56770961-3e43-4ec3-af58-a72b2d00a8b2,මල්වත්ත,588,589
36348ccf-d3b3-4897-9c97-d66208fff6e4,ගොඩකවෙල,589,590
64c83257-7c46-42f7-8a53-b5579d333501,කොස්නාතොට,590,591
bf3839f6-1497-4171-a561-ac62b515b819,බලවින්න නගරය,591,592
c079b72c-a8ea-4b28-bd26-8a6e45aeaa8e,කරුවලගහ වංගුව,592,593
197e0def-5eaa-4260-933b-f11a185fe426,පල්ලෙබැද්ද,593,594
c65dfa55-c3f3-4330-8cd5-99980e0d0015,ගිරාදුර,594,595
3cb6c6b6-5004-48b9-a074-24a0c41767d5,කොස්වැටිය බෝගස,595,596
960653ba-9f02-496a-a63d-7421da54f0d3,දෙමටගල,596,597
ec693aa2-4742-407a-b31f-88cd39c2aaeb,සංකපාල,597,598
0780816f-c7c6-4a82-ba4c-8b5a6bfdd644,කොළඹගේ ආර මහා විද්‍යාලය,598,599
10713a0a-56c2-447b-b426-65fddaa14745,කොළඹගේ ආර,599,600
2ec14b9d-b990-48f6-b24f-1a40e06a484f,උඩවලව හන්දිය,600,601
c8b087ce-911c-424a-8362-508afc9fdfdf,96 කි.මි. කණුව,601,602
440f0876-00f3-4f3e-9609-f51cfada8528,98 කි.මි. කණුව,602,603
1e9f3d97-b4a4-49ca-bb88-e136bd76e67f,99 කි.මි. කණුව,603,604
f34502cc-1270-4b0b-b7d2-70ae5c3f9945,ගල්වංගුව,604,605
29f92719-ff88-43c2-909b-3a784f9f3f71,උඩගම හන්දිය,605,606
c6f55191-0269-4fe3-9134-fa333e56e708,ඇඹිලිපිටිය බස් නැවතුම්පොල,606,607
d91c8051-ebfe-44e4-a5da-7b8727699f35,ඇඹිලිපිටිය ඩිපෝව,607,608
1336e736-58fa-48c5-a092-6ef523dc57dd,චන්ද්‍රිකා වැව සොරොව්ව,608,609
8115aa0b-f364-4d0a-b12d-e239c496a347,තුංකම,609,610
f663b537-8e35-4483-9fb2-50e91aedd39e,හාගල කරවිලයාය මහාවිද්‍යාලය,610,611
d2f3b740-77dc-4aff-906c-143e967de811,කුට්ටිගල,611,612
0744168c-6841-4c58-8776-70056283852a,පදලංගල/සුරියවැව හන්දිය,612,613
7a0a99fe-296d-456e-912d-1ce89ee928c0,වෙලංගහවෙල (ජූලංගැටේ පාර),613,614
d7a5e269-2afc-49bc-bbd9-a007f647d4b3,බරවකුඹුක (පොළ),614,615
28651fc8-759c-4538-9b54-86687ef2ba92,වැටිය හන්දිය,615,616
d0fec052-34e1-4230-95f1-d731b76fc822,වැටිය 7 කණුව,616,617
a5242188-08be-4375-9712-41941d724fb3,පල්ලේරොට,617,618
aaf1689e-4521-4d5d-9a65-e9c9384f8042,හැඩවින්න මහා විද්‍යාලය,618,619
634548cd-3beb-49a9-b709-6d6d0d20ea33,මාමඩල,619,620
5ba198b9-458d-4ba2-af8b-71a5294fe8d5,බැමිණියන්වල,620,621
5e8741c7-7216-4554-978c-a4b3974855d3,නුගසෙවණ,621,622
0d3c4042-7fa2-4015-888b-4252e3a9a7b9,නෝනගම,622,623
120d2b4e-8422-4f09-bf8f-365d592e8d08,මල්පෙත්තාව,623,624
000b4d72-07e9-48d2-82f8-3859c814c133,අම්බලන්තොට බස් නැවතුම්පොල,624,625
3a415e49-1b3e-48e3-a708-a7e1b95e1338,දෙහිගහලන්ද හන්දිය,625,626
6a96af24-fda8-4d1e-a772-1c98ccfeb9ed,අම්බලන්තොට ඩිපෝව,626,627
ac17b344-1042-4424-971f-511789f3e1b1,මිරිජ්ජවිල(සූරිය වැව පාර හන්දිය),627,628
c75e98de-de58-417d-b998-1762ac0fcb9b,කජු සංස්ථා නිළ නිවාස,628,629
7c09e56b-1980-4955-9c5a-82c9a1dbcf8c,කටුවැව ගුවන් පාලම,629,630
f6e68679-0031-4e78-949b-ce1c7a852d1a,118 දුරකථන කණුව,630,631
9e3b5ef1-a10d-4322-9121-b9384cc0b4d0,40 බෝක්කුව,631,632
425580da-b538-4cbe-85cb-3dd370bf939a,සිප්පිකුලම,632,633
ed81c2ea-c2ad-4df5-904d-dfa7eef8f324,හම්බන්තොට,633,634
2080a504-258c-43cf-b04f-025c03feb9b4,හම්බන්තොට ප‍්‍රා:ලේ කාර්යාලය,634,635
a19a220d-0fa8-4e1c-8e41-9aaef57f26fe,මහලේවාය කාර්යාලය,635,636
81d12a46-230a-46ed-94d6-b70c2ddd2202,කොහොලන්කල (කෝසලාරාමය),636,637
f5cc8ae6-a851-4199-a65f-25f4e68df09c,උඩමලල පාසල,637,638
273c5bc9-4929-4d5d-8607-ed73487ee58a,පල්ලෙමලල බඳගිරිය හන්දිය,638,639
ffacc5cc-2316-42f0-ab54-6a1792b1bf38,වැලිගත්ත හන්දිය,639,640
7f147bb3-c563-4c96-a7a8-8aa6e87a5271,10 කොලනිය හන්දිය,640,641
d0977693-9a4b-434d-b50d-f5c671d271cf,තුරු සෙවන,641,642
a6e43cc8-2802-4b03-a05e-94a3db04587c,වීරවිල සිර කඳවුර හන්දිය,642,643
8fed9e6c-c04a-4b13-b0d8-2aaa1a5c9653,වීරවිල හන්දිය,643,644
2005c371-6567-4551-97c7-af17dc254b24,වීරවිල ගොවිපල,644,645
7c1bc9d4-1ed7-4b80-8fc0-e4bed133f8c2,මැදවලාන පාලම,645,646
da1fd7c9-0d28-46c0-94f8-79ee36d20746,දෙබරවැව හන්දිය,646,647
f1d58768-e531-4f16-b513-7e52fe9a8cb7,පුංචි අකුරුගොඩ හන්දිය,647,648
8044d21b-85e5-4db2-9d1e-6865aa171ea6,තිස්ස බස් නැවතුම්පොල,648,649
051effcd-d32a-4ace-a102-e8d3b7d40d1c,අකුරුගොඩ උසාවිය හන්දිය,649,650
5fd6ce1f-06c3-437a-9b51-060e79f1da87,මහසෙන්පුර විදුහල,650,651
f2b4c221-cb4a-4b2f-b696-5a3c2e9cd072,බෙරලිභෙල හන්දිය,651,652
34820191-6e8d-45d1-8c18-df0294b4ab17,ජූල්පල්ලම පාලම,652,653
ba41b6c2-b635-439a-9702-aaa05eadc0d1,රන්මිණිතැන්න හන්දිය,653,654
6b04faad-6641-4ca2-8026-8119ddcc4782,බෝගහපැලැස්ස පන්සල,654,655
4a368b0c-760e-44fe-8d11-9878b8c78ae2,හමුදා කඳවුර,655,656
418b5db8-c38c-498f-8de9-b04ca716e336,ඔර්ලෝසු කණුව හන්දිය,656,657
6ca0985d-eeea-4276-9dc8-c996eef25cf9,වැඩිහිටි කන්ද පාර හන්දිය,657,658
d3f20ffa-1271-45d2-9c48-be8402fdc8a4,කතරගම,658,659
1f57fa8f-c088-4a79-919c-cfd12e86e016,ඇඹිලිපිටිය යුද හමුදා කඳවුර,659,660
f91c7fa0-2f4f-4e83-b790-342cff36a0b3,කණමැදිආර හන්දිය-පොලිස් මුරපොල,660,661
9cc89fd1-f830-4d3a-ba43-24ddd3fe19ce,රත්මල්වල හන්දිය,661,662
dfdbf7ae-940b-43ca-98fe-abebf6b9b8ac,කැන්දකැටිය හංදිය,662,663
dc31d94c-f00c-4094-bf7c-e3ee972199cc,දබරැල්ල ම.වි.,663,664
caf7503f-d36d-4bc1-9d10-e9ec4f43c2f6,දබරැල්ල බෝධිරුක්ඛාරාමය,664,665
690ad74f-a714-4999-ac88-aa4682d8cb5a,තලාව හංදිය,665,666
ad9892d8-f24f-4485-aa96-e35e1e553b94,කූඩගොඩ හංදිය,666,667
befb35fd-269d-4492-b2cc-61f1c7d5fe0c,මුරුංගස්යාය හංදිය,667,668
ab50931c-9b5b-4b7d-830e-95d80e411d78,මිද්දෙණිය,668,669
212bb01c-028c-45ef-ae85-be8a2eb69910,නව නගරය/ආර්ථික මධ්‍යස්ථානය,669,670
f193d9b1-ba64-4ed8-b385-e06eb2ecd6c2,"""පදවිය",670,671
71fe3a69-131a-4f12-a4f1-6b10db83786f,කුඩුගොඩ ආර රතනාරාමය,671,672
b5d05d08-72a1-4019-a831-c4b7b58db30b,කාවන්තිස්සපුර විද්‍යාලය,672,673
5c2ae88b-563c-4de4-bc71-c20b22de7c03,ලලිත්කඩේ හංදිය/කූඩගොඩ පාර,673,674
95e22267-7e5b-4a80-9437-9d34f10cdc30,තෝරකොලයාය හංදිය,674,675
30e54a1d-53d5-4381-a0e4-69f15c345729,වගාව/ගාමන්ට්,675,676
0d6bced5-de86-4e81-b217-237e62398349,දෙබොක්කාව හංදිය-මහ විදුහල,676,677
7826665f-8d75-4d61-8eed-119def6b5806,තේක්කවත්ත (බූවලිආර පාර),677,678
1d87e5c4-cee5-467a-8f7f-35ee3e00fa76,ගෝනදෙනිය (බෝධිය හංදිය ),678,679
ebfc1140-da5e-430c-a129-f08355c4a548,අඹකොළවැව පාර,679,680
dc86d8c2-0a17-454f-a01e-3753f8f353e4,3 කණුව (මොරයාය පාර),680,681
66296d4c-c367-4a8f-85c6-907a3e258497,අත්තනයාය,681,682
ed98eced-c211-4b20-a5d7-2273631144ca,පල්ලේමූලන පෙරපාසල,682,683
05339865-5282-4399-afa7-f40d16702020,මැදමූලන හංදිය,683,684
990e3960-14c6-4fd1-a8cd-dbcebfa97225,යග්ගස්මුල්ල,684,685
6b85cb3d-30f8-45c6-9359-d2b48d81c8f4,වීරකැටිය,685,686
0c9b7d63-3995-4eb7-9a07-38bb6ef484bb,කැප්පිටියාව (සූනීතගම පාර),686,687
93ea2850-73c6-4ce0-a0a4-4a487db732a1,අතුබොදේ (උ.තැ.කා),687,688
19b09b86-e741-4730-9352-2f327d80c169,පඹුරාව (බෝගහ හංදිය),688,689
204e0b15-4b21-4133-a510-56f67c6b0275,වලස්මුල්ල,689,690
11a6d172-b6f7-42ce-8cf7-01413b486b0b,තෙල්බදුආර ශ‍්‍රී පුෂ්පාරාමය,690,691
7f448bad-8730-464a-afe5-d74bf69ff96d,3 කණුව කෝන්කටුව විදුහල,691,692
efcad967-fc8c-4fa0-8c82-db4eae7fd950,4 කණුව හංදිය,692,693
37417137-eb73-443e-a830-5cb7bad665eb,5 කණුව හංදිය/බණ්ඩොක්කයාය පාර,693,694
34725dab-d9c6-4a1a-9ea9-2704cdaa6216,පනාමුර හංදිය/කොළොන්නපාර,694,695
6fa6080c-b05e-4054-8d3e-bc61d2f08217,7 කණුව (වෙදගෙදර පාර),695,696
0935d8e4-8f52-442e-a085-e546ed9221f6,මහයාය හංදිය,696,697
d1fd04cf-d230-4f2f-8dfb-faa1923df7ec,9 කණුව (15 කි.මි. කණුව),697,698
c1e49160-9232-4a1b-b70e-64eee3f0686b,10 කණුව (ධර්මාකර විහාරය),698,699
8ea93cc5-ee2e-494b-82f7-c9a93b52b712,කෑල්ල හංදිය (ඌරුබොක්ක පාර),699,700
842ffbed-ec40-4414-b566-08d1b05a4e16,අඹගහයාය හංදිය (කරගහයාය විදුහල පාර),700,701
02bdb034-0000-4c93-b4ff-e2b33f0413ff,මඩුවන්වෙල (ශ‍්‍රි සාරනන්ද විද්‍යාලය),701,702
378e1f0d-02cb-4f17-9b5c-fc836a9fb351,ඇලඉහල (මුදලින්දාරාමය),702,703
a4928d1e-11e5-4aa8-85bc-c998d49431c3,කොළොන්න,703,704
e526a8cd-8551-4399-b9a2-65d543a8d0dd,1 කණුව බෝධිය,704,705
9d3b060f-3c4b-46b2-b04b-1f76063a067f,මොරකැටිය මහා විද්‍යාලය,705,706
a5f8f5fc-3348-4e6b-899e-448b36b198ea,මොරකැටිය හන්දිය,706,707
f92b10c7-dae7-47fe-9745-33e2c792c35f,මහානාග මහා විද්‍යාලය,707,708
4868fc74-ff9c-4f0a-a813-828e92cf9b82,ඌරුසිටාන සොරොව්ව පාර,708,709
acba2572-8478-4a13-92bd-93ab32e44dfc,හත්පෝරුව හන්දිය,709,710
b5bd317e-314d-4a04-90e7-22b3818f82de,වීරියගම (නයිගල පූරාණ රජ මහා විහාරය),710,711
0a57bdc6-6a22-4093-8095-77ce576c0f9c,ගල්වැව හන්දිය,711,712
e617da8a-c52c-428c-aff0-ac74c7317c7b,සූරියවැව,712,713
4b4afd93-4eb0-4904-af7f-7c03c5790516,කලා ඔය (විහාර හන්දිය),713,714
d5db78a9-10d8-4b86-9986-627d4afbc06f,පුත්තලම හන්දිය (තඹුත්තේගම හන්දිය),714,715
a8fd086f-9f4d-4e46-b960-f4b532d31dd9,තම්මැන්නාව හන්දිය,715,716
0836a179-80f3-49c8-9c59-8a4e1fbcca87,පහල මාරගහවැව,716,717
3c55bbc1-c37a-44be-9874-58608ee34767,විල්පත්තුව හන්දිය,717,718
3bbd48e3-94c6-4b51-828d-33d31ac8971b,නැකැත්තේගම,718,719
554252ea-ed9e-4a8c-bdfb-4d5f4e2522f7,ළිඳවැව පාසල,719,720
f0e51376-8c38-48c9-a7ae-388fada83a3b,30 හන්දිය (දුනුදඹුවැව),720,721
cdc852e6-e5b3-47d9-aa6e-9396c1a7f5c7,නොච්චියාගම,721,722
55461cc3-5651-4ab1-938c-e40bcdaf4b90,මුදිතාගම,722,723
b08f1277-ad2f-4d1a-9ef0-2814a0e9f5c4,සිංහාරගම හන්දිය,723,724
69932fdd-f56f-4237-9956-7569ecf19b05,ඔතප්පුව හන්දිය,724,725
f7413a8f-06e5-49b4-bfde-98c5610abb27,ගලයාය හන්දිය (තලාව හන්දිය),725,726
45b434c8-6a71-4018-9406-a6f429af5263,38 හන්දිය,726,727
868f5649-d25e-4e78-865e-d773c99388d2,මහබුලන්කුලම,727,728
e5735ad6-20f6-4070-96c9-9f105abd551b,උළුක්කුලම,728,729
b6a51588-a3fe-4c65-a82e-984758cbf7ae,කොරකහ වැව,729,730
cce081f1-f54f-4163-a722-6c226a4a37ba,පණ්ඩුලගම හමුදා කඳවුර,730,731
0ea2dfe3-45fb-4da8-ab64-b64e6b5e17c9,කුරුණෑගල හන්දිය / 2 කණුව,731,732
a69e400d-3410-4470-aa6a-5ac6d0546f4f,අනුරාධපුර නව බස් නැවතුම්පොල,732,733
c54b8c55-027a-455c-9c67-5e45accc2295,අනුරාධපුර පැරණි බස් නැවතුම්පොල,733,734
d0d79fea-be09-41ce-a287-ab8585fe5d6f,යාපනය හන්දිය,734,735
fecd627f-58e6-45a7-99e6-a9a9117ded36,2 කණුව (පානියන්කඩවල හන්දිය),735,736
0fe8cd53-3da8-4252-bf22-a67137789b65,සාලියපුර හමුදා කඳවුර,736,737
19c6f0e5-52c0-42d1-999e-33a5924961b3,මාන්කඩවල,737,738
41e27056-fe10-4203-80dd-edd462c2ea8b,පරසන්ගහ වැව,738,739
b403479c-7c91-499b-a0be-0a7e0e912aab,ගෝනෑව හන්දිය,739,740
4e2863f5-69e6-4163-9c61-5a2b79a5f08a,රඹා වැව,740,741
5fa499db-4186-48bb-9988-aae345b2f71d,රඹෑව,741,742
ae75fc69-af66-42f1-a2f0-16cceaae6a37,වේලිඔය හන්දිය,742,743
069f1420-4b5e-441b-824d-a40c372bc51c,ඉකිරිගොල්ලෑව,743,744
f5df312c-8341-4faf-a2e3-d0772adf99ce,වහමළුගොල්ලෑව,744,745
d491f23e-ad22-40b2-92de-e96b5677589f,සංගිලිකනදරාව,745,746
741ab1e2-89e0-43d0-b58f-631e5ed57cad,මැදවච්චිය නාම පුවරුව,746,747
80cf6658-0359-47f3-a2ce-dacb46a5b1d0,මැදවච්චිය බස් නැවතුම්පල,747,748
36e2bffd-4676-4fd5-855c-d2ec558c787e,51 1/4 සැතපුම් කණුව,748,749
a9f0b2c5-2055-4f88-8ada-40e99ed809ea,මැදවච්චිය දුම්රිය ස්ථානය,749,750
4dabc46f-d5a3-41a3-838d-226820f4aa85,කඩවත්ගම,750,751
2293ac4e-d1db-4900-82f6-7a27ade64e14,7 කි.මි. කණුව,751,752
de6f9c9c-06d2-402d-a275-1cc7612ba03a,රම්ඹකුලම,752,753
93399324-f071-46f7-b674-a27c7480700a,යකාවැව,753,754
2e26bd47-c976-4dc4-aeb2-1c9b4804d1e6,පේකුපු ඉඩම්,754,755
55a4de54-8aab-428f-931e-cf1b40ad31ce,මාන්කුලම,755,756
5552112c-647c-4ba6-b1fa-6c7facb448ed,නේරියකුලම,756,757
0224b9ee-6b66-4637-bb8d-ecf5c53aa6f2,තන්තිරිමලේ හන්දිය,757,758
29d3f283-51e7-4386-9024-a40c625e7665,මුදලියාර්කුලම්,758,759
b50921a9-3e63-4678-b8fc-c4bf90ce9187,මුහත්තාන්කුලම්,759,760
6ab8ff1c-5c1b-4971-af44-490b8d055d61,චෙඩ්ඩිකුලම්,760,761
13b3e03a-a225-4a50-83e9-3dfb35ab04d1,27 කි.මි. කණුව,761,762
0db81824-7edf-4b92-af3d-1af736c179e5,කල්ලාරුපාලම,762,763
94739623-4ebe-4d6d-b491-227563f0a0b9,32 කි.මි. කණුව,763,764
ba944653-8e04-43be-9a24-5fba4b11e91a,ආඬ්යාපුලියන්කුලම්,764,765
85b51f0f-c35e-4127-851d-3e7ab4e788f8,ඌතඩි,765,766
c62b49e4-dd8c-4526-8ea9-50e9bd6ba262,පෙරියකාඩ්ඩු,766,767
76dd9807-74c0-4f97-b972-4dd075745640,41 කි.මි. කණුව,767,768
5bbf2b6f-dede-4662-bf32-f082df668f9b,පරයනාරන්කුලම්,768,769
9c70a74b-6ab5-41b0-a1a0-8f7e52c66cf2,කුංචිකුලම් හන්දිය,769,770
e13eb3ac-ffcb-41de-b954-703140fedc9d,මඩුපාර,770,771
5534ff69-11eb-45d9-92da-6b831b98a1a9,49 කිමි. කණුව,771,772
f27dec2d-b689-43c1-8676-a15dea2256cc,කඩ්ඩෙයි අඩම්පෙ,772,773
f6094a90-bdaa-4a0b-a621-2c30e945277a,පන්නවඩ්ඩුවාන්,773,774
d7a48990-73b2-4a92-9ef5-185d7d432518,ඉසමාලෙයි තාලු,774,775
f3503019-95c5-46f1-a4f7-baa4f7f5d482,ගල්කඩන්දකුලම්,775,776
ef6afca5-0276-4d88-8e8c-bc954c4af9e8,මුරුන්කන්,776,777
0ddfe88c-a2f8-4fb6-895b-a6445b3cffcd,සෙම්මන්තීවු,777,778
f4a1d5e8-c1a1-4304-ba90-3136076fdd5f,අගතිකාලි හන්දිය,778,779
56878090-1b8d-4722-ac4e-e1ec0fdd594c,උයින්තරාසන්කුලම්,779,780
61f994d4-0bdd-4207-919d-4276af33050a,පරප්පන්කන්ඩල්,780,781
eb417fea-9e0f-40dd-ae98-6b13d9be6204,උයිලන් කුලම්,781,782
c824e1f7-c06d-437e-b654-ff95253ae621,නොච්චි කුලම්,782,783
60381efd-78da-4bc5-bf7d-ab308b2ecfee,සේරුනාවල් කුලම්,783,784
dded8919-b841-4290-a73c-ddb25ec2bdb4,තිරුකේතීශ්වරන් හන්දිය,784,785
62c91bce-0bbe-4934-9787-98359baa922c,මුල්ලපල්ලාවි,785,786
604b17af-9ba5-4ca9-b0d7-e11df906b619,වාන්කාලෙයි හන්දිය,786,787
630087cb-f57e-4b29-9566-c18660c23d62,තල්අඩි හන්දිය,787,788
020b7b8e-26d6-462c-9c4e-4a20464b1b74,83 කි.මි. කණුව,788,789
8c7d1c0a-1719-4223-ad7c-16cfe3029ed2,මන්නාරම,789,790
eeb95ec0-dc63-4a6c-99fd-0cfb9c9397ab,පෙරියකාමම්,790,791
38a88106-2d71-42dd-8df0-6bc6a287596a,89 කි.මි. කණුව,791,792
8bd646f9-1a3d-4ac7-b437-74a346878bbd,තාරපුරම් හන්දිය,792,793
27d31d82-55ef-4016-a726-dfe1d4348c0c,එරික්කුලම්පිටිය හන්දිය,793,794
95998267-7bfe-4370-bd08-59bea333c7bb,කෝනාර්පන්නෙයි (පුදුකුඩි ඉරිප්පු),794,795
dfa4fb7f-1a8c-4e93-890b-68c682620cb0,ඔලයිතොඩුවායි හන්දිය,795,796
9779d2c0-92cb-4966-a3f3-450285f0faff,පෙරියකරයිසල්,796,797
51a935e1-d0f9-4577-b878-b416fbd32041,සිරුතෝප්පු,797,798
2e42d024-725c-4a53-9af2-aa06f984d8f6,පේසාලෙයි,798,799
ac3e62f4-9dc2-41cc-bcda-6951b15ca7ce,තුල්ලුකුඩි ඉරිප්පු,799,800
adff7bad-9483-4911-ac5b-3bf42e0ce0d7,නඩුකුඩා හන්දිය,800,801
94ea69aa-5527-4fa1-82ee-8b63330228ca,කීලියංකුඩි ඉරිප්පු,801,802
53db2445-806f-414c-98ca-f8b5fd81c07c,පරිදිපන්නෙයි,802,803
7fa735a4-04ea-479d-9186-3de029424cc9,කඩ්ඩුකාරන්කුඩි ඉරිප්පු,803,804
97f2725d-c181-4c63-828b-616a9e361b0d,තලෙයිමන්නාරම විලේජ් හන්දිය,804,805
741f467d-168e-4145-bdfc-d8b6c2f5cb41,තලෙයිමන්නාරම පියර්,805,806
2f24f6b8-0baa-486c-ac1c-bda185c68140,කැබිතිගොල්ලෑව හන්දිය,806,807
1c4ad53b-af74-460a-91e9-0e9f41d1bbfc,ඉහලතම්මැන්නාව හන්දිය,807,808
091fbdb1-4e2d-4866-a623-1b2c7c832674,3 කි.මි. කණුව,808,809
9f4ed3dc-4e85-45ce-891a-0830b69036b1,මහදිවුල්වැව,809,810
bd71a7f5-552b-45b1-b2e4-251babe7ab61,ඇටවීර ගොල්ලෑව,810,811
0a10e787-560c-475b-8153-4f1f1209ddc8,කුඹුක්ගොල්ලෑව,811,812
ad0a3bc4-4d73-4a36-ad8b-a316244d6a37,ඇතාකඩ,812,813
f255d342-c5f8-4680-a165-747474b3507d,14 කණුව,813,814
ff78dd39-883f-49d9-b159-fd198c0beccd,ඉරල්ලුගම හන්දිය,814,815
224c6340-055e-4072-b249-c8c007b69fe3,ගෝනමැරියාව,815,816
3ff7a68a-150f-49fd-98f5-c7d9af7f15b6,22 කණුව,816,817
ac3ceded-7bfe-4fca-bc1c-e6319a58c1fe,24 කණුව,817,818
ba5b20eb-43e4-4935-b450-4ae763bfff3e,කැබිතිගොල්ලෑව,818,819
618f17be-fe54-40f6-8fd0-58401ee0764e,ඉහලගම හන්දිය,819,820
b588f947-a27e-4bb7-9dcc-7666ef732012,ගල්කන්දේගම,820,821
acbe9ae2-72cd-4ab5-abbf-1b6c6ac0d71c,මහනැටියාව,821,822
fd195270-5aed-43b4-9868-737622e91f06,ගලවැව,822,823
0585546b-1672-4245-9f51-0cfa6001c50b,තිත්තගෝනෑව හන්දිය,823,824
f29e0d22-3606-46d1-b4bf-0adf42663dbd,තම්මැන්නාව,824,825
53f12dfe-1c10-4ebb-980b-f22e0bc44b10,හේරත් හල් මිල්ලෑව,825,826
a66a8672-002b-4f80-b437-31457451e80d,කහටගොල්ලෑව,826,827
d74d2484-7798-48d8-be1a-15dda4b46117,ගල්පියුම ආරන්‍යය,827,828
c958b7c9-2bb8-4db1-9b0a-a145ae5bc0bc,බෙල්ලන් කඩවල,828,829
fc46b1cf-e18e-48a4-b6e6-d39de4f34c37,බෝගස් හන්දිය,829,830
c6ee632a-d0e3-48f4-ae24-ec58d9673a15,අළුත් හල් මිල්ලෑව,830,831
aba240c7-3d7e-4664-a8de-6f05eb59860b,රුවන්පුර,831,832
7ec60974-4479-439c-8a83-688e169eb0c0,සොරොව්ව හන්දිය,832,833
a6b6fd29-3adc-42fc-9d06-ee465401c953,මහසෙන්පුර,833,834
3c282c10-5a6f-4bc9-b2a2-692083eb7c91,6 සැතපුම් කණුව,834,835
3586bc37-4abd-4a17-be90-1a2c3d7a7fce,පරණ මැදවච්චිය,835,836
1ca6f311-78ca-4504-91fe-a85cdc212d1e,ඒරාමඩුවැව,836,837
b9fc520b-0705-4049-afd0-396e159f4129,10 සැතපුම් කණුව,837,838
75aebdf1-179d-426b-9d14-ba9def528b9f,2 කි.මී. කණුව - තෙන්නමරන් පාර,838,839
27eba8a2-e355-42be-b96b-38d9949ccd4b,ශාන්තිපුර,839,840
75f51e8c-ee71-4474-9830-095e4f5e0204,14 සැතපුම් කණුව,840,841
d6f2c6ab-fc10-4080-b27e-aab2b062004b,15 සැතපුම් කණුව,841,842
f670117e-2a0e-40c3-aacf-165c01f5fadf,පුල්මුඩේ පොලීසිය,842,843
2f2ca896-4e2e-480e-9d66-b798a5788f9f,පුල්මුඩේ,843,844
9903c97f-2a01-48a3-ac09-1543530e4b11,දිගන් වැව,844,845
18976de8-d9f9-490e-b520-ac341bcb8355,දෙමටපිටිය,845,846
39604c0d-1acf-4da6-8677-985a06cf52c6,නෙළුම්කුලිය,846,847
918a739a-7b62-47c4-905e-edfee7733914,කුමාර කට්ටුව,847,848
0140c082-c0fe-49b8-94ad-85437e15271e,මණ්ඩලාන,848,849
0c74848b-d700-4241-a84a-7924809b532b,පුලියන්කුලම,849,850
0da88d81-9c35-45d8-8c4f-e33a5fba10bc,පල්ලම,850,851
ece1b9c6-997e-4517-85d4-2edd2145baab,පොත්තුකුලම්,851,852
f77504af-33d1-42a3-b95f-d99deb5904c0,අඩම්මන,852,853
b46ea869-ccb8-41a2-a40c-ea321bc128e8,සේරුකැලේ,853,854
3c83a745-78b1-4b65-a996-c99b7915c2f7,සියඹලාගස්වැව,854,855
89af0958-1847-4ab8-8e33-f3d37526f317,නාගවිල,855,856
3b3b40b0-b259-4f2f-bde3-67840790cb8c,ආඬ්ගම,856,857
2aafff5a-cb0f-4f7d-84bd-69c130f58b97,ගරායක්ගම,857,858
3d5f2205-f9eb-40a5-a4e6-09f5edd6df8b,මුදලක්කුලිය,858,859
2ce7e2e1-373d-47fe-a872-43121b12236e,සංගට්ටිකුලම,859,860
7515a6d8-f24b-4d79-bdde-6108f725f751,උත්පලවත්ත,860,861
4670615d-aa04-4333-a23f-1beeb5df2dcc,කුමාරගම,861,862
f4c82f6a-5d23-4fef-9f1b-2746f4cadc4a,කොත්වලකන්ද,862,863
91a077be-7dc5-4534-b751-9f9bc7cabb57,ආනමඩුව,863,864
cf6f82de-b3fb-4db0-ba5b-64ce823ffb94,කුඩාවැව හංදිය (පරමාකන්ද පාර),864,865
f5ccc905-a7cb-4c9e-9868-95441a21eb8d,පෙරියකුලම පන්සල හංදිය,865,866
dcd84367-e97e-436f-bb74-6b879c026cc7,තල්ගස්වැව (විමලර:කු:ගම විද්‍යාලය),866,867
914281b3-d1bf-4e19-bf3d-d0d3ea41e4d2,ලබුගල රාජමහා විහාරය,867,868
9faf22b4-b226-4056-aa98-a84f60cd382c,මැරුංගොඩ (ගො:ජ:සේ කාර්යාලය),868,869
37ae2080-3546-47c8-aac7-5f64a44f4149,මහඋස්වැව (ශ‍්‍රී රතනපාල ම.වි),869,870
5326ffc5-0789-4ddb-94d1-2f1ce56e7312,වෙලේවැව (මින්රා ගාමන්ට්),870,871
68c425b0-ef3b-478e-bcdb-29955896e959,මුල්ලේගම (මුල්කිරිගල රජ:ම විහාරය),871,872
618f9178-e9d9-47fa-9cb3-1ccf23db7836,නවගත්තේගම,872,873
32b7ead0-1680-4365-8b21-8f4ff14a1f37,කිරිමැටියාව (20 කිමි කණුව),873,874
911a8505-db03-4848-8726-a14e4eba8f13,පුල්ලෑව (22 කිමි කණුව),874,875
7625868a-9f8f-4522-b7e0-728de175dbe7,පලුගස්වැව(වාරිමාර්ග ව්‍යාපෘතිය),875,876
6e7befb4-e55e-4bb1-b05c-a3e8660b8e73,නල්ලච්චිය හංදිය,876,877
cde23858-ef3b-415b-88e3-ee28823ff967,මහා නාන්නේරිය හංදිය (රෝහල),877,878
bc5d31df-4b99-400e-95f2-3747dd47853e,පයිරික්කුලම හං(නාභෙට්ටිකුලම පාර),878,879
8e414581-ca97-4be4-b634-6e0b5f879381,ඉහල නාන්නේරිය (විද්‍යාල හංදිය),879,880
1472b169-788f-4df5-ace9-9682777d8db3,තාඹරේ (33කි මි කණුව),880,881
83c4b89f-52fc-4703-af93-55df932f3d26,ඉහලගම හංදිය (නොච්චිය පාර),881,882
43a3afe3-34cb-4182-a1ce-6253a936216c,පළුකන්දෑව (කල්ලංචිය පාර),882,883
06c2ff54-fafa-4def-9a5c-b1b91119d2b7,ගල්ගමුව,883,884
f1a145c7-99da-4733-b261-c6a3f80af51a,දිවුල්ලෑව,884,885
0663baaa-cadb-4fe2-ba48-c89e37c44990,බුදුරුවකන්ද,885,886
ec40ff83-a2c9-4a40-a5ff-5987603f4ecf,අමුණුකොලේ,886,887
b0ba4696-646c-40ef-a39c-1040cedff3c0,මහගල්කඩවල,887,888
e35427d9-3a51-4799-bc47-93ddcda85cfb,පුලංචිය,888,889
6b374f21-4ff5-4fb0-a139-3712124a1b4c,කලා ඔය,889,890
40467c99-76fd-4cc4-91b0-52e73c17721a,ඉකිරියාව,890,891
d755afb9-a337-4883-ae94-cc837166de24,තඹුත්තේගම,891,892
dc36ab40-6a76-43c4-b8ed-c9feb6cc8488,කෝන්වැව,892,893
afa59c31-606e-40c2-abb5-73eb63ee31c6,බෙල්ලන්කල්ල/සෝලම හන්දිය,893,894
0e50f7b1-b356-4aff-be3e-13a657d69451,මල්වානේගම,894,895
54328e4c-0b07-46fc-be60-a45a63e6f5be,ඒරියාගම,895,896
2536d55c-9cc4-4cad-a5bd-7385fa132c3b,තලාව,896,897
bafc305b-dcac-484c-ab85-79725f5b1d0f,මොරගොඩ,897,898
b5f1f791-f4ac-4752-9096-13618a49fbda,නව වතුර ටැංකිය,898,899
5087106d-b2b1-4eb7-9b84-f5a9d58b25cd,අළුත්වැව,899,900
ada4bd5b-62bd-4338-bea6-92eaaacb4544,ශ‍්‍රාවස්තිපුර,900,901
cfbe9444-2b92-49b2-9c24-3da52471b12e,පහේ ඇළ,901,902
716ee8a8-00ec-471b-a926-058d3c6ac1c5,පුත්තලම,902,903
c76de2b5-d695-466b-b5e8-c44e6b81b216,1 කණුව (මාරිඅම්මා කෝවිල),903,904
c4193611-c7c7-4290-82b0-b8d4a3e522f2,2 කණුව (සුරුවම),904,905
f73aca9e-5ec3-4dae-9c86-dcd6506de5ab,4 කණුව (6 කිමි කණුව),905,906
1c659695-6451-4ead-8041-0cf93cb95ab7,5 කණුව (වේප්පමඩුව),906,907
3e7bd07c-ed22-4ebc-bdf5-33578268b69d,6 කණුව (ඉස්මයිල්පුර),907,908
433261f0-bbbf-4be3-bac1-f1b2dbb2af98,7 කණුව (ශ‍්‍රී ගුණරතනාරාම විහාරය),908,909
3a825eff-84df-40ea-8415-7244a834b5f0,කරඩිපුවල් මහාවිද්‍යාලය,909,910
5ff2e115-0e46-42d5-ad4e-5d4407f79a2c,9 කණුව (පුත්තලම වතුයාය),910,911
219b88b3-f063-4c2f-b1d8-026942008696,නාගමඩුව ක.වි,911,912
db20427e-f360-4699-9fdc-2b2c583d40c9,වනාතවිල්ලුව කඩවීදිය,912,913
801fc464-2719-4842-9fa8-e247c9255b70,12 කණුව (21 කිමි කණුව),913,914
08bf863c-47af-4f42-be20-e00960f5bf1b,කරතිව් හංදිය,914,915
091168c2-b9df-4594-a2ba-26a313fb108e,14 කණුව (කඩමණ්ඩිය),915,916
dfb96097-10d3-49ba-b64b-2017770117ef,15 කණුව (බීජ උද්‍යානය),916,917
d098adaa-0467-4cbb-bb31-8464ba0bc125,එළුවන්කුලම,917,918
d73297a8-6910-4a9d-a001-2ec6e0ca6cf0,හලාවත,918,919
16568d7c-81f7-4a9f-acf7-fbe001a4eb0d,ගෙවල් 18 (ට‍්‍රාන්ස්ෆෝමරය),919,920
9edcf9e4-e720-49d2-94bc-b4a52800e44e,රාජගිරිය,920,921
700966fa-d3eb-4705-b0b7-b7c0748dcd87,ඇතුල්කෝට්ටේ හංදිය,921,922
58f763e5-b141-4edb-9476-4cb779a3d4f4,බත්තරමුල්ල,922,923
9ce66344-55ee-4453-9760-23d481ae202e,පැලවත්ත හන්දිය,923,924
ee502067-2d15-4818-989b-442d9d488c83,තලවතුගොඩ,924,925
d1188480-0fcf-4a79-8bcd-944dfa428524,පොල්වත්ත හන්දිය,925,926
10151c8c-527a-4eb1-82d1-1c114d96f1f7,පන්නිපිටිය,926,927
d529ddd6-f98e-4220-a984-67368803d545,මහරගම,927,928
d23749e6-fcab-4c4f-bcdd-af02dcf08573,බොරළුවැව,928,929
99db1c08-ec79-4fb8-8de2-583c74603d63,මානලෙම්බුව,929,930
77031686-f841-43e8-8165-64ebc2fd093f,ඉහළ කිනියම ප‍්‍රාථමික විදුහල,930,931
b8d41a21-973e-467a-990c-9406c27179b1,කිනියම හන්දිය,931,932
7d1528ef-9efe-42e4-b5dd-a28d8d96443c,වීරපොකුණ ප‍්‍රාදේශ්‍රීය රෝහල,932,933
30188361-4994-4504-b92f-5aadd5c65bbe,කරඹේ සුදර්ශනාරාම විහාරය,933,934
b82758ba-ef10-4e69-a575-300ad118fd21,බුළුගහ හන්දිය,934,935
7691b0fe-d7a9-4d9c-a398-aa4b3b2c0232,ප‍්‍රසන්නගම,935,936
73e115fe-f151-4455-beb3-fb5188e588c2,බෝවත්ත,936,937
1bbca773-bb29-4541-87dc-48fc7947c9ce,බිංගිරිය,937,938
2a2d01f2-5264-44f7-bec0-3decb17e5772,තල්ගහපිටිය,938,939
2ebe3f1f-f26a-4da9-bc53-3c9460f4ad26,විලත්තව,939,940
e12ee9d8-1128-4f9c-b51b-291d4e5ab0b6,පුලියන්කඩවර,940,941
cc9dd838-1911-4048-a56c-5fb49e4c1e90,කොක්කාවිල,941,942
e28590a4-8988-423a-9f29-5d75b1e6b73c,මුගුණුවටවන,942,943
96f5b95d-f931-40ab-8b9f-e9f6b24a50eb,කන්ජුක්කුලිය,943,944
8ae502f9-08a7-44dd-9655-02d1afc9b59a,මුන්නේශ්වරම්,944,945
72d0e13a-5b67-48fe-84ad-c77060ca708d,කල්පිටිය,945,946
1a1a4388-7719-4fec-bd05-82a36234e27a,කුරක්කන්හේන,946,947
16c06042-b26c-4cd6-85fb-73516a7d3323,කුරිඥ්ඥංපිටිය,947,948
068026df-093d-4ba3-b385-3bfd1f934877,කුරුසඩිය,948,949
a4cbab06-c532-4154-8067-711ecd47f897,පල්ලිවාසතුරේ,949,950
b2dedb03-fab9-4b0f-95ef-0a22c8a7b531,31 කි.මි. කණුව,950,951
5f9a10eb-4d63-43de-a4af-162871dde79a,කන්දකුඩා,951,952
a7dc1c6f-39b3-4178-80b8-7a5c1f328306,පාලකුඩා හන්දිය,952,953
6e9d4700-7f95-4fb0-bf64-b4e1b6df1028,25 කි.මි. කණුව,953,954
535c8685-831e-4ea9-a6d5-0d3c4c36877a,නේලිය,954,955
463ce153-f179-47ba-a8cf-8a86600a4a3a,එන්තාලේ,955,956
d7e511da-0336-4341-ae25-0b5924a351c3,ආලන්කුඩා,956,957
0c01cf57-f1c7-46ca-9050-a24e77c61742,නොරොච්චෝලේ,957,958
04353a24-012f-40c2-ba0e-ff02ef52ac3e,පනියඩිය,958,959
c9fc2378-1545-42a3-ac89-a1c33c93382d,නාරක්කල්ලිය,959,960
aa0a2553-acc9-4007-b3e2-25f0f153cd6e,මාම්පුරිය,960,961
42fcfbad-1a9b-48af-8c1f-f0636d5b8a42,නාවක්කඩුව,961,962
66b2bf3e-065e-4213-9673-f8e1ff12cb1d,දළුව පල්ලිය,962,963
a4c2d4c1-f35a-4750-a2a4-ee972f6273bf,සේතපොල හන්දිය,963,964
c8357995-c0ac-4a2d-82d8-8630d0805c5f,කරඹේ පන්සල් හන්දිය,964,965
e906cf28-b259-40ad-a101-2de6fcee60ad,කරඹේ,965,966
723c322c-0317-4b7a-834c-74df32d39c10,පුල්ලෙයාර් හන්දිය,966,967
b47f8327-d31a-41e8-a43c-b50c1fc425f3,මාතලේ හන්දිය,967,968
450c6fc2-6628-4985-ba1d-c9484541f656,කුරුන්දන්කුලම,968,969
f216599f-f3af-4455-938a-500ea37efa09,කළත්තෑව,969,970
6c987135-44f4-4227-8f4b-4a71cab3883a,කවරක්කුළම හන්දිය,970,971
16f9c1fa-ad3d-4809-8c73-b0ceb4492d7c,නාච්චදූව හන්දිය,971,972
0c000d28-f717-49c7-b211-b9580dd032ce,ගල්කුළම,972,973
a20bad50-f4fe-4f12-83ce-2bfcf3488462,121 කි.මි. කණුව,973,974
ed116a7b-5395-4f37-85f4-e480e712a84c,ඥානික්කුළම,974,975
3ad98647-c494-4054-b6f9-a4415115bd7f,117 කි.මි. කණුව,975,976
a0f70dc3-f066-4264-82d2-0f3364e59d50,තිරප්පනේ,976,977
f56efa9e-6e5f-4440-877a-8c86c56e02c8,අලිස්ථාන,977,978
efee897f-cd6d-4103-8cf2-424c1f276c8b,කඳුපාගම හන්දිය,978,979
2507e259-fc1a-4853-9e65-97ee6d3e46b9,වනමල් උයන,979,980
84cfa6a6-5cb5-4146-80a9-a190eccfd70c,පෙරිය කුළම,980,981
ba4da79d-07d3-425b-ab46-30f5dc845644,උලන්කුලම,981,982
1fa84894-be92-4505-9f31-75640021c679,මරදන්කඩවල,982,983
c1502d75-f47e-4a2f-97f8-fd5e2a553814,තෝරවැව ග‍්‍රාමීය ලේකම් කාර්යාලය,983,984
2e8c878e-7cb5-49fb-84b0-317f4137c705,මාමිණීයාව (රජමහාවිහාර පාර),984,985
abc59971-dc2b-46b8-bb81-e07fa81edc6a,නික වැව,985,986
bdd5de5b-ee0b-4a3e-83ff-f4cf3ce7d3df,ගනවැල්පොල,986,987
526dc7be-fc28-48c8-8873-85a447756947,උල්පත පල්ලිය,987,988
58833f85-7947-43f2-94af-12d85a372182,හීනුක්කිරියාව පන්සල,988,989
a0b8d6b8-91b8-44a7-b865-bf3e598f647e,ගලපිටගල පාසල,989,990
66d01834-919f-4962-a69c-36efbe538717,සේනාදිරියාගම/හොරිවිල හංදිය,990,991
757aab9d-c53f-4b2a-bbd3-254856a306da,උල්පතගම පාර,991,992
e4ab63a5-462f-4ca5-a924-62e9ad994c6f,පළුගස්වැව හංදිය,992,993
215e5a10-22dd-412c-a7b2-a6893675e460,21 කිමි කණුව,993,994
ecc253c2-eed4-4e1a-bec3-82b310109674,පුවක්පිටිය 23 කිමි කණුව,994,995
c54c1447-8df2-4fdf-b0b6-5d3999f1e33d,හබරණ,995,996
ef35fe8f-649c-4538-8454-966616f0a6a5,සීගිරිය හන්දිය,996,997
da9d4043-1c4c-4097-8ff5-74991065e8ed,29 කි.මි. කණුව (මොරගස් වැව),997,998
11588e28-42c2-496c-8516-292025533a88,මොරගස්වැව,998,999
45d29466-6c25-427d-843c-b950ec3dec32,අඹගස්වැව,999,1000
9018402c-d78e-4c4a-b510-ce4f67cc8073,36 කි.මි. කණුව,1000,1001
c7c03f69-5411-41fa-a06b-7f07461a9280,දේවාලය,1001,1002
9737434c-dc21-4190-8e75-1928ec99f276,39 කි.මි. කණුව,1002,1003
6301ef1a-97b8-4030-8e72-087042792bf6,බටුඔය,1003,1004
15f33415-364c-49fc-ac94-0863573f3c88,මින්නේරිය දුම්රියපොල,1004,1005
aa235baa-ce92-44bc-bd2e-a86a72882b67,පාබල චතුරස‍්‍රය,1005,1006
2316610b-badd-4b54-8d5e-2f7875fd69bf,මින්නේරිය,1006,1007
9b50bea6-eee2-4374-a559-929729e50718,රජ ඇල හන්දිය,1007,1008
af86d518-bb9f-453f-9fd7-a3eafa7f833b,C P පුර,1008,1009
259095a3-bbe5-4246-82e0-4fb012afcd10,ගිරිතලේ වැව,1009,1010
65b8e4af-554d-4a96-927f-5a0255ee7e9b,ගිරිතලේ ගම විද්‍යාලය,1010,1011
48305097-c915-495a-b5c5-9a0e5c91c791,ජයන්තිපුර හන්දිය,1011,1012
b4adcb54-8724-49bf-bd7f-3eaee784ca07,බැදි වැව,1012,1013
cf90ee7e-1f99-487c-a141-0d297911226f,ගල් විහාර හන්දිය,1013,1014
269150f5-35a1-4f55-aba6-69bc34215d00,පොලොන්නරුව,1014,1015
ff4bb86d-4f22-41b9-9ac0-9f6555ad91c4,ජයන්ති සිනමා,1015,1016
4833eafe-2748-483b-9d8e-1af15a5819f1,කඳුරුවෙල,1016,1017
e594bea7-40ad-43b5-8983-dfb33ceb8864,75 කි.මි. කණුව,1017,1018
8142193f-f440-4562-8c27-3bc3666277a0,ගල්ලෑල්ල දුම්රියපොල,1018,1019
47ae8edc-1afd-4efb-bf49-fe2c8eb63bb2,79 කි.මි. කණුව,1019,1020
e7eb8899-106a-4ba5-beb1-38e39ee9bcd4,මනම්පිටිය දේවාලය,1020,1021
77f08fac-0c6c-45c5-80bb-06d18eeb657d,මනම්පිටිය,1021,1022
dc89972f-bbac-4e5c-a37c-fad95526c6ed,සීලපුර / මඩකලපුව හන්දිය,1022,1023
c286c62d-8433-4782-be3f-a7e00c1ea688,මහවැව පන්සල,1023,1024
d3db1cca-c8b7-4bc3-8ba8-9a655fca3f2f,කොලකන වාඩිය,1024,1025
7ceb2b9c-f174-4118-9ede-90812ed4945e,සෙවනපිටිය,1025,1026
2ed61812-423b-449d-a22a-7bbf679caca3,මොනරතැන්න පාසල,1026,1027
c3a0077d-10fe-4aa8-ae34-cfc990c691ba,වැලිකන්ද බස් නැවතුම්පොල,1027,1028
dfe19649-aca6-48a3-a44f-8931eb0ea55b,101 කි.මි. කණුව,1028,1029
36247e7d-b8c2-405e-86e2-ce25a01887cb,පුල්ලෙයාර් අඩි,1029,1030
5feebd0d-56bb-494b-a9f7-4155619e2bfb,අසේල පුර හන්දිය,1030,1031
1f633fc0-832b-4b73-ac6b-e230848555d0,කඩවත්මඩු,1031,1032
10179061-50fe-435e-b635-e098f75d24f2,රිදිතැන්න,1032,1033
ccb92461-dd5c-4da0-b72c-792fe255c68d,ඉලුක් පාම්,1033,1034
0b8edd2c-4e95-4a78-993e-7134d1d8356f,114 කි.මි. කණුව,1034,1035
eac08013-659a-4ad0-8f21-9abaf6958158,පූනානි දුම්රිය පොල,1035,1036
6bfd28a0-6560-470e-aa05-3e7a77708613,තේක්කහේන,1036,1037
aeac0c34-a873-4dfb-96b9-f9661c41c87a,120 කි.මි. කණුව,1037,1038
11c2f475-fd0e-4c88-8002-f86989fd803e,වාකනේරි හන්දිය,1038,1039
72d86b6e-37a9-4bdf-ad2d-cfa6577537d9,මීයන්කුලම,1039,1040
cee04175-0bfa-40c8-aa43-c29b0af39d38,127 කි.මි. කණුව,1040,1041
dbda682b-bd6a-42c8-86fb-08c2323397cc,නාවල් අඩි හන්දිය,1041,1042
d3fc23dc-5e06-4e12-bfa5-d35ff2f82878,පලෙයිනගර්,1042,1043
d50d5da7-5348-4a0e-8c1a-f8d0d4cba1e2,ඔඩ්ඩමාවඩි පාලම,1043,1044
0f6029cd-92cb-4175-884a-e6a1e5024270,ඔඩ්ඩමාවඩි,1044,1045
a4482bc4-a081-44fa-a049-a8fc28d7ace2,වාලච්චේන,1045,1046
aafa42a4-a654-4e90-aff7-62b943ea65cd,කින්නියායි හන්දිය,1046,1047
936807c5-d60c-4587-9532-1f1519d00d5e,කඩුරුමුල්ල හන්දිය,1047,1048
d90cfdad-ad5e-486f-a12b-e1131d1aa5d1,කිරාන්,1048,1049
5696bc83-08ca-4f82-9444-7b3abfbb94c3,සන්තිවැලි දේවාලය,1049,1050
2f1e652e-5618-4a0b-9bf6-5ab95a2001ec,මොරකොට්ටන්චේන හන්දිය,1050,1051
0daa8b6f-59b9-4872-b651-c148901c425e,මාවඩිවෙම්බු රෝහල,1051,1052
50a37de7-5e30-4b48-9ff9-99c366482997,වන්දාරුමුල්ලෙයි,1052,1053
a1300ccf-f46f-483a-b23b-89c3128c707c,චෙන්කලඩි හන්දිය,1053,1054
41ad9e02-8920-48f6-8660-e5b7d27463b2,එරාවූර්,1054,1055
e3878af4-0c0b-43d7-8f31-acaa8c80edba,ආරුමුගන්තාන් කුඩි ඉරිප්පු,1055,1056
ce029aa1-9d2a-41fb-8057-157d7e1a460e,මයිලන්පාවලෙයි,1056,1057
b478a40e-6dc8-4180-a90c-94a6cf404bcf,කන්නමුනෙයි පාසල,1057,1058
a0198edf-e2f3-4036-be75-08ea048428ea,සත්රුකොන්ඩාන හන්දිය,1058,1059
cdfc460c-a261-41bb-a2b2-8b9dfee0a7a0,උඩප්පුව,1059,1060
f08344d2-6c85-4781-8221-2194f1eacb32,"""6/3 පාලම",1060,1061
7b854dc4-0465-4302-9220-97fdd84f4b7b,පිංකට්ටිය,1061,1062
0a152e14-a90d-42ce-8f4a-654beb68d3dc,පිංකට්ටිය ප‍්‍රාථමික විද්‍යාලය,1062,1063
5c5313ee-a0cd-451d-bcf4-2f2e20573ee3,බත්තුළු ඔය පාලම,1063,1064
2834ad29-3aee-44bd-b0b1-49f336f639a2,ඉසින්බැස්සගල,1064,1065
98268357-148e-4c6a-9ad3-0abbc6429ab8,පුල්ලෙයාර් කෝවිල,1065,1066
9a37bceb-407a-4c66-a213-1c20efef88ea,නාවික හමුදා කඳවුර,1066,1067
93dbb689-8a8e-4c49-8b79-5db26deea9c7,පූනෑව,1067,1068
9a16a160-e17c-49dc-930d-b78143a37ddf,මහකුඹුක්ගොල්ලෑව,1068,1069
4159c342-c6f4-481a-9893-d5c8c4b0f0fb,ගල්කුන්ඩාමඩු හන්දිය,1069,1070
fb27b717-042f-431d-9c21-611da7588c54,ඉරට්ටපෙරියකුලම,1070,1071
168a0c24-64da-4c8d-86da-189ed9586601,මූන්ඩෘ ඉරුප්පු,1071,1072
71563e12-f219-4314-9349-3c911552b9a7,වව්නියාව,1072,1073
0273ed0e-b281-47c9-a617-fbd236058065,කෘෂිකර්ම දෙපාර්තමේන්තුව,1073,1074
ecc95b45-780e-4553-88fd-78f6f248792e,තාණ්ඩිකුලම(කිඩාචෝරු පාර),1074,1075
7275bb76-3a3b-4534-b700-dc2bd0b1fcf9,කොක්එළිය ගම්මාන පාර,1075,1076
f8e87af4-17a6-48a2-ace8-d97bb632f204,පුදිය සින්නකුලම් හංදිය,1076,1077
3ad8cb27-c4a0-4efd-a145-f645598456ad,ඕමන්තේ 187 කි.මි. කණුව,1077,1078
2afa70e4-934e-4ca0-9b6a-b02be4d52adf,ඕමන්තේ සමුපකාරය,1078,1079
e2064fe3-71ef-457f-9a9b-d32c8e9fb1ed,ඕමන්තේ ම.ම.වි,1079,1080
e008afdc-418a-4a00-896f-608ce1b39a5e,ඕමන්තේ මුරපොළ,1080,1081
b9b25343-9e0a-4675-8107-75ec4e2a0b1c,194 කි.මි. කණුව,1081,1082
ace27d09-dd3f-4306-aff4-326444e7d277,පන්ඩිකේයිද කුලම් (196 කි.මි කණුව),1082,1083
cb3a7b5d-9caa-488b-80ea-5988548f7479,පුලියන්කුලම (ඉන්ධන පිරවුම් හල),1083,1084
aa8bea6e-50cb-4fdb-9071-0579422e19e4,පුලියන්කුලම (200 කි.මි. කණුව),1084,1085
b32b1739-aba8-4f75-ab36-4fee648defbd,පුලියන්කුලම (නැදුන්කර්නි පාර',1085,1086
d173b3ea-1979-495f-92d0-d25b03bb4d32,29 සැතපුම් කණුව,1086,1087
a0365969-3734-4bc7-be98-f88fa588ff1a,පාලම-1,1087,1088
5aa37261-4298-47bf-8d42-1f4a0e7e222c,සන්නාසි පරන්තන්කුලම් කෝවිල,1088,1089
21d1a206-d77d-4021-bd4e-e10874945392,මත්තියමඩු (විවේකානන්ද ම.වි),1089,1090
b5be8de0-3c0b-456b-a430-ed35d17ef6bf,නයිනමඩු කෝවිල,1090,1091
02dbd5d7-189f-4dbe-944f-aec0002abb65,නයිනමඩු සමුපකාරය,1091,1092
4f808087-06ee-40af-9a09-f399312209f5,නයිනමඩු,1092,1093
57c88ade-adc0-49a1-9d3a-dd2448d8c67d,උරිසුට්ටිකුලම්,1093,1094
a3db3133-33a4-4d3e-9478-2b20f45f16e4,නොච්චියඩි කොවිල පාර,1094,1095
44ffb162-b042-41bc-8edc-de743d5b25ad,නැදුර්න්කර්නි,1095,1096
851ed65a-707d-41d7-ad4d-bc7a162d5da0,මුල්ලියාවේලි පාලම,1096,1097
8c78c9f2-3a76-4be8-b639-8d32080bf22e,තන්ඩුවන් දෙමල ම.වි,1097,1098
1880bd14-298c-496d-879d-947ef43b352c,තට්ටමාලා හමුදා මූලස්ථානය,1098,1099
28b61168-89c3-48d9-b957-50674a20944e,කොඩලිකල්ලු1,1099,1100
2d6cea95-9842-4521-8c95-f3855e110e35,කොඩලිකල්ලු - 2,1100,1101
9d33c8cf-4466-4997-a124-dcde7e185020,12/2 බෝක්කුව,1101,1102
c05e0848-2628-4103-9621-6b426520d0d3,9 කණුව,1102,1103
0e0a4f37-2a76-426d-bb3f-fc5f45b2eb4c,7 කිමි කණුව,1103,1104
eac1607e-9200-4aa3-b48e-895d366ab64e,තන්නිරූට්ටු හංදිය,1104,1105
f98755ca-c15e-41a6-8204-188314051ddd,3 කණුව හංදිය/වට්ටපලේ පාර,1105,1106
9954a7a8-50ba-4cbd-83d5-e8906a5c6ece,45 කිමි. කණුව,1106,1107
97d9c79d-57d3-454a-b487-1d71fa3629d3,කෝකිලායි පාර,1107,1108
d8a22ec4-c5ec-415e-826b-773fd97abc5d,මුලතිව්,1108,1109
5f03c3cd-85ba-428d-9fb8-2cad1a976857,ඌරනි,1109,1110
c4d80d15-5f4d-4389-aa37-41a44686a26f,ඥානසූරියම් චතුරඝ‍්‍රය,1110,1111
1a8cdd4a-7148-43a9-8f80-a5309a34f614,මඩකලපුව බස් නැවතුම්පොල,1111,1112
b519fe7a-8b28-4fd3-9c5f-725a9d0b3119,අරසඩි,1112,1113
5012386b-92f6-4312-bff7-84ecbd528db4,කල්ලඩි,1113,1114
d1eadb5a-dfc7-4831-9229-504ad6964c33,කාර්මික විද්‍යාලය,1114,1115
4998f7f5-36fb-46f6-8243-f3c9ab6ec8d8,කාත්තන්කුඩි,1115,1116
d51f4421-9f34-4d97-aaea-c650df9337a6,මන්මුනෙයි හන්දිය,1116,1117
843f6cc2-e56c-437c-97f6-73af87f15b69,තාලන්,1117,1118
4e2beb5d-89a8-4253-af88-96fca9154d7d,413 කිමි කණුව,1118,1119
7eba2a53-44a3-4786-8570-aef5c5265092,කිරාන් කුලම්,1119,1120
42bc7a8d-963f-4cd2-8f63-ec81a60f56f5,කුරක්කල් මඩම්,1120,1121
2e6fbe7e-9286-4825-a9e2-f2d06089c75f,මාන්කාඩු,1121,1122
bed63741-8713-46bf-a38a-f84d9057a47c,තේතාතිවු,1122,1123
a8999fe7-7a8c-4535-b3c5-7f9a7f748189,කලුතාවලෙයි,1123,1124
5219de3b-6c97-48c7-ac48-f874d46a33a7,කලවංචිකුඩි,1124,1125
d250e7fb-b279-4d5f-8287-86aee6e7790c,ඕනාච්චිමඩම්,1125,1126
c8046e2f-8d72-43b5-b9cf-4b8725195efc,කෝඩෙයි කල්ලාර්,1126,1127
a42226ff-72da-491c-ae57-188fe6e8ae42,පෙරිය කල්ලාර්,1127,1128
c3213bd9-13d6-4eb4-b0a8-b872bcd06b09,නීලාවනෙයි හන්දිය,1128,1129
64eb16a7-3a2f-48b0-8220-8e2b6460ec9e,මරුදමුනේ,1129,1130
a4b0c961-38e4-433f-bc73-279eda23e6bc,කල්මුණේ,1130,1131
6250ef18-ab91-4415-a0a8-df6105cacf72,කුරුස අඩිය,1131,1132
16ab47bc-eae0-4ddf-9fb2-1558a101e1d8,2 කි.මි. කණුව,1132,1133
1816ccbd-c2cf-485f-9f9f-561911052511,අරුණ මහා විද්‍යාලය,1133,1134
b479c6b3-e978-4cdf-9e4a-2f69fc1a0f5e,5 කණුව (කොකුණ්නෑව),1134,1135
590ad216-706d-41cc-b2ff-8f2a2ebcf83f,රනෝරාව,1135,1136
32820ab0-4165-4e02-bbd7-6067cd7bc0e0,13 කි.මි. කණුව,1136,1137
b2d6194d-b835-435f-8f4b-33d2b228ca41,15 කි.මි. කණුව,1137,1138
cf52f193-c86e-4212-be2c-6f030e7f3035,කළුන්දෑවැව පාර,1138,1139
80003c75-1cea-499f-9ccf-b8b2c1ca9207,දුනුමඩලාව,1139,1140
2a756c7a-7417-4df8-a986-fd347963b6a7,නබඩගස්දිගිලිය,1140,1141
96355c18-b7cf-46f8-8bf2-b29b2f1f82da,තලාවේ ඇල පාලම,1141,1142
d11eae01-8030-41c3-b4ff-d8afa5942fad,ඔයාමඩුව ජලපවිත‍්‍රාගාරය,1142,1143
496cf9c0-6946-4741-a585-bc8e1b46fca2,ඔයාමඩුව හංදිය,1143,1144
6c1edddc-d7da-4587-80a5-a9a62dd0def8,තන්තිරිමලේ විහාර හංදිය,1144,1145
9fd6018c-933f-43ea-ba8f-9ce735ac57a6,හැළඹ වැව අසල චෛත්‍යය,1145,1146
9b6476cb-2cbb-49d6-901f-e740d4e93819,නාවක්කුලම වැව 1 සොරොව්ව,1146,1147
1853ee7b-4cc8-4071-beba-0eb5342d31c8,නාවක්කුලම 5 කණුව,1147,1148
f84bc40e-e1b8-40b7-8b48-7409c0f0231a,කැප්පෙටියාව 1319 ලයිට් කණුව,1148,1149
ea73fdac-0efa-479c-885a-30dfa08ca53d,තම්බියාව කිඹුල්වැව 8 කණුව,1149,1150
f61735a7-fedf-428b-a9f8-337c41580467,තම්බියාව කනත්ත,1150,1151
2d615f5b-d33c-4206-96d3-477a946badc5,සඳමල්එළිය පාර මානෑව,1151,1152
69c84489-9f20-4be0-ba81-00a8b05c3b6a,මිල්ලගල ආරණ්‍යය,1152,1153
13912423-679e-4780-bc94-b487d48f0893,මානෙල්වැව හන්දිය-බිල්ලෑව,1153,1154
cbebed65-9f16-4b3e-b497-07c2ef6c0461,තන්තිරිමලේ විහාරය,1154,1155
4ab93a9f-d8ee-45cc-bf02-61dd8b79a48d,තන්තිරිමලේ ග‍්‍රාමීය රෝහල,1155,1156
2281d16a-1dd2-4c0b-b888-c7262a18a007,බෝගොඩ මැද පාර,1156,1157
7b0ef11b-07f1-4318-b2ed-4d59bb92cba3,බෝගොඩ,1157,1158
dfd7f2d3-5c39-4261-a35d-1b172789b53c,මල්වතු ඔය,1158,1159
9453156f-75e5-422e-a8d9-ecc64cd5e59a,සින්න සිප්පිකුලම - 1,1159,1160
28e3b49d-7c13-4939-b716-a1a7d832c65f,සින්න සිප්පිකුලම - 2,1160,1161
496d01f4-2d5b-4d22-9077-c09aa96d7c74,සිප්පිකුලම හන්දිය,1161,1162
5972eb4b-066c-4089-9c70-907a8cf9e687,කුරුණෑගල හන්දිය,1162,1163
e8e8a049-1192-4882-9540-d3308bd128cb,ඉහළගම හන්දිය,1163,1164
673e06fe-5b64-4d90-9fac-ad7960ca06b4,බොරළු කන්ද,1164,1165
6b25d792-59bc-4929-b713-ea793ad7ad40,පදවිය හන්දිය,1165,1166
30bb92d4-ec24-4a1f-ae64-f9461bf28f44,A යාය,1166,1167
16405052-4a37-4c96-aa14-956bdc39637c,B යාය,1167,1168
8fcc355f-7be5-4129-bce4-1d71ec5a68ff,වෙලන්ගස් හන්දිය,1168,1169
212dc66b-15ef-466b-9a9b-2b16fda63453,4 කිමි. කණුව,1169,1170
cc90da8d-fecd-40d6-9c1d-834227decbe8,පරාක‍්‍රමපුර,1170,1171
387ab49b-0bf1-4fa0-96b3-34e0a259d7a9,µමෙතී‍්‍ර මාවත,1171,1172
f6833790-0310-48d2-abf1-bb7c48cf80df,තෝනිගල,1172,1173
6cce5306-ddb4-4034-9ef4-2f257e891bd3,ගල්කුළම හන්දිය,1173,1174
10afebd3-fabd-42c2-8031-bf6e7d390567,පළුගස් හන්දිය,1174,1175
c11fe3fe-9a6d-49e8-9d99-9198c24473bf,ශ්‍රී‍්‍ර පුර,1175,1176
4efbd952-9477-4e84-942a-b68b2e7efead,ඒකල මධ්‍යම වැඩපල,1176,1177
1c2fe8e2-ec6d-4132-bce4-3ff807d8c1a7,ඒකල මඩම හන්දිය,1177,1178
eb159983-1581-4926-865c-9799304d116c,කසගහවත්ත,1178,1179
912a6259-618a-4c6e-a3b7-c6688c2868f7,කොටුගොඩ හන්දිය,1179,1180
9c210e74-71dc-4b2b-8d91-cf7890f51002,ඕපාත හන්දිය,1180,1181
0c88f9aa-82ae-4d8f-a979-49d9e8a65504,මිනුවන්ගොඩ,1181,1182
129e53bf-aaf9-4cfe-a98e-9b144e9b1301,නිල්පනාගොඩ,1182,1183
de336596-fab2-40af-bc60-4cc5353026f4,ගල්කන්ද හන්දිය,1183,1184
cb96ee0c-9906-46ef-b17e-c2ba6700b01f,හොරගස්මුල්ල ප‍්‍රාථමික විදුහල,1184,1185
335b196d-3192-4c30-b1c2-3c8e0e7a846d,දිවුලපිටිය බස් නැවතුම්පොල,1185,1186
3f387805-9d6c-465f-9f8c-41520f9e65b5,බරවාවිල (බලගල්ල ප‍්‍රාථමික විදුහල),1186,1187
7d241060-0524-4848-9fd8-5e496bffb0ff,උඩගම්මන පන්සල,1187,1188
36509b63-454c-43e5-b054-7030028e2d98,වල්පිට ගොවිපල,1188,1189
756a197f-6975-49e2-949e-db3c36c8b705,වැලිහිඳ පල්ලිය,1189,1190
61a5d3c7-0408-4b75-9a72-c25f859906be,කොටදෙණියාව,1190,1191
ac5f8494-49a1-4edf-b362-9c4116f26dae,දියගම්පල හංදීය,1191,1192
215471bd-2872-446a-af59-653f2a99e3fb,නාල්ල හන්දිය,1192,1193
74fa4825-c12a-47d0-bca2-4f97c8370c1e,මංචි කඩේ හන්දිය,1193,1194
83bfb5a0-d98d-4ba0-81c1-9baeb324cdcb,ගිරිඋල්ල,1194,1195
279e610d-5c80-4248-a76f-577e3e531bfe,ගිරිඋල්ල රෝහල,1195,1196
dc3ed063-93c3-4093-96de-94a89dd62423,දඹදෙණිය,1196,1197
14c18890-81e7-4bf1-9502-9eb06eb82b96,මුතුගල හන්දිය,1197,1198
af73f35c-a754-4a40-953b-346767c24cf8,මැටියගනේ,1198,1199
87818846-902a-443e-bfe6-672a7e6c8cee,කිවුල්ගල්ල හන්දිය,1199,1200
c6fb2886-eef7-40c3-ab72-a997b4a8ee93,දම්පැලැස්ස,1200,1201
0e98c899-9ed9-4338-b10b-18467c4af0b1,නාරම්මල,1201,1202
dbebb2bb-7cb9-4755-8962-39ba7a4a5a83,මී වැව,1202,1203
ef124eb8-a8c3-4558-9a2d-f87cda888e55,කළුගමුව හන්දිය,1203,1204
f10015c7-0d9a-41ea-a3a3-1b08b43443d3,කිරලබොක්ක හන්දිය,1204,1205
744afc77-d8c1-408d-b765-d08935896d11,උහුමිය,1205,1206
6ac11ebe-5e86-49f5-82a7-c399da6dcdc9,පිදුරුවැල්ල,1206,1207
b814429e-543e-454e-b467-ee39cb7789e6,ගෙපල්ලව,1207,1208
d3cbbaae-2eec-4887-a606-5a771054396a,බමුණාවල,1208,1209
76e13548-fbcf-4e80-a62d-47d4cb047ab6,මල්කඩුවාව,1209,1210
dc14b9d9-ff52-4f0a-bab7-c150b80588e2,කටුනායක/ඇවරිවත්ත බස්නැවතුම්පල,1210,1211
cd2c174e-3e31-4dc9-9ad3-170c1f2b4d05,අංගංගල,1211,1212
042b63df-1871-4700-acd9-412464952c78,යන්තම්පලාව,1212,1213
cf8feba1-5dfd-481b-ba50-ac6d50e10484,තිත්තවැල්ල,1213,1214
177266d1-722f-44f9-bc73-faa2f842bda0,රත්කරව්ව,1214,1215
f4863f9f-9bdd-474d-b54b-888b41f90215,මාස්පොත,1215,1216
9396b957-13e1-4872-9cee-0311f612ebcb,කෙලිමුණේ,1216,1217
a46d0172-dafe-4346-8a42-1992380ea2c3,මහකෙලීය,1217,1218
7d67f368-541a-4277-8708-c1170482ad8d,ගලගෙදර,1218,1219
e60feb8b-2a86-4d06-bfe6-162e34146f27,වේරපොල,1219,1220
b944b501-8eff-4110-b763-8b31f5a5b56d,වාරියපොල,1220,1221
1c24045e-3499-43bd-8dd8-0425df32e1d4,බඹරගම්මන,1221,1222
9e3fa140-67f0-4ac3-9bae-5fd2cec7de2a,මාමුණුව,1222,1223
2d074c5e-ac31-48ba-abff-18a943c2cb01,පාදෙණිය,1223,1224
e6891e23-c364-48cc-bbf1-487f06909bb5,භෙලවැරුල්ල,1224,1225
b922aec9-2f1d-47bf-bfb3-936c5c8ac95f,දීකිතව,1225,1226
63409253-ddd5-4e7a-928c-94b1062b143a,මිනුවන්ගැටේ,1226,1227
feda7c35-9749-42e7-b802-ce51b0533cb2,රිදීබැදිඇල්ල,1227,1228
2e782d94-9394-40b9-940d-73de916f8f4f,බලගොල්ලාගම,1228,1229
ac2a3805-1cd0-4ab8-baa9-253cfa3abe33,පහල බලල්ල,1229,1230
f6bdd7df-30b3-4648-be7c-238b768b6794,බලල්ල,1230,1231
07a4ac2f-4189-4b6b-913b-42a2b5cecf79,දළදාගම,1231,1232
69c50b4d-b8c1-43ad-9769-d1c0e8b97069,පළමුගෙදර,1232,1233
8256c40d-3266-4bbe-9ea6-50e521eb0943,උදාගම,1233,1234
f9f7f9ce-b6f8-4a17-a0c5-71d7ae6d5750,කැත්තපහුව,1234,1235
cc96637e-6ff0-453b-94e8-93d02a9325aa,කයිරාගම,1235,1236
a71bd276-dbe9-4d9c-a695-010022a06a51,උඩංගාව,1236,1237
a151a7d4-98ca-4213-aa47-73050502bbbf,බැලුන්ගල,1237,1238
080ab230-dcfa-44a4-8adf-65379fe3c440,කාසිකොටේ,1238,1239
e31799d8-f1c8-48a7-b34e-d1dd915aeace,ගැටදිවුල,1239,1240
786199ff-2d25-41e8-b672-daa6fe9e4545,මීඔය,1240,1241
ef709d65-1a56-44b6-847d-b203ce7101c2,මීගහමුල හන්දිය,1241,1242
8827774f-50ce-4c30-ae2c-aa70a612fa6c,නල්ලංචිය,1242,1243
242741d5-aa85-41e7-9d2c-30cf05f67b4d,තෙල්හිරියාව හංදිය,1243,1244
0f1ec6f4-cb18-4e67-9c69-afd869fbf66f,තිසපනේපුර,1244,1245
336de79d-9ea2-4359-b337-d55bf5aaa146,නීලවිය ගොවිපල,1245,1246
2c06daad-186d-4935-b074-e161f3859d66,මකුලෑව,1246,1247
29d4048b-15cd-4579-880a-340cbafc7d50,තලකොල වැව,1247,1248
645bb1cb-6fef-4013-a249-f464460f7d0a,හුරිගස්වැව හංදිය,1248,1249
808545c1-a61c-4676-8de7-e2460ad6de25,නාමල්ගමුව,1249,1250
259ce83f-294d-4457-924b-376459c9aa2b,කලංකුට්ටිය,1250,1251
3686d4b7-4110-4018-9990-5d03e8df9852,මිදෙල්ලෑව පන්සල,1251,1252
b53626b3-6826-42a6-ac95-bb2af2067577,මිදෙල්ලෑව,1252,1253
45fd6744-5b54-4c69-a556-c431e44f7d47,බුල්නෑව,1253,1254
5b251719-5a14-4c8b-b310-8c541d8447d7,හිරිපිටියාව,1254,1255
94178c84-2f5f-4323-b054-96545cb49dd3,භෙලබොදුගම,1255,1256
ed91b63c-943c-4bd0-834b-6bf40833bd4c,ගල්නෑව,1256,1257
fee8770f-61b6-4562-bbb2-7c6d4bfe5fdf,2කණුව (මුත්තෙට්ටුගල),1257,1258
849ab321-4346-4a12-b0f0-2d9f6c21cfad,කිරිඳිගල්ල විෂ්ණු දේවාලය,1258,1259
fa289f58-df62-4e53-9f8a-bea8fa1bd866,නුගේ ළඟ/රිදීගම දේවාලය,1259,1260
acea3cc5-92c4-4c89-b2ad-6d8a4c85dc2e,ලිහිණි වැහැර(තෙලඹුගල්ල පාර),1260,1261
59452a88-e8f0-4260-815e-1407ea62b97f,දොඩම්ගස්ලන්ද (මැල්සිරිපුර පාර),1261,1262
6380028e-67de-4b6a-9e0e-315a175ab423,කටුපිළගොල(කහහේන පාර),1262,1263
9b251d05-d1f1-444c-aef9-5068d81e419b,මදුරාගොඩ,1263,1264
6624191d-7e40-4031-b133-a32d7e5d6695,කෙත්වත්ත(හුණු කර්මාන්ත ශාලාව),1264,1265
4484651c-c045-4d7c-9663-da08254929a1,ලොන්ඩන්වත්ත/16කි.මි. කණුව,1265,1266
116837fd-9c5b-4785-ba5e-17e00f0b5dac,යටවත්ත පොලිස් මුරපොල,1266,1267
ed2d8bc6-56b0-401f-9277-d17dee8104a4,යටවත්ත තැ.කා,1267,1268
717bd43d-8f78-47e7-8383-0e1092575d90,දිවිල්ල හංදිය(ඇටිපොල පාර),1268,1269
8fd427e6-0fa2-42f8-8db5-09bba7ce8458,පනින්ගස් කොටුව මුස්ලිම් පල්ලිය,1269,1270
95c1512a-a66e-44f0-99f9-87795a9304fe,දොඹගහවෙල ප‍්‍රජා ශාලාව,1270,1271
8ebbc8e9-8878-4354-9961-c02770a4a1d3,ගොලහැන්වත්ත හංදිය,1271,1272
1c4ebef0-c9ed-482a-8618-6db0c89578a1,පලාපත්වල(දඹුල්ල පාර),1272,1273
af4bc66e-b963-4200-99bc-59088aa1b122,කිරිගල්පොත්ත හුණු පෝරණුව,1273,1274
b86ee5ea-e187-4f64-a59c-e3d8fa0961f4,අළුවිහාරය/ඇටිපොල පාර,1274,1275
74934df2-5215-4354-8b6c-b171b864d5ef,මන්දණ්ඩාවල රත්තොට හංදිය,1275,1276
165df918-7ac6-4b96-a09d-0b1269b6e1af,පහලකුඹුර,1276,1277
9a981f4b-877e-4b01-9bf5-99b663b7dacc,කිරිබමුණ හංදිය,1277,1278
1c0b5380-f3d6-42a5-ac76-f2ae272d083c,දීයාව,1278,1279
2c29c551-70ab-44bc-8792-6789c49f520b,ගොඩ ගාල හංදිය,1279,1280
0dc0f8d9-1d6d-42ac-90b8-903c8abcf126,නිකගොල්ල හංදිය,1280,1281
58bcf370-dbd0-4fcb-b62f-29a613dfd109,තිත්තවැල්ල හංදිය,1281,1282
90c10d38-b687-4830-9b44-14056e588309,කුඹුක්ගැටේ හංදිය,1282,1283
b0687f94-28c5-4a10-ab11-cb8277fd8c24,ග‍්‍රීන්ලයින් වත්ත (පාළුගම),1283,1284
c035a082-a49e-4efd-8284-1e5a2963737a,විජේසූරිය විදුහල,1284,1285
7712829a-e336-47c5-a756-6eee027901d2,රඹේ හංදිය,1285,1286
4bea86b4-2a8b-4bf6-86aa-d40a42734a7d,මාඑළිය මහ විදුහල,1286,1287
b23b6016-7626-4b06-b7d8-8c2e7f76fc7f,එගොඩගම හංදිය,1287,1288
55ce90a6-9923-4140-baf3-fad02df6224b,ගල්ටැන්වැව හන්දිය,1288,1289
f11d682a-1af4-42e2-a5fd-7e696ba46bab,ගල්වැන්වැව,1289,1290
1674aeb0-b85b-4794-99b0-6210dd6b5769,පොල්පිතිගම,1290,1291
244a61e1-8532-4e56-9fe6-101465aec205,පොතුවිල් හංදිය,1291,1292
f1d35dc0-c9a0-4882-87b4-dfa66eac29ea,මඩගල්ල,1292,1293
309cbf97-d288-4d54-aa8f-f75761004726,මටළුවාව,1293,1294
fdc6118a-816f-4036-a300-48859cf6f04b,සාලියවැව,1294,1295
9f0b261b-b471-4de7-9035-b903e9d62f88,මොරගොල්ලාගම,1295,1296
f78a0c55-4e55-47c8-9e30-4b88bbf4f1c1,තලවිල,1296,1297
644a6f3b-6308-4b28-a62a-b9db2dc63ad5,4කණුව (පශුවෛද්‍ය කාර්යාලය),1297,1298
ab863304-1db8-49f8-99b0-fb868c2be072,අඹතැන්න,1298,1299
0c909737-c01c-4dad-b01c-56b82040e698,අකුරණ,1299,1300
f3315736-292f-4392-a5b8-73f39c3d7ed3,8 කණුව (කොනකලගල හංදිය),1300,1301
a6001b10-d8aa-4d90-8b10-5a449a3daa6e,අලවතුගොඩ,1301,1302
e3c1d471-9079-40a4-b28d-ff530552bcfb,රාජකීය විදුහල (මුරුතලාව පාර),1302,1303
bab5255e-5468-4203-adbd-5e5d82d6569b,වරාතැන්න (සීමා මාලකය),1303,1304
39a4ab07-d0b8-40fe-a931-343185f31163,හල්ඔලුව,1304,1305
ba1cc1a9-f14c-4b03-bc85-1236cccc0aba,2 කණුව ජයන්ති පාර,1305,1306
dfd0c816-f81c-4217-8b25-8aceec0a25a0,ගොහාගොඩ(ජයන්ති ආදර්ශ ක.වි),1306,1307
c3ec2d43-3508-4b5f-a29b-1d2c98073ec3,කළුදෑවල (දුනුකේවත්ත පාර),1307,1308
a4a9f44a-ef8e-4cc1-9929-51ba0434b2c3,වේරගම හන්දිය,1308,1309
360b79ed-5ea5-47f0-bca7-84f1202750c4,කයිකාවල හන්දිය,1309,1310
3cf781ff-9586-4c27-9d78-4c3c0caf438e,අඹගස්තැන්න,1310,1311
4c1a0b57-35ec-4134-a0ef-1d6bfff4ff87,රත්තොට,1311,1312
293d9e7d-c549-4ebd-b0c2-cbd06c38ac16,දිගන,1312,1313
973f5ee0-ed05-45b0-a7c0-6ceaf28e8748,ගෝනවල කණිෂ්ඨ විද්‍යාලය,1313,1314
1747c547-c7ef-4ee2-a424-dcee729204c4,ගොමගොඩ බෝධිය,1314,1315
d2ac8af1-b030-48f1-b8d8-b195ef7d8f44,ඔරුතොට බෝධිය,1315,1316
ea39f32d-e516-4da8-926e-368faab7b816,මඩපොල,1316,1317
3911002d-bc58-43e0-bca7-5a7171543313,තෙල්දෙනිය,1317,1318
291a4c9e-c17a-4087-9912-53eda33f41c6,නවයාලතැන්න,1318,1319
b056507c-377e-4781-b138-7fed9a0b7868,මඩවල,1319,1320
9a5a3987-cdc8-44ee-9f33-db2e99a2d7fb,යටිරාවන,1320,1321
20c83f4d-25dd-49af-826b-ecf8e6621ad9,වත්තේගම,1321,1322
f03beb65-a2ae-47b6-9421-618db1089296,රාස් ඇල්ල,1322,1323
9deefdc4-e2ab-44a9-a789-1dee45aee15a,වාවින්න හංදිය,1323,1324
1a6c4859-3cbc-4dd7-a73b-020817b6b06a,මක්කානිගම හංදිය,1324,1325
8465d8ac-4e1a-46a3-a42e-2124ffc1dda4,ගල් පිහිල්ල (තේ කම්හල),1325,1326
14326869-e6fb-4443-ae23-d640ae30a261,පන්විල බස් නැවතුම,1326,1327
b01d7ad4-53e2-4f60-849d-42742ed9bfdd,රාස්සාව (තේ කම්හල),1327,1328
08874c31-b91e-4f55-8f1c-c84beee6e173,හාතලේ (18 කි.මි. කණුව),1328,1329
d038125d-daa7-4a8f-85c7-e39f3478b5b4,හාතලේ (තේ කම්හල),1329,1330
4b174b65-ce9b-4cd0-89fb-4e7217e77d33,16 කණුව (තවලන්තැන්න පාර),1330,1331
bf43c6a7-7b50-43e3-9b28-4fd2f50334a9,මඩොල්කැලේ නාමපුවරුව,1331,1332
8de44be7-7669-4307-b1d9-5324adeb16dd,මඩොල්කැලේ තැපැල් කාර්යාලය,1332,1333
248f9721-d187-45cb-b240-62e0d131612d,මාඋස්සාව (තේ කම්හල),1333,1334
d9f8164e-31a8-4a7e-9ab8-114d580a3a99,රොට්ටුකඩේ (කඩවීදිය),1334,1335
7cf05876-3e72-492d-b45e-f85e31df69eb,කැලෑබොක්ක (අභිරමි දෙමළ ම.වි.),1335,1336
f895c33a-e24a-4b20-8da0-b76703a4869c,ගලහිරිය (තේ කම්හල),1336,1337
5d1d5746-9e50-4d05-a396-2d1c0489cb13,ඩීමලේ (11 කි.මි. කණුව),1337,1338
6648c168-7611-4f6a-b747-d1b368100801,කබරගල,1338,1339
6badad20-9ce4-4d3c-8060-d7fe0316f487,පොල්ගහවලාන(2කිමි කණුව),1339,1340
6b65dbbe-1df2-40e9-9a31-3acb18c6b622,පන්නෙගමුව හංදිය,1340,1341
82ac70fd-abea-4a51-9a56-f5e546023ba9,ඇල්ලගල හංදිය,1341,1342
501b1949-8a18-49a7-a1ab-6d918c29aee4,17 හන්දිය,1342,1343
483cef72-7f02-44e2-aaac-efcd70cb0b6b,19 පාලම,1343,1344
7f049420-f3b8-4888-8681-32bf9686e571,මුල්ගල හංදිය/ලුණුගම්වෙභෙර,1344,1345
5d318d5c-3d5d-429e-813d-0e645f4a2819,22 හංදිය,1345,1346
36b205d4-883d-4b0f-9c3d-2103cc04a404,උයාතුවැව,1346,1347
304d1394-163f-48e6-a233-3fd8ada58867,බෝගහවැව,1347,1348
24c07bd3-70de-47c1-97d6-05e5c72f6ecf,25 වංගුව,1348,1349
597e762b-b5c4-4dc0-b90b-5104de52a43c,රණවරුනාව,1349,1350
d0da6020-fa17-43e8-b9f6-8313f983cc05,තේක්කවත්ත,1350,1351
f71d9978-822b-472e-8e1a-92d3d390e8c5,තණමල්විල,1351,1352
774c7791-2e47-4507-963b-f6d0dd224265,කිවුලේ ආර හන්දිය,1352,1353
952c8841-41cf-4123-8942-6dd0b2f8c54b,කිතුල්කොටේ විදුහල,1353,1354
89f15b56-29d4-4600-90f4-5da04bf0e0aa,කිතුල්කොටේ පාලම,1354,1355
b0051906-9509-4dad-9b92-a87ce2820ee7,සිරිනන්දපුර හන්දිය,1355,1356
fa893415-f049-4304-b879-9cd294c2dd5c,කුඩා ඔය,1356,1357
8ef7a28a-4589-4ecd-9567-2c9c8b503502,කුඩා ඔය සමුපකාරය,1357,1358
dd98aebb-b035-41e8-87ed-2eb5ef8317a1,37 කණූව,1358,1359
dcf16c0f-2432-4b6d-ae7f-de2d72406970,300 කි.මි. කණුව,1359,1360
ee031f61-081b-4d65-8898-3ff96c1a28b8,කුඹුක්කොටේ හන්දිය,1360,1361
0ec37e70-920d-41ef-9c3a-1c31e4360676,තෙලුල්ල ලයිම,1361,1362
0f4f3db3-8f66-4468-acd2-cefc26d7666c,ඇතිලි වැව හන්දිය,1362,1363
d306e692-0e9d-45ec-821f-d07e118eb858,වෙභෙර යාය හන්දිය,1363,1364
81350995-082a-49ae-ad67-7c17a1038e1e,හඳපාන ගල හන්දිය,1364,1365
344d4879-1873-4ba8-87a6-4bed0be306a6,මහාමාර්ග කාර්යාලය,1365,1366
b235fa3d-1b89-425c-8f38-f23acfb7d0e8,බුදුරුවගල හන්දිය,1366,1367
c14f7a76-e315-4e77-a023-52a5dc0658e8,නුගේයාය හන්දිය,1367,1368
db29101b-7106-451b-ba21-b6aff6f7c850,වැල්ලවාය ඩිපෝව,1368,1369
1feb7985-c4ab-43c6-81ef-0defb474726d,වැල්ලවාය,1369,1370
8687f09f-2335-43f9-8b87-a00e4943343d,ශාන්ත මරියා පල්ලිය,1370,1371
80624e87-16c9-44b2-9fdb-8de69c0a0a82,වැලිආර හංදිය,1371,1372
0911ce63-5359-4281-8099-da235efd10aa,කෝන්ගහරුප්පේ කෝන්ගහරුප්පේ,1372,1373
91712f08-61ba-4eda-b819-3a7961b2845d,රන්දෙනිය පාලම,1373,1374
e3574c44-746b-40a3-a818-b25e56d77446,රන්දෙනිය,1374,1375
fa205807-c7c6-48df-89a4-612e5b355be0,රන්භෙලගම ප‍්‍රාථමික විද්‍යාලය,1375,1376
b7c236b0-4069-4f02-b28a-75348fa5a5ac,13 කිමි කණුව,1376,1377
1653d33d-06b8-40ac-af92-54e4a9553ae0,දිස්ත‍්‍රික් මායිම,1377,1378
a63caab0-7704-45ff-afad-ba03bc093984,කරඳගොල්ල/16 කිමි කණුව,1378,1379
1a1f7559-0e83-4c6a-8e88-7f0f97415000,කරඳගොල්ල පාසල,1379,1380
6e47a7ce-262d-4e48-a509-35f62286b7b5,19 කිමි කණුව,1380,1381
b9efdc07-36d4-45a5-9e5f-607d06284202,රාවණා ඇල්ල,1381,1382
dafe01a6-ff5f-483c-856e-c2616a1af9ac,23 කිමි කණුව,1382,1383
ab7bc3f2-c2b8-42cf-a2ea-82990659e848,24 කි මි කණුව,1383,1384
4cc43f44-1fb7-4ada-90e8-ac0f503fd344,රාවණාඇල්ල පුරාණ රජමහා විහාරය,1384,1385
f1dbafbe-6fa2-427c-9edd-58e76f8ab0f5,ඇල්ල,1385,1386
721de372-9de3-400e-9573-354694b727b1,1 කණුව කිනැලන් වත්ත,1386,1387
1b54ab58-60c6-483f-9baa-e969160eb964,කුඹල්වෙල හන්දිය,1387,1388
73438ac5-c10c-4541-b818-dc308da5fc2d,ද්‍යෝව,1388,1389
bc5c8e6e-363a-4a29-9eaa-5204978258b9,දික්අරාව,1389,1390
86225e95-3df4-4eeb-911f-427a96a4bad6,බිඳුනුවැව,1390,1391
837f2b33-d882-45bf-91e4-918b5559f765,තන්තිරිය,1391,1392
ba7803cd-567d-4bcc-906d-91b2caf30468,බණ්ඩාරවෙල,1392,1393
d1a09bea-93c6-4341-bc1f-e01f85493bcb,ශාන්ත තොමස් විදුහල් හංදිය,1393,1394
f505d9b2-75e8-4e95-b5da-cf8b93a7e5dd,අඹේගොඩ වෘ.පු.ම,1394,1395
0f29e0c9-df94-465d-8672-e8e91eb6ac5e,දිගන්තැන්න සමුපකාර ග‍්‍රාමීය බැංකුව,1395,1396
a278df28-5afa-44de-94e2-f5117cf1994a,උඩ අරාව පන්සල,1396,1397
28dced6d-8045-4d6f-9306-939c0ed82f51,මාතොටිල්ල පාලම,1397,1398
35fde818-58b1-4dc4-886e-5d57b678f953,මිරහවත්ත තැපැල් කාර්යාලය,1398,1399
84f78f79-fae5-456a-9354-31d9417355d6,ඩයරබා හංදිය,1399,1400
0bf72364-acb3-4846-80ed-ff60175e52ad,උඩවෙල හංදිය (මිරහවත්ත රෝහල),1400,1401
b0d03fd2-34ee-4eee-b2ee-6a035a5bba5b,නාවෙල ග‍්‍රාමීය බැංකුව,1401,1402
4d19a74a-7032-4506-a209-84956c7f9c63,යල්පත්වෙල උ.තැ.කා,1402,1403
1578719f-645f-4d0c-a70d-d9d9efa44c20,දඹවින්න පාසල,1403,1404
11f47d36-6823-40c9-9641-8ef7011404e8,දිවිතොටවෙල (ආයුර්වේදය),1404,1405
9fc21cd0-2adc-4da0-b077-dc9feb852677,වැලිමඩ,1405,1406
be4da548-e558-4904-9131-360ba3d37eb6,පොලිසිය,1406,1407
317b073c-ef81-40ba-b481-6588e0ea0935,සාප්පුකඩේ,1407,1408
fa85fe34-396e-467c-a50f-f2bd82952dbf,නුගතලාව,1408,1409
865325d1-4b13-4257-9143-d2f84239521e,කැප්පෙටිපොළ,1409,1410
a1de4fbf-8812-4aba-8bb6-f2cf74e07c44,ගවරම්මාන,1410,1411
eed3d799-7f0d-4957-aa66-2c4db662ba40,බොරගස්,1411,1412
b08e1f0d-0b29-4082-9397-a3ee2fd1f8d7,අලකොලගාල,1412,1413
b6224174-f4d7-4d22-ba7f-466e8e01e948,අඹේවෙල හන්දිය (රේන්දපොල),1413,1414
9df263e4-bf8d-47be-819b-e924b4a9377c,හක්ගල,1414,1415
7d9921da-6eaf-4f26-9879-592023fab9aa,සීදේ අම්මාන් කෝවිල,1415,1416
b4749f9d-e626-42d3-a7ca-0bad1bd4daab,සීතාඑළිය,1416,1417
c54250dc-2c8b-4815-8e69-5033b6a543e1,කටුමාන,1417,1418
29ff1a79-0b53-4f17-8594-3ad5abe46cca,මාගස්තොට/සඳතැන්න පාර,1418,1419
41ae7a2a-bef0-415a-a9c4-125ab1d653dd,කැලේගාල,1419,1420
bdb3bf18-0ff4-4da4-8cf1-6a47a093a84f,නුවරඑළිය,1420,1421
0df53983-6cff-4029-b443-90d2e5ac8d54,බඹරකැලේ,1421,1422
96412a9a-ff31-4511-80a5-86761f3bb6c7,ටොප්පාස් ටොප්පාස්,1422,1423
644932d0-3fe2-4242-b611-b658472eaece,වෙස්ටඩෝ පල්ලිය,1423,1424
4996a59e-af0d-435e-84cb-222dc6c0932a,කිකිලියාමාන මහා විද්‍යාලය,1424,1425
c39abe6f-1e84-458e-bd60-2e54e528fdcc,66 කි.මි. කණුව,1425,1426
1aa15d77-fc4f-4031-b0a2-857c44715a27,කුඩාඔය මහා විද්‍යාලය,1426,1427
df1dc0e5-04a1-4a83-a12f-fdaee952ca63,ලබුකැලේ,1427,1428
21a81bf7-e1d2-42a6-9e1c-69cbce5c56a3,කොන්ඩාගල,1428,1429
32e63594-04b1-4688-b1da-d2648eeacb16,60 කි.මි. කණුව,1429,1430
10f6025d-562a-47dc-952b-e566b862e6aa,වෙදමුල්ල වතුයාය හන්දිය,1430,1431
231b4d40-df1a-4fdb-8190-f6f2bed0314a,පලාගොල්ල,1431,1432
32fee9fc-d77d-461e-a504-36dfef0a5d77,55 කි.මි. කණුව,1432,1433
416e4c68-9ffa-41ff-99d2-74d7edd1cde8,රම්බොඩ දෙමළ මහා විද්‍යාලය,1433,1434
0b9c9153-d85d-48d1-8881-808dd470c9e0,රම්බොඩ,1434,1435
d58b0699-39d8-443c-9b0d-0462250a7684,51 කි.මි. කණුව,1435,1436
c98d13ec-e8dc-4dd2-b7e1-fa154dc906ba,තවලන්තැන්න,1436,1437
81e2d320-0139-4ae4-9a69-059a5496f3c1,කරගස්තලාව පන්සල,1437,1438
855014d8-75e8-4402-8455-215df35e5a1e,කටුකිතුල,1438,1439
caf22623-22c9-48ad-8fbe-9eb3abff1f32,භෙල්බොඩ උසාවිය,1439,1440
101f3cc6-be9d-45ec-871f-f14840f5642d,කොත්මලේගම පන්සල,1440,1441
f4d896c3-0f94-4c68-bc07-77bc61bafd7a,භෙල්බොඩ ඔය,1441,1442
5aa05485-040e-4913-b1a7-b2576d2df03e,ඩෙල්ටා හන්දිය,1442,1443
9930bd84-1911-4507-99d7-0ad5ccfb9387,පුස්සැල්ලාව,1443,1444
8e62ffba-23fb-4493-af2f-620b716b9ff2,පුස්සැල්ලාව හින්දු විද්‍යාලය,1444,1445
5797f816-a184-4587-b934-a1de2e06deb4,පුස්සැල්ලාව රෝහල,1445,1446
9d833eab-7b6a-4f62-b71b-b85cb1ff0071,වහුගපිටිය,1446,1447
646c3c35-2151-4b1f-a059-1c1b53b48bd3,පාරදෙක,1447,1448
3fcf521b-93af-4bee-a781-f259a9c4aa5f,30 කි.මි. කණුව,1448,1449
3f267485-c026-498f-8a82-24e30ee4ffb1,සැන්චුවර්,1449,1450
dd5a9900-a207-45d4-9f2e-0ae7f1024bf0,අටබාගේ අටබාගේ,1450,1451
d5a399e7-7595-44d6-b587-1f5e742ec707,දැල්පිටිය,1451,1452
065af6e0-2c46-43ed-a6c0-0a0afcea6bc2,ස්ටෝර්ෆිල්ඩ්,1452,1453
e0b51ec9-6c1d-47b7-a3a6-792408255680,බොරලුමංකඩ,1453,1454
481691da-362d-4cc5-b3ce-8a6f317605cc,ගම්පොළ,1454,1455
618175c2-d0ae-452b-89ac-6b0b85c29f6f,බෝතලාපිටිය,1455,1456
dc06f84a-03f1-4237-9f57-46f8ff6ef587,ගලගෙඩියාව,1456,1457
fa5ea6d8-cd04-4843-a2d4-b6d12890de6c,වැලිගල්ල,1457,1458
6881297f-aaeb-4093-a9e8-99802d133c11,ගෙලිඔය,1458,1459
abd80ce4-57c1-44fc-ac6a-76b587ec4bca,කොස්හින්න,1459,1460
23af6724-1536-491c-9214-635034e6f189,අගුණාවල,1460,1461
5889e98f-ab5a-4019-b9b6-6bc7611dbb4f,කටුකැලේ,1461,1462
8a03a147-cc7d-4bfa-add2-193063291631,රුහුණු විශ්ව විද්‍යාලය,1462,1463
12de1681-5ae4-41ac-b854-82b4e998e0b3,දෙවිනුවර දේවාලය,1463,1464
9df1c8d6-7e43-46ee-b3fb-9c2784c88d4a,කපුගම,1464,1465
2cf588a7-b25d-4ecc-bdad-be3b68af8c81,ගන්දර පොලිසිය,1465,1466
7087d557-09ef-46c5-b849-f960e4873ec3,තලල්ල පාසල,1466,1467
50a4a656-4ffe-4a47-86d6-c01f4a541e4b,කෝට්ටගොඩ බාලිකා විද්‍යාලය,1467,1468
827bff75-ad64-4b14-adbd-1ce952102461,හුන්නදෙනිය හන්දිය,1468,1469
04eb8370-5db6-4bd3-9913-9cada9de5fe5,බී එම් සී ගාමන්ට්,1469,1470
8b3cc197-c88a-49f6-95c2-0f58a4a6a551,දික්වැල්ල බස් නැවතුම්පොල,1470,1471
a905121d-9ed7-44e9-84b8-f60439963256,දොඩම්පහල හන්දිය,1471,1472
31200a35-cca7-4077-a8c2-e7a1e2b32f95,අළුත්ගොඩ බෝගහ,1472,1473
91e87161-eacf-4141-ad85-aa398c9f3bb5,කුඩාවැල්ල හන්දිය (ගාමිණි විද්‍යාලය),1473,1474
65c63ea6-ccd9-4c7c-ac9b-7973df37d2f3,පහත්ජාව (දේද්දුවාවල හන්දිය),1474,1475
569080ca-a69b-424a-aa92-af2bcac838de,මොරකැටි ආර (මාවැල්ල හන්දිය),1475,1476
4c6bd3e3-afa9-4860-ac4e-e3bb52ae0b64,සීනිමෝදර පාලම,1476,1477
45000d5e-456f-4b90-8727-65c3dd87f393,ගොඩැල්ලවෙල හන්දිය,1477,1478
f2ad735d-e878-46df-8ee6-1e866c690a94,පල්ලික්කුඩාව (බේ හෝටලය),1478,1479
4e76eadc-42ce-4cb9-a63e-d0a706776d98,තංගල්ල,1479,1480
a3af747f-3fd6-44dc-90f4-59677cac6629,හේනකඩුව පංසල,1480,1481
a63defb8-25c9-4b21-874c-ecd412489325,මාර කොල්ලිය,1481,1482
015c7cee-4ee3-44ef-8208-f36d0ab8bbd8,ගොඩිගමුව පට්ටියපොල හන්දිය,1482,1483
237b2bff-49dc-4e9a-af80-cb6927b2b22d,නෙටොල්පිටිය,1483,1484
bf13a655-89f3-4fec-aebb-f9567f106eef,වාඩිගල පන්සල / ගාමන්ට්,1484,1485
3c1cabb3-70f9-44cc-8744-e672d4db277f,රන්න,1485,1486
e504d759-e953-4c66-92c5-4f9a94394a2c,කහඳ මෝදර හන්දිය,1486,1487
36ef49ba-bc19-4785-9b20-3f906819dc2a,බටඅත ගොවිපල,1487,1488
a2fa3ee3-5b14-4117-afd2-bda777cc543a,හුංගම,1488,1489
85ddc051-0cde-4d2c-928e-2aba2b39ad47,කිවුල කලමැටි පාර,1489,1490
49580766-b306-4e9c-8daa-e4a11df0bdbc,ලූනම පාසල,1490,1491
f8d4f433-babc-4937-8e56-e86ff9ddd2f9,වෙලේවත්ත(නාවිමන පු.රා.ම.වි පාර),1491,1492
3cadcc2e-c7d4-4bb3-b4cd-de9e65bf3119,කපුගම (ඇටසැකිල්ල පන්සල පාර),1492,1493
2cc0758d-f6c9-4eda-a564-5a4095a11088,ගන්දර (ජයබෝධිය),1493,1494
c2ace67e-bacf-4a8e-9226-1baf9f6d7b5a,තලල්ල (නාඔටුන්න හංදිය),1494,1495
5c073d3b-c278-4e9f-a878-b27b27c48fcf,පාතේගම හංදිය,1495,1496
669eb91f-4413-44e9-9791-ee8358697cdf,හුන්නදෙනිය (රත්මලේ පාර),1496,1497
6c363ff4-3542-4341-bab9-3e0fdc1ab341,පොල්ගමුව (ගොවිජන සේවා කාර්යාලය),1497,1498
ff2c5051-5399-41b0-a541-4b4e2092f7a8,දික්වැල්ල බස්නැවතුම්පොල,1498,1499
f63ce39a-e38c-4f62-88d2-12943f1f740c,දොඩම්පහළ හංදිය (නිල්වැල්ල පාර),1499,1500
dadd36c3-8c6d-487c-8444-bdddb9b9ef25,මොරකැටි ආර (කනිෂඨ විද්‍යාලය),1500,1501
e7c1d6bc-535f-40cf-a7ab-f819e828f0d5,සීනීමෝදර(කනිෂ්ඨ විද්‍යාලය),1501,1502
eba9b692-6e87-48d7-9fea-116df4dac1c9,ගොඩැල්ලවෙල හංදිය,1502,1503
aeb16531-8c6d-47cb-8fae-7d882c95e982,තංගල්ල බස්නැවතුම්පොළ,1503,1504
331aeb81-e0ae-4318-9cc0-2318a9571b2d,දංකැටිය පාලම,1504,1505
12612ffb-3819-4b11-bc7c-dc3c59939121,ගොඩවානගොඩ ක.වි,1505,1506
231db610-3c34-417c-acbd-4d7cd9be7ada,පොල්තවාන (බංගලාව),1506,1507
e841db6a-aaec-46a4-9494-33f84bdc24da,විතාරන්දෙනිය හංදිය,1507,1508
66323ac4-e39d-4508-b3b8-5bd586a69eca,බෝපැලේ හංදිය,1508,1509
c3ccdc92-43a0-4cc7-b63f-b94f16bb2eb4,බැදිගම පුරාණ විහාරය,1509,1510
ec906b1c-3e88-4923-9a17-4f91038e1ff4,කටුවැව (ඩි.ඒ. රාජපක්ෂ ම.වි.),1510,1511
c987650b-7e69-4ea6-bed3-d3ccca26f333,යක්ගස්මුල්ල හංදිය,1511,1512
990c5bfd-d7e5-4b93-915e-c862260efb1d,මීගස්ආර හංදිය/ගොවිජන සේවා හංදිය,1512,1513
eba7e8b7-765b-4ca7-af85-07d17fcec809,ගල්පොත්තයාය බෝධිය/සේරුගොඩ පාර,1513,1514
bf5da9f3-1289-4885-9d13-a3d8eda639ba,11 කිමි කණුව,1514,1515
27ebacec-7f63-42ab-b232-d83f8e160593,මිද්දෙනිය බස්ගාල,1515,1516
fa7d794f-ffd7-46b1-84f1-1f71738e1832,භෙල්ලල හංදිය/දක්ෂිණාරාමය,1516,1517
c979af18-0cbd-4cf5-8de8-557f0c7996d6,මුල්ඇඬ්යාවල හංදිය,1517,1518
84d708fd-be93-4ecd-afc2-31c1ff01138d,දඬුහැතැප්ම(ඉඟිනිගහගොඩ විදුහල පාර),1518,1519
3ada77e6-1e60-41ca-bf84-46f0dcf1edd3,සුදුගල නල ළිඳ,1519,1520
67a6a95b-a30c-4f13-b6ec-ce44aef0d2d6,වලල්ගොඩ හංදිය,1520,1521
04532cf2-14e1-4562-aab9-afb4a1d7e75e,පනාමුර හංදිය/කොළොන්න පාර,1521,1522
45a19981-34d9-44f0-a627-df240326dd5c,5 කණුව හංදිය /බණ්ඩොක්කයාය පාර,1522,1523
2d50a1af-cbbf-45be-9592-ce95b3043703,3 කණුව (කෝන්කටුව විදුහල ),1523,1524
e3996747-81a7-41ad-a0a0-f3a6d8471279,තෙල්බදුආර (ශ‍්‍රි පුෂ්පාරාමය),1524,1525
b0a98dcb-706e-435f-bd23-26f2074d2fcb,ඇඹිලිපිටිය,1525,1526
d1bcde8a-5ad3-4d23-80c5-d7c58dc012d8,නලගම හන්දිය,1526,1527
ff95d5e6-f168-4f9f-8e73-7db03f16fe2e,සිටිනාමළුව වැව,1527,1528
2451acfd-320c-43d8-8976-3481e076bf79,පුවක්දණ්ඩාව,1528,1529
c6d1a283-adc8-4fd1-986b-796d441724f2,බෙලිඅත්ත,1529,1530
8154ba54-5f80-41d7-89b2-4065ab563af5,රත්මල්කැටිය ප‍්‍රජා ජලසම්පාදක මණ්ඩලය,1530,1531
763a2837-86e4-4d04-9ca9-afefc36f340c,මුතුමාල කනිටු විදුහල (මිරිස්වත්ත),1531,1532
07141ac1-dbc4-49e2-bcff-c0b2f66b8181,ගලගම හන්දිය,1532,1533
21a56a4e-ea75-4267-946b-1a9d58c08b0c,වැලමිටි වංගුව පාසල,1533,1534
6c4626c7-b77e-49c8-b75a-fe3d3a94d67b,වලස්ගල හන්දිය,1534,1535
7ad2e582-ec68-461c-8bfa-1b6d5f493a77,වැවුරුකන්නල,1535,1536
1f92d155-85de-4f68-ac88-a1a02dfacdf1,ගාල්ල සංඝමිත්තා විදුහල,1536,1537
bc9cc838-4242-47d7-a111-4f92f920a222,තුංකම හමුදා කඳවුර,1537,1538
618007c3-17e1-45f9-aaa2-8b208bdc6d5e,කඩදාසි කම්හල,1538,1539
66948fad-3d6d-485c-841b-a15d75dd6337,හිඟුර හංදිය,1539,1540
a9243663-c8fc-4fcd-854b-303a14fd5418,තඹලපැලැස්ස,1540,1541
79e7cbdc-ac0d-48b9-8fb6-640d1c46f041,කෝන්ගහගාව,1541,1542
e84d964c-0b24-4a56-bf82-a295802f2b77,තෙරුන්ගම හංදිය,1542,1543
c594fa00-9858-4fca-909a-cb346782315a,පලුගහවල හංදිය,1543,1544
4c34ea87-d7a6-4d4e-be38-7c4438c4a6bc,හැලේකඩ දියවර ගම්මාන පාර-ක‍්‍රිඩාපිටිය,1544,1545
fb37b0ea-9ac8-4fea-95f0-a6ce48dbe4c7,අලුත්වැව පුබුදු පෙර පාසල - පී.ආර්.ඩී.ඒ.,1545,1546
68cfd9c1-b8f1-4511-bd7b-6219ae573fa3,අඟුණුකොලපෑලැස්ස,1546,1547
445e2cdf-14f8-4b38-a0ce-e81a27b8b046,මහවැව ශ‍්‍රි දුමින්දාරාමය,1547,1548
ac224fe4-33c6-4c55-ab48-fdb00cc73bb2,මුලින බෝධිරාජාරාමය-මුලින ක.වි,1548,1549
9b3b0180-5fa4-4c88-af4d-91f355985786,පට්ටමලුව- ශ‍්‍රිධර්මවිජය භික්ෂු ආරාමය,1549,1550
be605548-335b-407c-a1eb-e65007ef2017,හුංගම හංදිය,1550,1551
ea0ed76b-108e-4520-9e85-8a5798b13f0d,ගොඩිගමුව පට්ටිය හන්දිය,1551,1552
d50ea065-19c8-4f4f-b3b7-59794e60b906,තල්දුව,1552,1553
f95d2fad-1f66-4e96-90bf-35eb73b7156e,ඉහල තල්දුව,1553,1554
5ec537fb-2fb7-40b7-bb42-80c71c30633c,පිටදෙණිය,1554,1555
d64241b6-35a3-47c6-8314-2989fdc4619d,දෙහිඕවිට,1555,1556
04ff601f-df8c-467e-90a6-d518513c2c0a,ඊරියගොල්ල,1556,1557
72cf225e-5f2c-423c-a475-b9fcfa8f7320,අටුළුගම,1557,1558
435608bc-8fcc-4a60-b91c-7d3919c80e3a,මාගම්මන,1558,1559
12f77db3-5693-49f3-bf73-88df02ffc61d,කරවනැල්ල,1559,1560
d476d9b0-2c6e-4373-8b05-2dda06d46bde,ගල්පාත,1560,1561
d003b9c8-90e9-4d28-8cbb-46b10ad8b8f4,ගොමාඩුව,1561,1562
93788d00-f5c5-4018-9b37-09994fbbb7ec,යටියන්තොට,1562,1563
65edfa2d-5c05-46ea-bda0-7fa9cce6a11f,අලිවත්ත,1563,1564
5d24a996-3221-4efb-8f91-4936d89c020a,නවට,1564,1565
8f338326-7c65-4420-9007-3f3cb9e72fd0,හක්බෙල්ලවක,1565,1566
c109edd0-7457-4ca9-a8db-1e0e8437c062,තනකොලවත්ත,1566,1567
921ba43d-1f2e-40c3-8864-768ae90d70ad,තුන්කිඳ,1567,1568
cf895571-9ee0-484f-86aa-9932e2c3d841,ඉංගිරියවත්ත,1568,1569
1e77ab4a-5a66-46ae-b2f5-fbc9e8db2fa8,තැලිගම රෝහල,1569,1570
f1c93084-143e-4617-929f-b5f60d512a8d,බිබිලි ඔය,1570,1571
c4cc2ffb-ba49-42ed-93be-5b1231981216,කිතුල්ගල,1571,1572
c353ded3-e332-4d89-a10f-9731847354ce,බටුකිත්ත,1572,1573
d30488bd-4499-4167-bcdb-43f65d1f925d,කළුකොහුතැන්න,1573,1574
26423f7b-4e07-49d2-a46b-aada405a542f,කළුගල,1574,1575
00a7ae89-8ee2-4a79-a6d2-1cd926024545,පිටවල පාසල,1575,1576
d70304af-f10d-4423-9437-149c9d107aad,මිල්ලගහමුල,1576,1577
00102937-6fdc-4d07-a6fc-90d5e4817537,රංජුරාව,1577,1578
67782845-b1b7-40a8-bce0-65edb12ccac7,බදුපොල,1578,1579
077052cb-0bb6-4618-acab-bf30e66900d2,පහලකඩවල,1579,1580
5abcd046-7f13-4d2c-b7e6-b30a3a6a32de,ගිනිගත්හේන,1580,1581
cbb55f7c-6566-4971-a5d8-3b9880f7605e,ගිනිගත්හේන ප‍්‍රා:ලේ කාර්යාලය,1581,1582
59e0b1a4-ab47-4cf1-9d60-ddb621e3534a,කඩවල දෙමළ විදුහල,1582,1583
c4583514-996c-4e78-a26e-ff049900aab3,දියගල හන්දිය,1583,1584
77275ef1-095b-450d-88a2-5db12c24e9c3,කරලිනා,1584,1585
9f032182-a142-42b4-9400-afc514dee88f,වටවල,1585,1586
6206de1b-f7fd-4315-be07-a1aafd4f8e67,වටවල සිංහල විදුහල,1586,1587
21367669-8d94-494d-8cb0-2aca4f64929b,රොසල්ල,1587,1588
088ae9f9-0b45-4d4c-8a9c-1f2448c6d956,කුයිල්වත්ත,1588,1589
9db31f65-92d1-4093-9569-2592a724da20,වුඩ්ලන්ඩ් බසාර්,1589,1590
7811b15f-4e30-4254-90d3-bc5695ea7562,ඩිමලේ,1590,1591
08d1c2ce-683a-4a7e-ad10-ac0ede7696cb,මල්ලියප්පු හන්දිය,1591,1592
be7791e7-134d-4477-a1cc-c151efe5e6fe,පොදු සුසාන භූමිය,1592,1593
9efce1eb-f9d9-4d8b-b5d0-72e4eb4b97af,කොමර්ෂල්,1593,1594
b39a55e9-848e-447f-81c3-d09d52a7aa60,කොටගල,1594,1595
acb8f0e2-cea8-43c8-95aa-31b6f8c70ead,කොටගල වෙලඳ පොල,1595,1596
7b37fefd-13ec-4408-8704-b04f885e3e26,පතන,1596,1597
560eb76a-993a-49b9-a66f-b111ed7d5ea3,ශ්‍රී‍්‍රපාද අධ්‍යාපන පීඨය,1597,1598
b92ae971-ffe4-4cad-aa3c-12aac721b797,ඩෙවෝන්,1598,1599
253eea06-9d8e-45cf-a7a9-178a95c5c474,සේන්ට් ක්ලෙයාර්,1599,1600
d9614935-0c42-4e60-afbc-7c3f2f557e4f,තලවාකැලේ,1600,1601
eb56df00-406e-49f0-93ec-e314d8907d17,ලොගි ෆැක්ටරි,1601,1602
c505b3cc-872f-4a69-9350-f90334ed89ce,ලිඳුල,1602,1603
eef62ebf-5611-43a0-b391-10fd13a978a8,නාගසේන කඩවීදිය,1603,1604
dac30130-6ddc-42e2-aeb3-a17d3e165c35,ආගරකන්ද මඩසාමි දේවාලය,1604,1605
6e8bf28e-5d5f-4015-b281-4daa451eb931,5 කි.මි. කණුව,1605,1606
dcf89f45-1448-497a-b3c4-8fe7552e220e,තිස්පනේ හංදිය,1606,1607
f8d76a3c-f94d-4044-a7f2-19a1f966f954,වාලමලේ,1607,1608
42f23ef3-5be3-40e4-a28f-6bf5421a3bce,9 කිමි කණුව,1608,1609
79f9e93e-7c8b-4509-9426-e0c41c8113e4,පසිමලේ/හෝල්බ්ලොක් (පොලිසිය),1609,1610
385c9b8b-7446-421b-91cc-89cddc498018,මන්රාසිය (පෝඩේස් පාර),1610,1611
198a6694-cccc-4af2-990e-0fc32a0fb3d9,ආගරපතන,1611,1612
91d41e2d-43b0-4558-bad0-df4b00a82bc9,පෝට්මෝර් (18 කිමි කණුව),1612,1613
36de1f38-a242-48ca-a028-f1390f52966c,තඹලගොල්ල (දෙමල මහාවිද්‍යාලය),1613,1614
f6f304e7-b926-44b9-9d8f-27fb3ccea86c,ඩයගම,1614,1615
c99eb658-2556-44d4-9870-91b9a6e7e359,හැටන්,1615,1616
9d742e1d-9099-4f83-90bb-d23ffa3dda39,ගොවිජන සේවා කාර්යාලය,1616,1617
2aaf3341-6bbf-482c-a471-6930297ca98f,මට්ටකැලේ,1617,1618
a32639e8-0658-4c1f-bbf6-3e02784f877e,පාමර්ස්ටර්න් හන්දිය,1618,1619
236b5db8-aa75-4386-86a4-628ea3fb431b,සමර්සෙට්,1619,1620
cf892829-d366-499f-b2b4-d65bbc98d0f3,රදැල්ල,1620,1621
ae9aae44-567e-4869-a868-3a9dd1537781,100 කි.මි. කණුව,1621,1622
eaf0a0c3-e348-42c9-9cc5-33b801f9d534,කිරිමැටිය,1622,1623
5679333f-461b-4f4c-a6ce-070786f80ae6,ඩේස්ෆොර්ඩ් කඩමණ්ඩිය,1623,1624
391b274c-6498-4775-9ff2-6080b48b5f73,ඩේස්ෆොර්ඩ්,1624,1625
67b1594d-096c-4443-b6e6-ffbeef61bdb6,ක්ලැරන්ඩන් වත්ත,1625,1626
2d2ee92c-e54c-4533-9a7d-d2ce62d68a40,රදෑල්ල හන්දිය,1626,1627
f36ddab0-6e8c-4e19-9940-ba24d7a6874f,නානුඔය,1627,1628
f9094076-7c99-4b6b-957b-0e0771d6e2af,එඩින්බර්ග් වත්ත,1628,1629
290ee302-6956-4e36-837d-4b26282ee200,බංගලාවත්ත,1629,1630
d7694430-c86b-4cfe-950c-b5810a015f7b,බලැක්පූල්,1630,1631
9c982168-d22d-44ca-8339-3adfebe6b688,වැලිමඩ මධ්‍ය මහා විද්‍යාලය,1631,1632
6fe74306-a5ca-4597-a5d0-5edf37496e53,පුහුල්පොල (දික්කාපිටිය පාර),1632,1633
0e888608-878d-452c-9e50-4fc70a8422b5,104 කිමි කණුව,1633,1634
95096df9-7b78-4c73-b257-13827474a1b3,කහටපිටිය 106 කිමි කණුව,1634,1635
7c2fd914-3954-4b97-8685-deb81a6f4972,මඩම (විදුලිබලාගාරය),1635,1636
b2e1b4a5-3aef-4881-95d4-1f3cb0bd9655,වේල්ලෙවෙල පේමානන්ද විද්‍යාලය,1636,1637
b391da40-3a0c-436d-88e8-eed4f905772c,මිරහල් ගමුව (දෙහිවින්න විද්‍යාල පාර),1637,1638
c1cf0839-5650-4063-967c-f91d26cc1d31,ඇටැම්පිටිය කඩවීදිය,1638,1639
8d55ee22-9a8c-4db4-b0d8-014ed83b4686,නිලිඅතුගොඩ (ගල්ඔය හොටෙල්),1639,1640
e387d362-00cc-4f4c-9fae-641d5c446bd5,ගලබඩ (නෙළුව වත්ත පාර),1640,1641
c4da45e2-87cf-45ce-acf0-d856a188eaea,මොරේතොට (ශාන්ත ජේම්ස් වත්ත),1641,1642
e81379d1-7673-4820-8c16-a01e2f99aafc,අළුත්වෙල (ට‍්‍රාන්ස්ෆෝමරය),1642,1643
2545a195-e860-474e-b941-958f1611b3ca,අඹවක පල්ලිය,1643,1644
8bf76429-e86c-4353-ae7f-594da8574f63,හාලිඇල,1644,1645
3bd95557-f94e-4be9-b756-390427004627,ක්වීන්ස් ටවුන්,1645,1646
d32f145a-6467-426f-a6d3-7b0c8b65b076,සිංහපුර,1646,1647
c8bd83a4-d6dc-49ac-8321-66cc0aed4b9f,පිංආරාව,1647,1648
42f53230-2bde-4e63-b2f1-4d783ef08b61,බදුල්ල,1648,1649
2048157a-2f7f-409c-b057-f4ed574b1289,රඹුක්වැල්ල රජමහා විහාරය,1649,1650
3cd3c604-4a0e-49aa-9b23-608db6cc671b,26 කි.මි. කණුව,1650,1651
30af8b80-a11b-4aa3-b407-4621409af29f,වෑගල බෝධිය,1651,1652
acd0d6fd-2b7f-446b-87bd-83f08e7823eb,වෑගල කණිෂ්ඨ විද්‍යාලය,1652,1653
cf3cf9f8-e2ae-464d-a44e-ffe489b56d96,ගල්මල්ඔය විෂ්ණු දේවාලය,1653,1654
3b690ed2-a98f-4a9a-996b-89bb94009295,උඩතැන්න,1654,1655
29f56ef3-7f19-4db5-8885-82de15b9bd4e,මැද මහනුවර,1655,1656
942e6794-e661-4b93-ae02-f39a509214ec,වෑතලාව,1656,1657
1db93d7a-eb4a-4076-9f34-e05e18e6c357,ගාලෙකැලේ,1657,1658
dac105e1-1c51-4684-bf08-bc2de4781380,හුන්නස්ගිරිය,1658,1659
0ff5ff2e-c772-4573-b6a7-d4b662086a5f,කෙවුල්ගම හංදිය,1659,1660
d4255360-415f-490d-a5e9-9f368124d388,එනමල්පොත හංදිය,1660,1661
d5abf27a-c1a0-483f-be36-a2e445fb2a3d,කහටගොල්ලෑව පාලම,1661,1662
65a3aefa-5f6c-4d72-b8ea-e69a06d5c2dd,උඩුදුම්බර,1662,1663
dd92f650-0bd0-4f8c-859f-1f9945f93c1d,47 කිමි. කණුව,1663,1664
3f0ff079-db11-4453-9e8c-f25b6f752c29,කෝවිල්මඩ දුම්කොල ගබඩාව,1664,1665
b49af289-2ff9-4542-bcac-b466a637f973,තම්මැටියාන,1665,1666
871e9bc4-7b4e-4733-aa7a-4a8166b455bf,53 කි.මි කණුව,1666,1667
ba4032b1-97ac-49c9-8bfa-55339cb83781,පෝප්පිටිය හංදිය,1667,1668
070b6e05-3a4a-46bf-8da8-3a7daa1f37e0,57 කි.මි. කණූව,1668,1669
069f5810-f61e-42ee-9f4e-dfb665cf2d53,59 කි.මි කණුව,1669,1670
0b144cdc-3a5e-4e88-9654-7ba44e8cf552,61 කි.මි. කණූව,1670,1671
6388924a-d73e-4e80-b3ec-abd7243248d6,ගුරුළුපොත විද්‍යාලය,1671,1672
5cf80a7a-5a72-41ed-aad7-f83065a0105f,රන්තැල්ල දියඇල්ල පාර,1672,1673
2e057589-2f62-4678-907a-b1c4d691f498,65/5 පාලම,1673,1674
44e2613d-6ecc-49b3-be8b-6fb8dd9a517a,උඩුදාව වාරිමාර්ග කාර්යාලය,1674,1675
470bf459-82cd-4f0e-90ef-fc75ea25914a,හසලක,1675,1676
700a31a5-6753-4ad7-9a1f-33a2d138c73c,පල්ලෙවත්ත විද්‍යාලය,1676,1677
692f43d9-c87a-461b-9b7f-44e9948b287e,පාලම් හංදිය,1677,1678
0f050be4-e15a-4754-98ce-4248375ab3dc,මහියංගනය,1678,1679
c6675cee-67e8-4860-969e-12f999193471,මහියංගනය රෝහල,1679,1680
be2053d4-d12d-457d-8ccf-0b86f35215dd,දම්ඹරාව විදුහල,1680,1681
0e5c2678-301e-4ab6-b2e6-7c32321d28b3,21 පාලම,1681,1682
b6843436-e0d1-446b-929f-db91002c78ee,20 හංදිය (දඹගොල්ල පාර),1682,1683
422005db-ff01-4169-a835-54c85fba3f03,මාපාකඩ (මාපාකඩවැව මහාවිද්‍යාලය),1683,1684
fb8ac62d-6a15-4b2c-988e-b0b7e121d9fc,17 හංදිය,1684,1685
d6cebf54-ef4a-4364-a63c-a386f862c670,මැද යාය (ගැමුණුපුර පාර),1685,1686
d018276d-dd2d-4fe5-9ea9-a28f024005ab,ආඳාඋල්පත,1686,1687
950b1cb9-72b0-4d87-95bb-e5992c8284ea,20 කි.මි. කණුව,1687,1688
6f44da75-4f49-4e2a-abea-421bab4bd7ce,ඌරනිය රෝහල,1688,1689
e80e5a2d-f1c4-4eab-a72f-75414bb055e7,රිදීමාලියද්ද,1689,1690
5b807ce4-5809-4a83-acc9-1786c82efe34,කන්දේගම / පෝටාව හංදිය,1690,1691
0dae6715-ec98-4da1-9a1d-06d0d6c885a6,8 කණුව හංදිය,1691,1692
94b049fd-435c-44f7-b9ca-e15f20b76490,හෑපොල හංදිය,1692,1693
08cd987b-2a61-4ae8-898a-b1eb7b8670e4,මල්ලැහව හංදිය,1693,1694
0f6a89f3-7b00-47c5-9ffa-75d1767ecdf1,4 කණුව (යල්වෙල හංදිය),1694,1695
3afe937d-68ee-45fb-9d80-7c578bf2bc2b,වෑගම පිරිවෙණ,1695,1696
f037d523-6184-4784-b111-434452136d91,2 කි.මි. කණූව,1696,1697
8bfdaf1a-703c-4523-ae0c-2a6eb31045f4,බිබිල,1697,1698
e41503d2-adc6-45a2-b2b9-2a2652cffc3f,දොඩම්ගොල්ල (2 කි.මි කණුව),1698,1699
0221bdb5-5644-4d09-b7b8-714c472b178c,කණුල්වෙල කඩමණ්ඩිය,1699,1700
df45ef78-3208-42f2-b486-ea3c2b3c0204,අයිවෙල හංදිය,1700,1701
d2ab2f0d-6207-4472-b929-ee347bb0cd21,5 කණුව (නන්නපුරාව ම.බෙ.ශා),1701,1702
b2b4edbe-8b34-4db2-8f72-81b325e9b65f,නන්නපුරාව,1702,1703
7d762571-b798-425f-9dbe-ae540ab464dd,8 කණුව ඇස්ගෙඩි පාලම,1703,1704
88b85ae5-3a5e-4976-9630-b59c701391a6,දහගෝනිය හංදිය,1704,1705
ec5c9c2a-f31c-4d98-b5d8-1894dcdda021,අලවුමුල්ල හංදිය,1705,1706
165917ba-d809-4e27-93ab-8857386b1c2d,බකිනිගහවෙල කඩමණ්ඩිය,1706,1707
87b11adf-d731-46e6-a2e3-5a38c8f92019,මොරගහමඩ (21 කි.මි කණුව),1707,1708
e084535d-9ed2-4515-a0e7-e592cdf6fa55,අමුණේකඳුර (23 කි.මි කණුව),1708,1709
48f1770f-ed15-4a8d-ae05-5034de6ded31,අමුණේකඳුර කණිෂ්ඨ විද්‍යාලය,1709,1710
e187c4bb-7c15-4e3b-964b-3d08d48c95af,18 කණුව (27 කිමි කණුව),1710,1711
d8365b1b-0e02-49cf-aaf3-24a9284d6d33,දෙහිකිඳගම ප‍්‍රාථමික විද්‍යාලය,1711,1712
d8671347-02d0-424e-9ea8-44745e5b8c24,ටැන්වත්ත විදුහල,1712,1713
06b21e5b-3c48-4fe9-81d6-b34b5c4b971b,නක්කල,1713,1714
b0f7196a-0b4e-42e9-8499-8734c3647512,ශ‍්‍රී බෝධිරුක්ඛාරාමය,1714,1715
0f7bf944-34e5-45b6-8b17-3e3ba79a170b,හිඳිකිවුල,1715,1716
6e14186a-8a94-459e-976a-fdf18373a1e6,පාලාරුව,1716,1717
fb1be0e2-a5c4-4334-80a9-e0234813555e,හුලංදාව,1717,1718
6407604d-a812-42fe-9d75-1705e0232078,මොණරාගල,1718,1719
2d0baec4-afff-4def-b782-0c1adf5ae1d9,ඉහකැටිය,1719,1720
4cff4a95-497c-4c91-a296-52c5aa11f920,පල්ලෙමාඔය පාලම,1720,1721
5d5e851a-0a8b-4b3c-8155-e204e53e975f,ඉඩමලන්ද,1721,1722
046cc06f-7b33-4eab-bc8d-7054bdf7d6cc,අධීකාරිගම,1722,1723
e3a25ef9-44c1-4f4d-b0de-7c135ba647aa,වික්ටෝරියා උමං කාර්යාලය,1723,1724
89a6091d-250f-4935-89af-5f9be47fb271,හකුරුතලේ හන්දිය,1724,1725
5142c559-1b2f-4194-a293-812f53b68a48,හකුරුතලේ මුරපොල,1725,1726
667fecca-178a-42ab-ab6c-ec54eca37c41,කෙහොඹගාන පාලම,1726,1727
11434a68-27ed-4d12-a92c-90661e90cad9,17 කි.මි. කණුව,1727,1728
57904a4c-087a-4102-a622-64cc8480f755,ඇඳිරිබැද්ද,1728,1729
a20cbcdd-7641-4651-9b0b-aecbb8a96379,ලැමසූරිය,1729,1730
38e5fa11-7f13-4181-ad21-4ca4dec74d79,ලිහිණියාගල පාලම,1730,1731
7697f260-390d-4b96-a33b-372767943a84,සේරුපිටිය හන්දිය,1731,1732
21a60e19-d5b3-47da-ad28-57b3b761ec19,පන්නල හන්දිය,1732,1733
11ae4be7-7c51-4d3b-95cf-3f8c5da82a20,කීර්තිබණ්ඩාරපුර,1733,1734
2dc7aac0-1b5d-4cd3-a7f9-1b5fd0d57120,සැරසුම්තැන්න,1734,1735
dc48cf64-34ad-42f9-9064-23c1e44b7d8c,කුරුඳුඔය පාලම,1735,1736
f3d8389e-3893-437b-97b2-23853527ab07,34 කි.මි. කණුව,1736,1737
54315574-2564-4cf5-9080-50df8dedffd8,35 කි.මි. කණුව,1737,1738
8730081e-9e1d-4552-92db-5984c4fabad0,37 කි.මි. කණුව,1738,1739
458faa8f-aa0c-46c6-823d-8c7f121a29fe,රන්දෙණිගල වේල්ල,1739,1740
b9881890-6897-4a3e-99ea-3a1116f016ba,මහියංගන හන්දිය,1740,1741
6123c8ca-16e8-47a5-80f4-45343afbb4f9,රංටැඹේ පාලම,1741,1742
dcf29143-720b-4a7b-bf69-3f6a842a4255,48 කිමි. කණුව,1742,1743
3475509a-1a42-482d-84e1-e69b5a701ee8,කහගොල්ල අරාව,1743,1744
84c7f7d6-ec7a-432e-bd07-5882c29470ac,මහ කැලේ,1744,1745
525dcc51-2d1f-4304-87ab-b68e694b1ea1,බුද්ධංකෝට්ටේ,1745,1746
dc5c1f45-c2a8-4c53-b862-84a38be2ff0a,21 හන්දිය,1746,1747
17c2c752-8a5e-44c5-8fc3-76dbdeadd2da,ඇලපාර හංදිය,1747,1748
cb11e4b5-d32a-4767-ac76-285c3b9dd67d,පූනගේ වැව,1748,1749
c345e8c8-5f14-4511-96cf-ce7f495cb1a7,දඹගහ පිටිය,1749,1750
5dc36835-bf30-4cef-89f4-b49b8bd0d526,කුරුවිතැන්න පාසල,1750,1751
950dcea2-c98e-4688-a3a4-0f74727ecfd2,බුබුල,1751,1752
1625e59d-d39f-45e8-a820-a9114b699173,බූලාගල,1752,1753
99dc6fe3-c15a-446f-87ed-bddc1098e636,කිතුල්හිටියාව,1753,1754
76f423e4-5ea0-48f6-8292-7a6fcf63be3a,බෝධිය හන්දිය,1754,1755
4aa58a46-3093-4b4f-a4fe-cc14c2c30987,මඩාටුගම,1755,1756
512c3ae6-4890-4662-b2db-b28fc985f594,කොටාගල,1756,1757
ed021572-4514-4a4c-9bf9-7c791f80017e,කයිලපතාන හන්දිය,1757,1758
167ea3e6-e855-40be-af97-864038d41fff,ඇලගමුව,1758,1759
69eba28e-7f6b-49fb-93ee-897e715f6302,කොරස්ගල,1759,1760
d6ff0579-ca0a-43fe-a175-295594cb320d,කොළොම්බාව,1760,1761
f4b90688-6168-4ed5-92c9-0b71e07a3563,කැකිරාව,1761,1762
2810d29d-e7af-42e8-aebf-e5bc3c6b1451,ශාස්ත‍්‍රවේලිය,1762,1763
1f95af6c-650e-4237-ad57-d6fd9183a737,ඉහළගම,1763,1764
89786683-f19f-4ebc-8a18-25f9b8314969,මුඩපෙරුමාගම,1764,1765
f0816eb0-a9b8-44cb-864b-a5306a8b2819,හිරිපිටියාගම,1765,1766
df066b21-ab9d-4219-8084-c5c1228d4a82,කුංචිකුලම,1766,1767
8a9ce55a-8056-446b-89a1-3296d12378d1,ගංතිරියාගම,1767,1768
6718fcec-1809-4bf3-89a6-3e9475a1e508,ගෝනපතිරාව,1768,1769
44e6942d-ae81-45ca-a804-3c553d9fa4e0,මහ ඉලුප්පල්ලම,1769,1770
4ff6c79a-4ba4-42cd-b9c9-9f768b23a2b0,කැලේ දිවුල්වැව,1770,1771
ac66736e-5d02-486e-a1fa-8344da9dc2d8,ගල්මඩුව හන්දිය,1771,1772
e5242e8e-793a-42e0-ae24-ad2db7160a5d,ඇඳගල හන්දිය,1772,1773
3a81275d-0a93-4865-bfe6-db7322a7fea5,කටියාව හන්දිය,1773,1774
53de2fd1-9664-4bc1-8e04-7edf0d77b0a3,එප්පාවල,1774,1775
0dbb3811-1d7c-48dd-85f6-2d244666f529,පළුගස්වැව,1775,1776
511df722-a056-4760-9e24-cd7478ef3aa4,සඳරැස්ගම,1776,1777
70eb1c01-bed5-4eaa-920f-f88d94f49386,ඉහළ වැව,1777,1778
c07c0ca7-5862-4df5-bcfd-32b741a4d176,කිරලෝගම,1778,1779
d92ba391-e49a-4d70-a5ed-b9206d357371,33 කි.මි. කණුව,1779,1780
378e6a67-8cea-4516-9cb1-842d95528671,බටුවත්ත,1780,1781
2fd113c6-ed61-4c2c-8b0a-9e834c8d3ffe,ඩිපෝව හන්දිය,1781,1782
d0d96ada-b5b7-447f-9f2e-bdc01cb15c17,ඔලුකරද,1782,1783
a0630be8-7ae2-41f9-b7dc-a294679251e3,මිහිඳුපුර,1783,1784
14fabd99-b578-4585-b808-625f00f82ae8,සුනාතෙ,1784,1785
f886c58f-58d6-4a80-bf44-01987e9202c9,නීරාවිය,1785,1786
6e6df9d1-2b5f-45fd-bbf1-dd08f6ad5e82,ලෝලුගස්වැව හංදිය,1786,1787
6762a787-ed45-48b4-a198-afea535e3c7a,4 කණුව (පූසියන්කුලම ම.වි),1787,1788
47fc6fd2-d29c-4259-bc8d-1d75843025b2,5 කණුව (කොක්විච්චිය),1788,1789
25aaaa47-ba41-4d06-bbe3-ad05777055a8,7 කණුව හංදිය,1789,1790
71bc4481-124f-47b1-9f12-cbebb38030d1,8 කණුව (උළුකම්හල),1790,1791
497899ef-cb67-47d9-8ca7-5d6c1fef17ac,මානින්ගමුව හංදිය,1791,1792
710b97de-7d5f-43f2-8d91-c73d3968f91e,මැද ඔයාමඩුව,1792,1793
70fc5b8e-2f9c-4d1f-931b-f02a6823b457,දෙමටමල්ගම,1793,1794
68123f79-e7a2-48c0-ac38-27791d7d23c7,පුලියන් කුළම,1794,1795
e364525d-9ecc-425a-bef4-7774c6376b07,දියවරගම්මාන හන්දිය,1795,1796
d34b2cbc-47f6-467e-8454-b701759809a5,කලාවැව,1796,1797
1b60f3f3-14d8-40d4-ad7c-3d6b84da6404,පැන්නුම,1797,1798
dcddeff8-d844-406f-b18e-34a9c998640a,බළලු වැව හන්දිය,1798,1799
46ec90b1-a546-4019-958c-0a2d7130aeb9,නෙල්ලිය ගම,1799,1800
24ad6126-6bcb-4175-8e74-35ebb5c8d825,අවුකන හන්දිය,1800,1801
fe02d0a6-65cf-42cc-9117-d6541d602cd2,සිරිමාගම,1801,1802
4c037ada-5039-480e-8180-c2306964f863,හඳුන්ගමුව හන්දිය,1802,1803
6b9d8995-342f-4f5d-a933-3871a1eff202,දමුණුමුල්ල,1803,1804
3fd2c997-9eea-4eaa-9c09-4f0cd0feb84e,බෙලියකන්ද සුදර්ශනාරාම විහාරය,1804,1805
936561cb-d594-4459-b038-f26ab2d06faf,දේවහූව,1805,1806
21a2b20c-17a9-4c9a-90cd-47239050eebd,බුළුණු වැව හංදිය,1806,1807
0db402f5-826c-4f8c-b960-b094821da9d2,මකුළුගස්වැව කඩමණ්ඩිය,1807,1808
4890de93-96fa-438c-885b-e176763e0f73,7 කණුව (වටගල),1808,1809
085cbf59-9e00-413c-94b7-65f7250fa6ef,බුදුගේහින්න පන්සල,1809,1810
fd0f0a77-bac6-4801-b955-885b1a1cfcb5,පැල්බැඳියාව පාලම,1810,1811
8ade449f-8321-47c8-86ca-e08675cc2f7f,ආඬ්යාගල හංදිය,1811,1812
f3536135-11aa-48e1-a75b-11ea6e2c76c8,හිඟුරුවැව රජමහා විහාරය,1812,1813
b3987a4d-fa8c-4282-8e4e-7d1228ebf564,පලාගල හංදිය,1813,1814
de5cad7f-2cf9-4699-a314-a6110b42ab22,බමුණුගම,1814,1815
06c348cd-7c27-4963-b987-e41c7d250b9e,නාන්වත්තේගම,1815,1816
726b15d2-beee-4704-8d9c-bfe860683c37,නෑගම සිරිසුමන විද්‍යාලය,1816,1817
d0cf054d-1723-4c2d-a99f-a4640d6b4129,නෑගම්පහ කඩමණ්ඩිය,1817,1818
ee7bc605-469e-44a6-9483-99e74bda0bb3,කල්ලංචිය / රැස්වෙභෙර හන්දිය,1818,1819
a52ce4a6-e319-4d6f-b3d1-c0717a53f584,මැදවච්චිය ග‍්‍රාමීය රෝහල,1819,1820
1eb591c0-ecb5-4c50-9f47-67c6732a2f7b,යලේගම,1820,1821
afba067b-a777-486b-875f-bc053e798545,මාන්කඩවල-වැව පාර,1821,1822
ee4aa4a4-b888-4dd4-bed5-3d8e19963e46,ඇඹුල්ගස්වැව විදුහල,1822,1823
766711f7-b581-4dee-9202-0d689f425c63,කිනිහිරියාගම පන්සල,1823,1824
868aaf6d-6a82-4478-8c08-e4ff5c540a63,නාය ඇල,1824,1825
446c0b23-d0fc-4c6e-864a-7c66858ab215,උත්තුපිටිය කඩවිදීය,1825,1826
e8179802-7afe-4045-8f19-d444fa849419,මුරියන් කඩවල,1826,1827
1e615881-032c-41de-971c-3ff7bfc581f3,කල්වාරි මාවත,1827,1828
0c8f8ea2-3b2d-4fe7-8da6-729cfb76cdec,උණගොල්ලෑව,1828,1829
b448be2a-9edd-4cb0-af72-6d3e391ed1bf,මොරගොඩ බැඳිවැව පාර,1829,1830
11439ba2-8c41-4301-ae49-dbade6eec776,නාවක්කුලම විදුහල,1830,1831
6d489d02-16ee-4386-bb97-232a4a6ab333,කුරුළුවැව හන්දිය,1831,1832
72900413-552e-4705-b8af-ecad27c75b15,යකල්ල ආයුර්වේදය,1832,1833
9cbd9808-502a-4e41-ac3f-5d99a3f85159,17 ජනපදය,1833,1834
d073982c-f310-4c42-abb6-df4751a63abe,ගෝමරන් කල්ල කඩමංඩිය,1834,1835
f19229ec-303c-4337-aa37-7a5fd401be02,ගලෙන්බිඳුනුවැව,1835,1836
4217cf96-97a1-4880-a10f-c91d7da22d34,වේවැල්දිගිලිය හන්දිය,1836,1837
46464979-106a-4285-ad49-7532ccc1ceaa,128 කි.මි. කණුව,1837,1838
c2dbc7da-68b4-4eaa-92b5-57baac224e17,තපෝවනය,1838,1839
8bc97103-557f-4062-ac28-7408d2c9ec6e,මිහින්තලේ,1839,1840
e9846d06-654a-4dfd-aceb-42e9a0b421d6,රජරට විශ්ව විද්‍යාල නේවාසිකාගාරය,1840,1841
94fca337-c6ba-43fa-8470-ce0ae3c90a9c,දොරමඬලාව හන්දිය,1841,1842
0523296a-8bfb-487e-8df7-25ff04d156f6,යාය 2 හන්දිය,1842,1843
9ba13a9b-f748-481d-9501-841b8e81ccef,වලේකඩේ හන්දිය,1843,1844
630ba915-2e54-4b29-a772-469ba15a2e78,ඇදුරාපොත හංදිය,1844,1845
26491360-bb2a-4826-998a-7e5d25a4e5bb,දේවාලේගම මලියදේව ක.වි,1845,1846
99a00d0e-54c1-4f09-b402-513d455d0fe7,වට්ටාරම (මලියදේව පන්සල),1846,1847
4dc61b1e-e8a1-4657-b066-0d68bf505f58,කෝන්ගස් හංදිය,1847,1848
a7dd491a-d074-483a-8c5f-3c8f31bc5b50,අපනයන සැකසුම් කලාපය,1848,1849
de3bbfc6-76c4-45a5-b172-8e211488d75a,ඉංගිරිය,1849,1850
1d1b3618-90cd-4f1c-8e68-3f42698b366b,මහ ඉංගිරිය/මංකඩ පාර,1850,1851
8426f0f4-a9e3-4bf6-a510-9153bbf0ed4a,හුණු කොටුව,1851,1852
1a1abebf-afbf-4c94-9eec-47e57be07d26,කිරිගල හංදිය විදුහල,1852,1853
3ffc4b4c-ecfb-45bf-a1d9-51517c037fce,හඳපාන්ගොඩ හංදිය (හොරණ පාර),1853,1854
e971313a-49ed-41d9-9eb7-1cc46d2b4177,ඉහල බෝපේ හංදිය,1854,1855
de61fd6b-d79f-43d7-82eb-ba7e68e461ce,පහළ බෝපේ හංදිය,1855,1856
753d9af0-f6da-485a-8a9f-82476196545f,අංගම්පිටිය හංදිය,1856,1857
fcd02632-7420-470a-8948-952f85337511,මීපේ හන්දිය,1857,1858
96cf2700-3724-483d-a0bd-52afd34db278,මාවතගම පන්සල,1858,1859
95022c80-c6c8-4319-91bb-24bde7b5f15b,වත්තේකඩේ,1859,1860
f09e2318-323c-4b11-9744-8b77ee2fa1af,පහත්ගම,1860,1861
ef66cb28-39ce-4d5e-aab0-ced379b3605a,යට්ටෝවිට (සුරුවම),1861,1862
cced780f-8160-4289-a4a6-e25c5ad2c253,තිත්තපත්තර විද්‍යලය,1862,1863
aed70045-5374-41f7-bade-86a5614f4dbf,ගිරිදර,1863,1864
47298a68-e588-43a0-a39e-6a31659dd170,නිකවල දේවාලය,1864,1865
4ba09943-2dcc-4d91-a8b3-feec641c9068,පූගොඩ බස්නැවතුම්පල,1865,1866
953b4eca-293c-478e-b5d3-7ebfaf0d190b,භෙට්ටිකඩේ,1866,1867
afe87d1e-66a3-4aca-9d4b-b713842b052e,පල්ලෙගම හංදිය,1867,1868
88dad9e0-5d1a-4ed7-be2e-0c2a52588366,දොම්පෙ ප‍්‍රාදේශ්‍රීය ලේකම් කාර්යාලය,1868,1869
d6930777-ad26-4a58-b81b-d6b7c3e785fb,කිරිඳිවැල,1869,1870
2439cef2-1463-4d21-b9f5-2d2f813486b5,දියගොඩැල්ල,1870,1871
494d5a0b-4a72-4317-8b27-89e758ee3bc1,රතමලේ හංදිය,1871,1872
e30f2f6d-c153-45b0-ad2c-abc16738113d,ඌරාපොල හංදිය,1872,1873
0f346575-86bd-491a-8dc7-8ad57551e4bc,අත්තනගල්ල,1873,1874
b912fb5b-5e97-4499-892e-e93e7be5d8d6,හග්ගල්ල හංදිය,1874,1875
4e067fc1-dd0f-42a8-8829-3da67252852d,එල්ලක්කල 2 කණුව,1875,1876
e3091efa-e3c3-486b-a685-34cb11cda7ab,ඇල්ලමුල්ල 1 කණුව,1876,1877
ca403d8b-c5f6-48b5-bbe1-4bf7d8574073,වේදිනිගම (ඇල හංදිය),1877,1878
e7c09222-d50a-4d17-ac14-ba581aeb889c,සේනපුර රෝහල් හංදිය,1878,1879
f2357e4c-7374-440e-a233-84a26ae81bbc,දඹෑවටුන කතෝලික පල්ලිය,1879,1880
b9a274c3-55fc-4780-90f8-ba254d732880,අලුත් දෙන්නාව -පාසල් හංදිය,1880,1881
2e036a62-a7bc-4b16-9981-5e2d9890ed6c,කාගම (ඩබල් බෝක්කු හංදිය),1881,1882
fa51810a-772d-4de3-8c77-9b440c8430f2,කිමි 11 අක්කර 500,1882,1883
2cb32cb0-f263-4757-8b41-000f53e7a64e,අක්කර 500 හංදිය,1883,1884
dd3d6a7a-9692-4b2b-83ba-5561a3a2dfb5,හඳුන්ගම හංදිය,1884,1885
dc025532-0320-40dc-986e-655bda6a6fd5,හිරිපිටියාගම හංදිය,1885,1886
827b0594-da6f-4ffe-9de2-ff5a5b857958,කලා කරඹෑව විදුහල,1886,1887
52160ad4-2bea-4260-8526-7995d59966e8,ආනකටාව විහාරය,1887,1888
d0e386b7-8432-42f4-8a78-7271c8709f11,තෙලදින්නාව,1888,1889
3058ee56-999f-4f3e-b60f-085a4dd50612,ගිරානේගම හංදිය,1889,1890
2190b674-4c60-4a38-95a6-8ae7ff5055df,හල්මිල්ලෑව හංදිය,1890,1891
0be76556-0941-4ea3-b64f-6af52532d844,දෙහිප්පාව විහාර හංදිය,1891,1892
c03bc7ce-9b61-45e1-855e-cda07d2a7d95,හිඟුරුවැල්පිටිය,1892,1893
0c26f301-a1e4-4c11-9304-b58ebe18ce00,කටුපොතගම,1893,1894
9e73d0a7-8815-426c-99dd-b1bc6cecc7db,පුබ්බෝගම,1894,1895
0aa95745-7280-401d-b80a-1bfdc9be0c7c,කටයුකැලියාව වංගුව,1895,1896
e9889388-9a44-49f8-8362-5c375bfb6a61,උදුරුව හල්මිල්ලෑව හංදිය,1896,1897
bf52fa6d-5a98-4093-9c35-5fa58440be1d,දබේවටන හංදිය,1897,1898
e1ff2678-eac8-491f-a616-c4fd1c46bba1,දබේවටන 18 කි.මි. කණුව,1898,1899
969197d5-37bd-4c0c-aef4-a2792d0ec71b,ගල්කිරියාගම බස් නැවතුම්පල,1899,1900
baab632d-d763-43bc-a6aa-818b82d819a0,4 කි.මි. කණුව,1900,1901
12774120-2eb7-436a-8ab1-da1a3f7196e7,මුන්ඩ්රු මුරිප්පු කුලම් (වි.කා.බලකාය),1901,1902
0dfe9de9-0eb5-4090-b054-11a00142df16,පරසන්කුලම් 205 කි.මි,1902,1903
d4038419-c12a-45d7-a66c-bae096c60397,පුදුවූර් හංදිය,1903,1904
29919a55-f5f0-4b0a-ab04-400d0f256414,කනගරාජකුලම් කෝවිල,1904,1905
3ccb1f4f-460f-4206-94c8-21d4448db7da,කනගරාජන්කුලම් ම.වි,1905,1906
05699659-43e7-4a08-82e0-6f2d4a7ff4dc,කනගරාජන්කුලම් සෞඛ්‍ය මධ්‍යස්ථානය,1906,1907
c93e8808-415c-45df-9947-44bd5422ad1c,පෙරියකුලම් දෙමළ ම.වි,1907,1908
afb10423-d4ed-4a70-a54c-4df580fcfe64,මන්නම්කුලම් හංදිය,1908,1909
044bf73a-e2ef-4ee1-a443-707608f8bbfb,දුරකථන සංදේශ කුළුණ,1909,1910
4ca7ec7d-00de-4d4e-902c-5087354d088a,කුංචිකුලම් 221 කි.මි කනුව,1910,1911
aac68ec7-746d-43aa-81ee-10f18033fc73,මාන්කුලම් (මුලතිව් පාර),1911,1912
c2581021-3f84-4a2f-a310-978f74ed2506,මාන්කුලම් ම.වි,1912,1913
47d550fb-fc7e-4845-a911-bb8afb9c5a68,226 කි.මි කණුව,1913,1914
89eefba2-5324-4341-b999-4719172b7fdf,පනික්කාන්කුලම් දෙමළ ම.වි,1914,1915
0cd72523-e849-4d1f-a64b-fed910814eaa,18 කනුව/230 කි.මි කණුව,1915,1916
ed3054a5-bc63-470c-afc3-2c3550a89164,කොට්ටාව,1916,1917
2bad36fc-313f-4bea-8980-af9b27aca2c1,මාකුඹුර නවීන බස්නැවතුම්පල,1917,1918
4dfcd47a-e40e-45a6-8465-37476cf76862,හෝමාගම,1918,1919
4694fd87-f0e0-483e-bb0b-47f12d5dfa4f,පනාගොඩ හමුදා කඳවුර,1919,1920
003b9145-be63-474f-8c06-16f3124a1fc0,ගොඩගම හන්දිය,1920,1921
71495e23-1357-4833-a25f-e4764e20141f,නඩුහේන හන්දිය,1921,1922
cd53d50b-da6f-4738-9c42-cb27f56668c9,වටරැක 20 කණූව,1922,1923
d69c305e-8b63-4369-9d82-b51a55c1b166,ගලගෙදර පාලම,1923,1924
03c1aeca-8c0e-4e38-a787-4380d2663a25,පොලිසිය වටරවුම,1924,1925
c7ce3c04-8e6a-4ffb-bc55-c1a3d324b6fd,ගැටලාව හංදිය (නිකවැව පාර ),1925,1926
2a7bd76d-d2cb-413c-93a4-5de406c73df7,යුනියන් හංදිය (බෝගස් හංදිය පාර),1926,1927
46fade15-25c9-455c-8cd1-93719d7ef39e,දිවුල්වැව හංදිය (පඩිකාරමඩුව පාර),1927,1928
15041d2a-4b3b-423d-be75-1501d7aa13d8,අළුත්දිවුල්වැව මහා විද්‍යාලය,1928,1929
b13ab745-d968-413d-875f-8ad19f23cb56,අළුත්දිවුල්වැව (කොළණිය පාර),1929,1930
459b157f-fe22-48d1-bc4a-5e25947cf6ac,කොකාවැව හන්දිය,1930,1931
ffdd6b32-660a-428a-9843-db446bef6726,කෑගල්ලේගෙදර හංදිය (20 කි.මි. කනුව),1931,1932
57479269-e2dd-43a9-9d74-2cfc6b9340af,දුටුවැව (විසුද්ධාරාම පාර),1932,1933
c211549a-afae-440c-b456-8110e256ecde,වේලන්කුලම හන්දිය,1933,1934
aa54bda9-f7c1-4f37-b080-ab03e2053f72,පොතාන හන්දිය,1934,1935
ae9b8c01-c398-4ae4-815e-d947f7602334,සියඹලාගස්වැව විදුහල,1935,1936
7e06bcb8-3eff-4173-8d0b-50739e98efda,සීප්පුකුලම,1936,1937
34db9459-9bd8-4cfc-a982-01486bfa3b26,අඹගහවෙල හන්දිය,1937,1938
ba5718ee-d133-4bbb-a199-e2c82a30cad8,මැකිච්චාව,1938,1939
ef97117b-3f62-47d0-921f-c1180f2b0569,වෙභෙරගල,1939,1940
a5bd7efe-3a6a-408c-988f-bb6870fffec4,රන්පත්විල,1940,1941
13aa5474-70e9-4851-a7f6-9a5e08d53fed,ලුල්නෑව ගම,1941,1942
ce609ec4-3d10-4c5c-95c4-a1f53a4dc5a8,බෙක්කෑව,1942,1943
600e0476-7725-4d70-86a9-775a4084154e,කහටගස්දිගිලිය,1943,1944
a6b97f74-0a7a-465d-9a8e-23fa2f67aa01,තල්ගහපොතාන හන්දිය,1944,1945
15edc87a-5ef8-43dd-8924-15da8b89b86c,කැකිරාව හන්දිය,1945,1946
9e40b8c1-a23f-47cd-b2e8-07155a278f74,ගුරුගල් හින්න,1946,1947
90ba3bc3-0d13-43b1-9817-f8219209ba95,කල්පේ මැගිච්චාව,1947,1948
ccc5a757-266c-4946-bf84-16960cd54e99,කල්පේ 124 කි.මි. කණුව,1948,1949
5ca535fb-58e3-4be3-b773-b49d615cedc2,ඇලපත්වැව හන්දිය,1949,1950
3324e958-7f5d-4ef3-8175-6cf80644d523,නානුමිල්ලෑව,1950,1951
9bda59f7-cec9-4613-bd75-1714b8c69b3c,ඕලුගස්කඩ,1951,1952
80c3670c-7449-472c-b555-c2b6ec91293e,මැදවච්චිය හන්දිය,1952,1953
12f6241a-b717-48ca-b34d-fbb0c085c73a,හොරොව්පතාන,1953,1954
dc46c4c0-5215-4d7f-a9bb-44407e84afbc,1 කණුව,1954,1955
4cdf7e8d-2f39-455f-bcc1-e2914fbec4b7,බාලසූරිය මාවත හංදිය,1955,1956
93fe0eb2-37c2-4b8b-b674-6610c000bd8c,ඇරැවුල හංදිය,1956,1957
1dd2375f-b37a-4404-9704-aaa45e63ef82,කණ්ඩලම වැව (ජලාශය),1957,1958
7c5ef2a0-9aff-4b38-8776-9f67b6e1b954,25 හංදිය,1958,1959
4aa4f294-5cc5-4c81-9df0-e862ab7a61ef,කුඹුක්කදන්වල,1959,1960
b26ed22f-5af4-4c75-ab83-158561d70d47,ලේනව,1960,1961
eaf61ec1-26a7-45e9-ab52-4714a00ce870,නිකවටවන (මුස්ලිම් විදුහල හංදිය),1961,1962
235c7b30-4712-41e9-b2a0-020c7fd3817c,ඉහළ ඇරැවුල හංදිය,1962,1963
4a1bf81c-e2a5-4a9d-9db2-46a7da486bf2,දේවාල හංදිය,1963,1964
400d41cc-b066-4557-bf6d-4e8f7276482e,වෑවල වැව,1964,1965
a080e0bc-cdbf-45a3-b501-9856c7b4e610,මරියවත්ත කඩවීදිය,1965,1966
08384dd7-0f90-428f-b140-9ddea27d1d9a,ඇත්ගාල ශ‍්‍රී බෝධිරාජාරාමය,1966,1967
7a345ea1-5084-4d1e-a16b-14323a51d426,ලක්ෂපීල්ල,1967,1968
4ea43473-3e18-4d0c-a93c-5575ba79cc14,තැඹිලිගලවත්ත පාර,1968,1969
c781d362-9cd9-46a7-ada6-169438e02da1,උලපනේ කඩවීදිය,1969,1970
7814ebd5-c26d-45fc-a0bb-b43c0dfcba0b,පල්ලේගම නන්දනාරාමය,1970,1971
d3e4b0ea-e93f-48e4-8b10-7c246b028079,පත්තුනුපිටිය රේල්ගේට්ටුව,1971,1972
7b5263f4-f79b-4f09-ba52-c0d56f9a1021,නාවලපිටිය රේල්ගේට්ටුව,1972,1973
c73372f9-da7b-436e-975f-39e36ec8aa73,නාවලපිටිය,1973,1974
2827f27c-3f1f-481c-959f-bb86984286f4,කරහඳුන්ගල පාර,1974,1975
297cca10-e1fe-4597-8163-0323b08d1983,3 කණුව (ට‍්‍රයිස්ටාර් ගාමන්ට්),1975,1976
4a73d736-6f8b-4166-b573-743cc8b5fe2e,රඹුක්පිටිය මහා විද්‍යාලය,1976,1977
abd5a64e-11ce-495d-8b6c-c71428ec5879,බලන්තොට බෝධිරුක්ඛාරාම විහාරය,1977,1978
620d89b4-2810-4dfa-87e2-89d5417444e1,අඹගමුව පන්සල,1978,1979
b1fb5146-5af3-4089-85fe-f7aebddd582b,බගතුලුව පන්සල,1979,1980
4c97d4ff-ded7-4eaa-a30c-4dad99e289f7,delete,1980,1981
f7c50d05-3c41-4a33-a7d8-4cb0bc9874d6,මල්ලන්ද බෝධිය,1981,1982
baa4da1e-d953-4f22-84c4-433029eb4748,ගොරකඔය හංදිය,1982,1983
5ca404df-eb3d-4834-8217-be4ef3072f8f,රුවන්පුර (මහවැලි තේ කම්හල),1983,1984
d5bf2d03-d2ed-4e12-875f-2b646647f2eb,හපුගස්තලාව හංදිය,1984,1985
a135435d-cdb8-4038-a614-950a305f8c95,ගලඋඩපතන (හල්ගොල්ල පාර),1985,1986
4a4bfa24-50af-49c3-abcf-c31b7ae422cb,හරංගල හංදිය ම.වි. පාර,1986,1987
a814d377-6649-419d-8699-fcb18fcfb839,කිරිමැටිය හංදිය,1987,1988
09049e04-423b-4322-b3e2-5d1270e5127e,කහහේන නාන පීල්ල,1988,1989
c530661d-9b7d-45e3-891f-3dd54075e0e9,රොජසන්ගම මහා විද්‍යාලය,1989,1990
7973a5d6-1ad4-4e73-a092-43b35614eb2d,පොත්තුණුගොඩ බ.නැ.,1990,1991
1a672697-a437-4d54-b9c7-041a0fecff2a,කලපිටිය හංදිය,1991,1992
f900349e-b822-4505-8372-5a04e25d61ef,කොහොල්දෙනිය (ප‍්‍රජා ශාලාව),1992,1993
aef590eb-9bef-44af-9deb-d0de9da1dc80,නුගතොට හංදිය (අළුත් කඩේ),1993,1994
b5004d91-7633-4d7b-a40a-8772261672c8,පහල වැවහේන හංදිය,1994,1995
56963736-53b1-4714-b3df-564ad11521f2,පාළුවත්ත හංදිය,1995,1996
10310399-9b30-4c41-a401-745b6ecf2107,සල්ගස් හංදිය (කුඹල්ඔළුව ම.වි),1996,1997
c0b52641-fbd2-413b-813e-7ede25ba313c,කහපතන කෝවිල,1997,1998
4aa4e270-945f-4477-8d3e-5f7aa99aa851,පූඬළුඔය,1998,1999
3b118ad0-a8cd-4ddf-871a-c1c2487761e7,මිරිස්මෝල,1999,2000
de484f06-14b6-4289-b95b-7727618c9da3,කළුබෝවිල,2000,2001
60c6fb24-e5bb-4da7-8928-3b8c84343231,නුගේගොඩ,2001,2002
42a3762e-e863-405d-bcad-8e6e19a86fac,පිටකෝට්ටේ,2002,2003
32203791-ad07-4dea-9e85-bc51c7c0259c,ඇතුල්කෝට්ටේ,2003,2004
1bc36dd6-81b0-473b-b0b3-b0b6d96a0e4a,කොස්වත්ත හංදිය,2004,2005
c438d7f7-9562-4b82-9b5f-40ff290694ab,මාලබේ බස්නැවතුම්පල,2005,2006
28f265e4-17bc-4198-af83-41e7a5789548,පිට්ටුගල අමාවතුර අසපුව,2006,2007
ac10595e-2544-4b6e-9780-200efcccbcae,කොතලාවල (විහාර මාවත),2007,2008
f01dbb61-32fe-4db5-8a99-97bd9164191b,මල්වාන හංදිය,2008,2009
51cfbae9-86a1-40d5-a0bc-06fdf3f6d742,බියගම හංදිය,2009,2010
6c716c8c-c5e7-4557-81b2-8bf7fc7ca96b,සියඹලාපෙ,2010,2011
998beb80-41a0-40d6-bdbc-67028d2eb3af,දෙල්ගොඩ,2011,2012
3cef5827-f7b9-46ad-aa8c-a09e373e53dd,නාරංවල,2012,2013
2213b570-1fca-4f13-8758-f06e028391c1,ඇඹරළුව පන්සල,2013,2014
72dedce4-aadc-4ffd-97d0-075fb3b425e5,වැලිවේරිය,2014,2015
c0da0502-1648-4373-8085-b6009a9acd87,රතුපස්වල,2015,2016
beef1fee-b8e2-4280-afb3-a9a915ae94bf,නාවල,2016,2017
cf3ce6a3-5c84-4422-9432-768facef1c26,ඩෙන්සිල් කොබ්බෑකඩුව මාවත,2017,2018
6ff27a4e-1bb5-4024-bd3b-10060d357a3c,රොටරිගම,2018,2019
2714350f-b4d4-4bd9-a792-c82cdf088021,ඉනාමළුව,2019,2020
433b4fa4-2569-4639-81c1-4cdd8fb4a6b8,102 කි.මි. කණුව,2020,2021
9c262574-b15a-489f-a487-a06ffbc21b09,මාගල්ලෙන,2021,2022
8f437c0c-0a76-48dc-a8e4-3ec7a3eb605b,දිගම්පතන,2022,2023
7d3c6b7a-7393-4a74-910b-230c2d1ab5e0,අවුඩංගාව,2023,2024
b5416917-2df0-48f6-b602-a63aed715567,හිරිවඩුන්න පාසල,2024,2025
c28db057-c3a4-488c-a69a-60c05d9ae47d,හබරණ දුම්රිය ස්ථානය,2025,2026
e4862e98-5514-4347-a660-b64d20184590,තල්ගෙඩි කන්ද ආරණ්‍යය,2026,2027
ff32c926-a86e-4c01-97f6-f442ffc1bbdc,122 කි.මි. කණුව,2027,2028
81630bc6-938c-4334-a85c-1efc215c71ca,124 කි.මි. කණුව,2028,2029
c30d4408-5999-4225-adc4-bffc77ce80b7,126 කි.මි. කණුව,2029,2030
1ea8ff9f-23f2-46fe-8d19-df920991ccbc,ගල් ඔය හන්දිය,2030,2031
a593e39a-3da4-4b64-a57d-068d537a975d,හතරැස් කොටුව ගම් උදානය,2031,2032
fd4e573d-89cc-494e-a686-d214cfb27ecd,මහමොරකන්ද පොලිස් මුරපොල,2032,2033
a7ba7b02-7665-41a8-9c33-23d24cbf491c,134 කි.මි. කණුව,2033,2034
bf677ae4-94f8-4e0f-bfb2-41f9182d4d81,136 කි.මි. කණුව,2034,2035
dbe2fc77-a187-469c-94b5-f13db8e9edd4,යකා වංගුව,2035,2036
d86aea1e-33ae-4e79-afd2-383c7ebfc2f6,140 කි.මි.කණුව,2036,2037
263506ae-69e8-4849-b280-cce289f0d896,142 කි.මි. කණුව,2037,2038
574a3fb5-de4b-41a3-9bf7-745f9146815b,144 කි.මි. කණුව,2038,2039
5e0396de-7a3e-4337-a394-4e98b8c4e811,ගල්පොත්ත පොලිස් මුරපොල,2039,2040
d4e7faeb-06ba-426f-8fcb-1325f98a21d4,දිස්ත‍්‍රික් මායිම් පුවරුව,2040,2041
ceb702a3-2e9d-400b-aedb-5312858c1794,කිතුල්උතුව පාලම,2041,2042
9a2d4d2f-a7da-4635-9891-b5e3f7aa3eb7,151 කි.මි. කණුව,2042,2043
7e80d54c-80e1-4a0f-a89e-e052cb3bdf55,සීනි කම්හල් හංදිය,2043,2044
e5c6edfb-3536-4696-b2c9-e665ae2cbede,86 පාලම,2044,2045
776fa69b-bd2b-4da1-bff5-f8e9f7e72819,පෝටන් කාට්ටුව,2045,2046
eba8bf31-356c-449b-b871-2daf53d11715,කන්තලේ,2046,2047
e35cc75f-ea4c-4599-8d6a-bc80d8fb44c6,බෝගහ හන්දිය,2047,2048
d9a5f2a4-d5cc-4a8c-94e0-c21fc46c5f96,164 කි.මි. කණුව,2048,2049
8dfdfef0-0a89-45e2-a469-dda75691d7e7,92 හන්දිය,2049,2050
27131da7-74bb-4d76-a48f-966cd6a308cf,සාලියපුර හන්දිය,2050,2051
0f1a0754-e7ce-4cf9-95ee-f00eb5784482,95 හන්දිය,2051,2052
b5c612a2-16cf-4dfb-8c3a-69502156a490,96 හන්දිය (හිජ්රා මහ විද්‍යාලය),2052,2053
6d1a4a30-554d-4905-ba89-467776131cc9,ගල්මැටියාව,2053,2054
c175186d-1772-4e8f-bdf5-deae7477b5fc,98 හන්දිය,2054,2055
de0854b5-9c27-4218-9565-6c775ce9bb08,99 හන්දිය,2055,2056
e55f4dc8-8d71-448e-a760-af0d94aca22a,තඹලගමුව හන්දිය,2056,2057
f91b4cae-4278-413d-b8e1-ae4fbec07e74,සිංහකන්ද,2057,2058
92d0d460-b3b9-4ee9-b98c-081c5bb095a6,පාලම්පටාර්,2058,2059
ec3a88e0-f9db-4b6f-946d-1453de803b9f,මංකි බි‍්‍රජ් හමුදා කඳවුර,2059,2060
c23a2aec-092b-4242-897a-be5e1db17631,කප්පල්තුරෙයි හන්දිය,2060,2061
0691e91c-ff8e-4624-b3e3-83279948c6f6,191 කිමි කණුව (ශ්‍රී‍්‍ර බෝධීපාදනාරාමය),2061,2062
c5fa3e3a-f8d9-4cae-9ff7-b7b94b80c250,4 කණුව,2062,2063
d2e0ca41-1ead-4ba1-92f6-316ea6c3537b,අනුරාධපුර හන්දිය,2063,2064
963ad62c-1302-4849-8f93-2eb5afff87c5,කෙභෙල්තුඩුව හන්දිය,2064,2065
5996990f-3238-4ab7-8e97-36c81c024b36,වරාය පොලිසිය,2065,2066
29b410c5-5cc9-48ad-b94e-55a8c6dbddc7,ති‍්‍රකූණාමලය,2066,2067
b8b1a83c-e922-446b-89e5-3f4ebc748927,සර්කිට් හන්දිය,2067,2068
21d68974-22a0-4284-ad61-820d1ca0b763,6 කි.මි. කණූව,2068,2069
f5b7cead-0df6-469f-a876-c4a73286b464,පිටවාන,2069,2070
e2001b6b-9480-4add-b514-48180cef7dc4,10 කි.මි. කණුව,2070,2071
eadc8290-58ff-4d08-9442-c0cce1c7c5f2,වලව වන උද්‍යාන හන්දිය,2071,2072
5934a087-173f-497e-be05-d7ddb040af9d,14 කි.මි. කණුව,2072,2073
bc64187c-8030-42e0-9460-b437277bedba,16 කි.මී. කණුව,2073,2074
d81a5277-801a-4d1c-8c6d-4ac293e1d71d,සෙවනගල පාර හන්දිය,2074,2075
31bad57e-28a1-4c4b-bd26-2f3dd3a980c9,මව්ආර පාලම,2075,2076
15d77556-0291-4916-b613-15796c7c8ce0,13 කණුව,2076,2077
0a290a0b-7329-4ab8-bd03-12c4e2a0bce9,වාරිමාර්ග ඇල,2077,2078
d2a55c4e-5d1d-4790-b543-312043fdf669,පොලිස් මුර පොළ,2078,2079
567af0c4-f709-4578-9460-288bee8f851d,මහ වැව පාර,2079,2080
2c22e2fe-54f3-47c9-8434-af8d6d054333,අඟුණුකොලපැලැස්ස පාර,2080,2081
3343ad59-f1c2-4e11-b529-26ffe6d10fde,30 කි.මි. කණුව (මල් ආර),2081,2082
ee4a3a7d-3c31-457e-ac7e-9f50f59fa4d3,හම්බෙගමුව 3 කණුව,2082,2083
0b16318e-f2fe-4703-8bcb-26476359c8f0,බෝධාගම හන්දිය,2083,2084
fc9ec8a5-28b3-47c9-830b-a43e5836d8d0,කොමලිගම,2084,2085
620e3735-70e6-492c-927d-cbfac6302fb2,මල්වත්තාවල විදුහල,2085,2086
ef270218-0106-4b5e-a087-a79d40681631,වරුණගම,2086,2087
5933450f-5faa-43fb-9b72-bdf3d545380c,225 කි.මි. කණුව,2087,2088
961cf354-b2f3-46bf-be63-5acb5c5e2f0c,227 කි.මි. කණුව,2088,2089
30a22da9-9bc9-4612-b3d6-b609a033149d,පැල්වත්ත,2089,2090
bce9070d-6d3a-4a10-a3c0-aa8291af4c9f,බුරුත හන්දිය,2090,2091
1a75bb49-9d93-4adb-8644-7d4925718c5f,යුදගනාව හන්දිය,2091,2092
3db66f1f-4498-4986-bdd7-bd8f7eb3b867,බුත්තල,2092,2093
25a5c908-56f1-437a-b0d8-51289b6b40cb,මහගොඩ යාය,2093,2094
f1be9915-4844-402b-84db-4dba2fea9ab8,දැව සංස්ථාව,2094,2095
fa112aea-f1da-40c0-9547-6dc1feed6832,කුඹුක්කන,2095,2096
31c78a47-90c4-4e86-a805-774e6cf4e7a2,පොල්පිටිය හංදිය,2096,2097
be390aac-6d55-4ecc-ac6a-3ea59dd2aa09,ඊරියදෙනිය (කෙභෙල්අරාව ම.වි.),2097,2098
b4196ecc-d7eb-4328-a011-85e2d7720dfc,මොරතොටයාවත්ත (ක.වි.),2098,2099
e582ecc5-315a-4048-9286-302dba28a7c0,මොරහේනගම (හස්කල් ගාමන්ට්),2099,2100
c145af9b-c438-43e2-b875-b9ebe2dd808b,මොරහේනගම (ගිරිලෙනගම ප‍්‍රා.ම.වි.),2100,2101
d4e2972b-3dbd-4b1a-945a-df523c8155c2,වග්ගම (මොරහේනගම ම.වි.),2101,2102
f8ad6e1e-7ad2-4eef-9fd1-2d942f5c2183,රාජකරුණා කඩේ,2102,2103
e9720d8d-cd56-41cc-8fa4-bf2870b32e7e,6 සැතපුම් කණුව (බුද්ධ ජයන්ති මාවත),2103,2104
674c7ba7-a9c8-4a65-91e8-867e480c0c4f,ලක්ෂපාන,2104,2105
c1900f82-4f96-4614-8d54-e12c180caff3,දික්ඔය තේ කම්හල,2105,2106
6a199f66-b222-49cf-8fbe-6e3c3ce79908,දරවල (DMCC Club),2106,2107
75706d5d-65dc-47c7-a12c-d3c65788a6ee,බී.ඩබ්.ඩී,2107,2108
a64b0292-9554-4973-9a47-f0e0341a0c27,බටේගල හංදිය(ෆෝඩේස් පාර),2108,2109
ada9e564-8846-4614-bb2f-75f1aeea91ae,ෆෝඩේස් හංදිය,2109,2110
b75728bb-5615-44bc-acc3-cff607c573f9,එම් සී කොටස/කෝවිල,2110,2111
0b85f3b8-8d44-4df8-86fa-2caf722f9915,ප‍්‍රස්ටන් හංදිය,2111,2112
7dc6f655-e7f5-45cf-9514-aa01b3921977,ටෝරින්ටන්වත්ත,2112,2113
c8714623-23b7-45ec-8daf-c85dfbed3714,කල්මදුර මුස්ලිම් පල්ලිය,2113,2114
a51faadf-679d-4ca1-a5ae-d62cd81ef7f3,මන්රාසි කඩවීදිය(ළිදුල පාර),2114,2115
8bd3ba6b-4656-4775-8219-f8d1a99c69a3,ආගරපතන කඩවීදිය,2115,2116
e90d332e-586e-4618-9160-43723d85cb78,පෝර්ට්මෝට් තේ කම්හල,2116,2117
d0cf8259-bcb9-4835-a632-3a02078abca3,කැලෑබෘෘක් පාලම,2117,2118
feba4232-7115-49e5-b819-ff5da0ad1d87,හොලිරුඩ් තේ කම්හල,2118,2119
97860142-9da6-4a32-aa62-a10923d20676,හොලිරුඩ් පල්ලිය,2119,2120
18dbce83-758d-4cff-9721-ef7d326b2abd,වටගොඩ තේ කම්හල,2120,2121
639185c2-089b-4548-9978-5b36c210fa2e,27 කිමි. කණුව,2121,2122
26530ca2-19cf-4c4c-aef8-227a011c3380,වටගොඩ කඩවීදිය,2122,2123
2a7ef4fb-6a56-42a7-b96b-fa1077586471,පුදුකාඩු කෝවිල,2123,2124
5b04d837-902f-4574-95e1-f3b2baa52c3a,මඩකුඹුර කෝවිල,2124,2125
1d3e69ea-2f34-4d95-a11b-ed00c5bf3d0c,මඩකුඹුර හංදිය,2125,2126
91c223a0-937e-4815-b406-ea39354fa3a9,බෝගහවෙල ආයුර්වේද බෙභෙත් ශාලාව,2126,2127
28a7d3b1-abd8-461e-a1a4-9653391c1d02,කයිප්පුගල දෙමල මහා විද්‍යාලය,2127,2128
ae301e1b-6351-434c-adf4-0ce793390f4d,දික්ඔය කඩවීදිය,2128,2129
7dd4f572-2763-42ea-972b-2a0f80f78fbf,6 කිමි කණුව,2129,2130
5659f893-27ea-4d45-9b82-f35634a0c692,දිසාරෝහල (දික්ඔය),2130,2131
b5ffc5df-b9f2-40b9-bb7a-79ca15368b03,නෝවුඩ් කඩවීදිය,2131,2132
1f7967c2-e51d-456f-88ce-8de4cda34f87,ඩිස්පෙන්සරිය,2132,2133
312a44f3-98f6-47df-b4ef-7c04659a3337,වෙන්චර් තේ කම්හල,2133,2134
2cc265f5-c57c-43f2-85d6-2c4c63b1b0cc,උත්සව ශාලාව,2134,2135
b082bc7b-b41a-414e-a700-2b971e902fee,ටින්සින් කඩවීදිය,2135,2136
50e9ee0e-490d-4cc9-9894-44ba84438998,කතරගම දේවාලය,2136,2137
7d4052eb-9774-4363-835b-c68c75c97228,බගවන්තලාව දෙමල ම.වි,2137,2138
7a708841-d518-4b1a-abf2-fc56288847bc,බගවන්තලාව,2138,2139
f819ef80-1ed9-49c4-ad8b-e735e904cdd1,දිඹුල මුස්ලිම් පල්ලිය,2139,2140
3515964b-aadf-4b74-9c28-75c3591e3ae7,මවුන්ට්වෙරන් (කෝවිල),2140,2141
238694be-9c79-4726-bc68-d3e87c04daec,දිඹුල හංදිය (දෙමළ ම.වි.),2141,2142
a401632e-e4f0-45c1-8bff-a3f5ad12ff77,බෝගහවත්ත හංදිය (රාවනාගොඩ පාර),2142,2143
34360946-c21e-449b-aadc-78fadd5534d9,බාස්වාඩිය,2143,2144
c8139771-7791-4b20-95be-7a03d5c3889a,පාලම,2144,2145
313e0833-fe4e-44f8-8dbe-5274879e1b7d,මහවැලිගම,2145,2146
cab0074f-2e54-4d84-b02c-bbf7b0dd3b86,බෙරමාන හංදිය (විජයබාහු කන්දපාර),2146,2147
9b4ab3a6-0773-4d55-b4e6-dff880d79152,රාවණාගොඩ,2147,2148
5372486e-d636-4c3d-8d13-7b67fa14bbd4,කුඩා ඔය සුසාන භූමිය,2148,2149
79cdfecd-8602-433d-a514-b296de97a5fd,කොටගල කාර්මික ජනපදය,2149,2150
c2ce980d-e3ea-48dd-84fa-a42d6177352d,කොටගල ඉහල නගරය (නුවරඑළිය ප‍්‍රා.සභාව),2150,2151
c141fcdc-f43c-4e15-9d8b-9465a0de26eb,කොටගල රෝහල,2151,2152
e90e2b9a-08e7-4506-b94a-a688857f3378,පතන හංදිය (රාවනාගොඩ පාර),2152,2153
7e361f65-c9cb-4c15-b4db-a8244846e5ef,ඩෙවොන් දියඇල්ල,2153,2154
e0f66f32-86c6-4acb-86c4-6552979d0e08,සෙන්ක්ලෙයාර් දියඇල්ල,2154,2155
3e41bb02-489d-428a-a4dd-53323a44490a,සෙන්ක්ලෙයාර් පන්සල,2155,2156
1a257433-991e-4731-9059-40809b0cc6dc,තලවකැලේ බ.නැ,2156,2157
5894f34f-067f-4b37-8a9c-e298f5a6b7bf,බෙයාරවෙල් කඩමණ්ඩිය,2157,2158
2b4828df-3acc-4bb4-87a9-5029712cb517,ලිදුල(ඩයගම පාර),2158,2159
66b1882c-d898-4881-828f-457c4b3909ba,T.R.I හංදිය,2159,2160
5ce3396b-21d3-42d1-8e55-2631b130376e,ෆාල්ම්ස්ටන් කඩමණ්ඩිය,2160,2161
13eb5235-b954-4f0e-b802-d4f801ffcf84,සමර්සෙට් (වතු කා. පාර),2161,2162
9d6af840-5837-49c3-8dbc-23b1f91eb44c,රදැල්ල කඩ වීදිය,2162,2163
cda2e7d0-9b45-45e1-857c-25a076f4b13c,කිරිමැටිය කඩමණ්ඩිය,2163,2164
1b603544-78fe-489c-ae18-a0874ddc9eb2,මෙරායා හංදිය (ඩයගම පාර),2164,2165
da3ffa7b-7c71-4c30-ab0e-bff58ee3e450,ඩෙස්පෝඩ් පාසල,2165,2166
b7ec0ce1-ea08-49a1-8f7e-f7c5d774a9c8,ඩෙස්පෝඩ් (කළමණාකරු බංගලාව පාර),2166,2167
1f2b1799-4ebb-45ba-8a56-02203ac00264,ඩෙස්පෝඩ්(108/2 පාලම),2167,2168
6eccc214-b074-45c1-9a72-e14d71fa10ac,නානුඔය කඩවීදිය,2168,2169
3b816f62-04de-447d-9bb1-57000881c288,එඩින්බරෝවත්ත පාර,2169,2170
deb5aafe-f1f7-4f97-9113-508db2ddb288,බංගලාහත(113/7 බෝක්කුව),2170,2171
8882e4e8-c57b-4b92-9920-f487b89ceaee,බ්ලැක්ෆූල් හංදිය(මිලිපිමාන පාර),2171,2172
bb4d705e-d1a3-45b7-bc36-751912d32601,සිටි හංදිය,2172,2173
0b8dbd00-4b2f-48da-a15b-08677f85aeb4,බොරලන්ද හංදිය,2173,2174
e4677f56-ece2-4a4e-a15f-de61a739009a,සමර්හිල් දළු මඩුව,2174,2175
302f19d9-68df-445c-b9e3-4a575aa75484,කෝට්ලොඩ්ජ් (පිදුරුතලාගල පාර),2175,2176
d02222c2-2229-4497-a4e9-5435799b54c0,6 කනුව (නෝනවත්ත හංදිය),2176,2177
902589a8-34b3-4a2e-a557-0dfb85768c93,කදපොල(කූරවත්ත පාර),2177,2178
01bbbb73-d9ff-435b-b1b0-40f7a4e8b9bc,ශාන්ත ජෝන් (12 කි.මි.කනුව),2178,2179
1487e085-3ee4-4cc8-ad39-4c30e127463b,ශාන්ත ජෝන් වත්ත පාර,2179,2180
ed77b499-ca58-4241-ab0f-423243359637,බෘෘක්සයිඩ් හංදිය (හයිෆොරන්ට් පාර),2180,2181
46d5076e-a1de-45e3-acf4-ca7a6c951298,18 කිමි කණුව,2181,2182
fa2968f2-ce74-430c-bff7-7bf65d04b90e,සූරියකන්ද හංදිය (වලපනේ පාර),2182,2183
e7907dcd-d2d0-419a-a560-ed5f85cd3035,රාගල බ.නැ,2183,2184
ff5abe3d-80b3-4aee-b68c-76bf8f8aed80,මැදවත්ත කඩමණ්ඩිය,2184,2185
66e606f5-ac5a-4186-a897-401b1b7e6055,ඩික්සන් කෝනර්(තේ.ක.ශා),2185,2186
2706fe1a-d6e7-498c-ac1d-2274056f9d7d,ඩික්සන් කෝනර් (සෙනරත්පුර ම.වි.),2186,2187
6911687f-d42c-4226-a294-e39a1df6e365,ඩෙල්මාර් කෝවිල,2187,2188
f052ad7a-a374-4185-b067-f14a82c5e54a,ඇමර්ස්ට් හංදිය (නිල්දණ්ඩාහින්න පාර),2188,2189
4a5f5295-d34c-4780-be88-b2371c9f2be9,වෝල්ඩ්මාර්වත්ත පාර,2189,2190
ce1fc7fe-e73e-4d5b-ba8a-efed25a247d6,සෙල්වකන්ද කඩමණ්ඩිය (තැපැල් පෙට්ටි),2190,2191
1a405689-2086-4521-9640-1d5138dd9fd0,ඇනික්වත්ත(2 වන බස්නැවතුම),2191,2192
7daf6d1f-0ce1-4667-a4b6-64673f881028,උඩුපුස්සැල්ලාව,2192,2193
3219cdf8-ede8-4e81-a26b-381253b20e3f,ගම්පොළ බස් නැවතුම්පල,2193,2194
08b737d6-19ec-4bb3-9924-0d0f0a30f0d2,පුවක්ගොඩමුල්ල,2194,2195
fa0e398c-5932-430d-80c0-2833f0f92f09,රීදිපාන,2195,2196
7e50557b-382d-4cbf-9b96-0da930c876ac,දුන්හිඳ,2196,2197
69d07c9d-6111-4ad1-a476-e2054eda64ce,තිඹිරිගස්පිටිය,2197,2198
e1462c9f-22ff-41e6-9de1-394eca9d320c,අඹගහඔය පාලම,2198,2199
1f532d90-7cab-41db-9895-b11de0131211,9 කි.මි කණූව,2199,2200
0b9dac5b-274e-4a91-afcb-1c4f70f59190,තල්දෙන සිරකඳවුර,2200,2201
2b282bf9-36d1-4074-bf29-2bc2e666c35a,බන්ධනාගාර ගොවිපොළ,2201,2202
7d0575bf-ac67-4258-a019-c78639579e06,තල්දෙන පන්සල,2202,2203
043a23ec-0407-467d-8c33-b9a333e01ebd,අංගොඩ හංදිය,2203,2204
fe1b42fb-7f10-4978-a447-efa5a677251d,21 කි.මි. කණුව,2204,2205
231fb3c3-7d51-4f9c-ae4e-0d256162489b,මීගහකිවුල නාමපුවරුව,2205,2206
cee68fcd-07e6-44ce-b321-325ca9a05faa,මීගහකිවුල,2206,2207
2b112fc9-f7fa-4aa7-be93-a8e81a6165a7,අරාව හන්දිය (16 කණුව),2207,2208
bd553592-8974-4996-87aa-f8beefef008c,බලගොල්ල විදුහල,2208,2209
19c1fb6e-f54a-4c29-beb6-476d1975a672,කරමැටිය(පොළ),2209,2210
5cf55ede-0def-4288-b8ed-deee6bbee315,කරමැටිය ආයුර්වේද රෝහල,2210,2211
f5325926-302a-449e-a575-84acc2599516,මුංවත්ත 45 කිමි කණුව,2211,2212
8677d578-24a9-4f8c-8aa6-34b6266c2dbf,ආඳාවල දියඇල්ල,2212,2213
846adc4f-1b97-4b83-805b-7fe9115ebfae,ආඳාවල 50 කිමි කණුව,2213,2214
bcbbfc9b-8d62-4aa0-983d-19564c9fec14,නාරන්තලාව හංදිය,2214,2215
35e4f451-0ebd-4f61-83eb-00c74cd47804,වැවකැලේ 54 කිමි කණුව,2215,2216
85dbac80-5677-44a1-99ef-e3d0c56d1de8,කුඹල්ගමුව පන්සල පාර,2216,2217
26d5e780-db55-4b11-95e8-45216e2fbaec,තැන්හේන්වල 56 කිමි කණුව,2217,2218
b33bf589-d77b-4e01-9a46-87e779753d14,කුඹල්ගමුව පැල තවාන,2218,2219
dde33549-e8f7-4d91-bc97-d30e913d2585,වලපනේ ගොවිජනසේවා මධ්‍යස්ථානය,2219,2220
06ab2071-110b-4da1-b322-b7332e2523b3,කෝවින්න,2220,2221
b1718e00-02e5-4598-b1fe-d155aa19cb9d,මල්ගස් හංදිය,2221,2222
ece3847b-a159-4695-bfad-fd88bfd0244d,කටුනායක,2222,2223
a235e9aa-bfe9-43cc-a2dd-28250a25880f,මහගම 2/4 බෝක්කුව,2223,2224
d8d8602d-0484-4f8f-957b-fda79690efb2,පන්නල ම.වි,2224,2225
b929b6de-0636-4af7-a515-6ffed2f08cc9,පුරන්කුඹුර/හෑගම හංදිය,2225,2226
948d4f43-244a-4e2a-9117-3fa63a323462,අඹන්ඇල්ල 2 කණුව,2226,2227
dbe39885-dfc4-467d-a75b-6a7e1ea09d9d,වැව වත්ත,2227,2228
57c16273-f258-43a2-86c0-a014082581ea,උඩමාදුර බෝධිය,2228,2229
11f5fd12-6878-464c-a51b-e7bf0ae2cc56,උඩමාදුර(විද්‍යාප‍්‍රදීප ම.වි),2229,2230
b79fad36-b5f4-4bc3-a501-1a06838e3529,උඩමාදුර 6 කණුව,2230,2231
256c1ff4-935b-409c-b256-9e8afa37e645,දඩයම්පොල රිවස් වංගුව,2231,2232
35309f4c-7d01-4c1a-bcf7-0b1eb646c821,තෙරිපැහැ,2232,2233
d66dab1a-7d85-485d-b3e0-8c8d7a4ba372,1 කනුව වංගුව,2233,2234
4b581a01-b9a2-49a3-8fda-dfa2a7573188,නාගල පන්සල,2234,2235
9fc7b204-4f9e-401d-923b-f4c716cdebea,බදුලු ඔය,2235,2236
1535cd5d-bea8-4d8a-a3bb-8f351cc1db61,පොකුන්නැහැව පන්සල,2236,2237
57e717f8-7819-4b18-a8ac-ab1eb59537a7,විල ඇතිගොඩ පන්සල,2237,2238
12eb5e5b-95f8-4f0e-b614-00e40d78de8b,පිටකුඹුර (රෝහල),2238,2239
9fa41172-8a2f-4e33-9ecd-8dba88f3c073,7 කනුව (ප‍්‍රජා ශාලාව),2239,2240
9fbdd6bb-6ee3-4bbc-85e6-8beb9e982e73,8 කනුව (මල්දම් අඹේ හංදිය),2240,2241
170a97fa-ae33-4c79-8a2c-0769e146635b,සේරව විදුහල,2241,2242
53d92eb7-e343-402c-91b2-e744a9abdd95,පේරන හංදිය,2242,2243
cc5accb9-9cba-4947-b0ba-055e80ab4091,ගමණව පන්සල,2243,2244
79f7672a-283c-4ccf-a532-be43e985b9da,බුලුපිටිය ම.ම.වි,2244,2245
b2ad98bc-d10f-440d-99bf-41c4fd9fc1eb,කරාබුගල,2245,2246
c9fc2eb1-b9f7-47ec-ab38-b1cb6adc48cf,මාකඩ කන්ද මාකඩ කන්ද,2246,2247
c315654e-03f8-42e7-81a5-ba5e1109ceab,රන්තුරුගල පන්සල,2247,2248
59e13b0f-fcd6-4be9-a62f-a8ae1795533c,රන්තුරුගල සායනය,2248,2249
e9d9edf5-08d9-4ad8-a691-a2d8fa6d8c48,ගල්ගමුව පන්සල,2249,2250
4082ec67-3967-42f7-8458-2150023ec8bc,මුල්ලේගම පුරාන විහාරය,2250,2251
c47c70bf-f4fa-4948-af8d-68a8995d47e0,රත්මලගහඇල්ල (බෙභෙත් ශාලාව),2251,2252
a4194e2f-f824-4038-86d5-9fee3a34d103,මුල්ලේගම පන්සල,2252,2253
3de86ce8-bea6-4a6d-9af2-3f458da3a7ed,මුල්ලේගම ආරන්‍ය,2253,2254
b208d24b-037a-420e-869e-69fc047abb94,42 කිමි. කණුව,2254,2255
dbc3cfc9-61d4-438d-9e3c-ad8db69f8001,44 කිමි.කණුව,2255,2256
0fe4ecf6-fc49-43f4-96cf-860487207bac,46 කිමි. කණුව,2256,2257
83e8ec56-af74-4610-a8b0-7f0ad48d7424,පිටවාන (දිස්ත‍්‍රික් මායිම),2257,2258
a190230f-9fd2-4c8f-8c0d-b44b211fd97e,නාමල්ඔය (බෝ ගහ),2258,2259
4de370fb-91d9-4634-8ba9-e1b024d9b25d,නාමල්ඔය හංදිය,2259,2260
f848327c-3038-4d3c-a684-cddefec1a43e,නාමල්තලාව (ශෛලබිමිබාරාමය),2260,2261
bd2668c3-fe57-4bd3-a238-727bc2510a6f,58 කි.මී.කණුව,2261,2262
b697abdc-4c43-4127-8cb3-4b8b482d21c8,මහියංගනය නාම පුවරුව,2262,2263
893e8a8a-7056-4acd-8ca4-77b8a6c92f4d,දෙහිගොල්ල මහා විද්‍යාලය,2263,2264
fcf9247a-57b2-4d34-b7e3-665c49ac9cce,78 කි.මි කණුව,2264,2265
19711f06-8d24-49a9-b3d1-cef9f89b5674,අරාවත්ත සේරාන විද්‍යාලය,2265,2266
291d89f1-9465-4998-aa86-291a62c1ccc0,ඔරුබැඳි වැව,2266,2267
66e94fa9-2651-4557-875f-232651c6689e,කෙසෙල්පොත හංදිය,2267,2268
e513c8ef-2c72-4ec2-ad73-3ec82b9cad54,රත්කිඳ හංදිය,2268,2269
5e39a0f3-eb6a-4d4f-8e5d-308fff64df68,උල්හිටිය ඔය,2269,2270
75b4e7f3-6761-4727-9cc1-5f966ed47523,මාවරගල ආරණ්‍යය,2270,2271
4e30afa9-7af2-432b-89b8-3cb65a9a09cc,දඹාන,2271,2272
72288c11-b9ca-4c4f-80a1-9c3924ba3b34,වේවත්ත,2272,2273
a63cf8b7-d709-4593-9c4d-b4e81dbbd2b6,කුකුළාපොල හංදිය,2273,2274
1a0c183f-61c1-4da8-af39-6757c9137771,මුරුංගාගල රජමහා විහාරය,2274,2275
21dab2f5-874e-4e00-b73d-8eabf021aba8,මාඳුරා ඔය,2275,2276
d868c6d3-2a3e-40b1-8e15-91c53718261d,වැලිකුඹුර පන්සල,2276,2277
01349952-f0aa-444f-a8a2-4231a01d67d0,මීගස්වත්ත (බිබිල පාර),2277,2278
d55a95d3-3d73-45d5-b29f-bc63a1390191,පදියතලාව අභිනවාරාමය,2278,2279
7781199d-d4e4-4b21-a774-fa46b21c4f7c,පදියතලාව,2279,2280
0a486c6a-8c76-46c0-a7a9-f858f8edbc97,නාවින්න රජමහා විහාරය,2280,2281
8d53e75d-2925-489d-a818-ff611aec394e,ගල් පල්ලිය,2281,2282
3c4370d2-ba12-41fd-b557-bb39bc41c8f1,සේරන්කඩ මහා විද්‍යාලය,2282,2283
c602983d-50e6-4ab7-ab7d-7dd641b50b98,228 කි.මි කණුව,2283,2284
4bb0ba4c-74fd-4c7b-8fb7-3a86cedd62a0,පළතුරු ඇල්ල (230 කි.මි කණුව),2284,2285
97df70f2-d418-46b0-a45d-6093380637e9,හරස්ගල,2285,2286
4aec13fc-6a3d-4125-996f-b9174ba42dfe,කැකිරිහේන උප තැපැල් කාර්යාලය,2286,2287
291f59cf-a96f-4af9-a64d-76013f1764e6,දඹදෙනිය විද්‍යාලය,2287,2288
c9a9def9-40b4-4175-bd55-22ee4060cc05,මහඔය,2288,2289
bb35f107-0d83-4924-a3dc-e12619434c45,මහඔය පාලම,2289,2290
540d96d5-bd23-4794-ac3b-53d931d320e4,69 හංදිය,2290,2291
0968aec2-bc4f-4dcf-9418-f543863e5253,බොරපොල විද්‍යාලය,2291,2292
4cdddd21-3849-4a48-bf64-040aafaad01e,පියාසරගම පොලිසිය,2292,2293
2454ac5e-93f1-4683-8bea-1851a0a7bc35,පියාසරගම,2293,2294
84296f0c-7c96-48cd-8775-10e4bed386ae,අරන්තලාව පොලිසිය,2294,2295
89f40efd-ae6c-42fe-ad0d-b56e1b9f08ef,ගලේ පන්සල,2295,2296
866b7ebc-da5e-4fe0-9cb2-2a0deb3c8906,නුවරගලතැන්න විද්‍යාලය,2296,2297
ea929ba8-0973-4315-888d-0e51bc8be75e,40 කි.මී. කණුව,2297,2298
99db207c-a567-4307-9baf-c5f818686543,මංගලාරාම විද්‍යාලය,2298,2299
be85584d-cba3-4247-9c84-a04096c55624,කොහොඹගස්තලාව හමුදා කඳවුර,2299,2300
3f839922-451d-4bbc-ac9e-c70f7b3eb515,කෙවිලියමඩු හමුදා කඳවුර,2300,2301
20c21ed0-a637-4228-b720-286fbf7e4e4a,පුළුකූණාව / 30 කි.මි. කණුව,2301,2302
02983b40-0b13-4358-b75b-51682d66f3b1,දිවුලාන මහ විද්‍යාලය,2302,2303
0353e374-1bca-49a4-8d0f-f8d437c7cabf,පියංගල,2303,2304
5bbc5448-e505-4f38-beff-e77fd1d7d1fd,රජගලතැන්න/ බක්කිඇල,2304,2305
7e88b788-e7f5-44fa-a230-8397f385f0d5,නවගිරියාව රජයේ බෙභෙත් ශාලාව,2305,2306
a7cc6186-0dd3-49c1-8201-4479f0f63be3,ගොනාගොල්ල කඩමංඩිය,2306,2307
23c7ad7f-ebd3-4ea4-b5d8-13e03e64da62,මයාදුන්න විදුහල,2307,2308
4c1e4ff0-e9c3-42c7-94df-3821f419c3bf,වෑරංකැටගොඩ,2308,2309
2d62da9b-0dec-40f3-b5dc-1d477811ccdb,ආඳල්ඔය හන්දිය,2309,2310
487941c3-713b-4672-b2dd-2f9eb6b5ce22,24 හන්දිය ( උදයගිරි විදුහල),2310,2311
3b7ed424-694b-472d-a021-6c41dd01c4ed,උහන,2311,2312
823f499d-5a2d-4db3-a66a-33b44b635d91,බි‍්‍රජ් කෑම්ප්,2312,2313
33d663a3-5592-4f6d-a35c-7a1aed0475c7,සමනබැද්ද පන්සල,2313,2314
b021a019-35b9-4a72-b027-f842121f689c,ගුවන්තොටුපල,2314,2315
e51b3436-019b-490f-b40f-25d949fdeaf9,කරන්ගාව විද්‍යාලය,2315,2316
d09da46f-cb99-4d48-a408-06a46e5b67fd,මහා විද්‍යාල හන්දිය,2316,2317
773aa80f-713d-4f01-8a01-b37fa1ec5661,අම්පාර බස් නැවතුම්පොල,2317,2318
8bc7164b-0582-4898-b3ba-918b3380d445,බ‍්‍රවුන් හන්දිය,2318,2319
92c03877-8a7e-4e25-bd6d-412c3fa4a04c,ලොග්ගල්ඔය පාලම,2319,2320
96e1592b-3618-4569-baf3-6a651bde2f15,අක්කරෙයිපත්තු හන්දිය,2320,2321
99786729-bf01-48b0-85b7-993634c76b85,දීඝවාපීය හන්දිය,2321,2322
4d2f8cb4-936b-4a61-9ac6-19ccc6370826,කුලත්තාවලි හන්දිය,2322,2323
35a75699-896b-438f-b9ef-24259a5c2e5e,වාරිමාර්ග හන්දිය,2323,2324
fba3da80-0817-44d2-ad6b-5fe44559a3eb,බානගම හන්දිය,2324,2325
5e9a7c66-ad30-4f29-aac7-ca31cfb4b87c,ඉලුක්චේන හන්දිය,2325,2326
05c1bf94-3158-4157-944e-7da77e515163,8 කි.මි. කණුව,2326,2327
e2deacc8-a81d-4318-882b-df3830a380c4,ආලන්කුලම් හන්දිය,2327,2328
c340cb19-0177-4134-aa15-f1a7f46365f4,අරසඩි පාසල,2328,2329
5091fe55-ff52-429a-b311-8b0ccf025cae,අක්කරෙයිපත්තු,2329,2330
02929467-23be-4948-a422-8d5032ee88ee,244 කිමි කණුව,2330,2331
db4bb320-e2fb-46de-ba3b-aa1e6a9b0702,246 කිමි කණුව,2331,2332
7d57f1e6-1f74-4492-b937-7548138ad73e,පුහුලාන හමුදා කඳවුර,2332,2333
3a1b04a2-023f-4242-9c6e-5b271d2e5e0e,ටැමිපිටිය හංදිය,2333,2334
6fd9963d-30a3-46ca-8f48-f5be317a76e8,ටැමිපිටිය පාසල,2334,2335
fc8c9b80-0937-4038-93fa-530bdbea76eb,ටැම්පිටිය පන්සල,2335,2336
62d1d736-cf14-4db9-a2b9-c5fbb9c0b099,අරලගංවිල,2336,2337
02904a9a-4441-402c-9e3b-2392da99b016,අළුත්ඔය ගාමිණී විද්‍යාලය,2337,2338
0242dfa5-04fa-41a4-ae1b-e316c541fc45,කුඩා සීගිරිය හංදිය,2338,2339
7f24979f-e8c4-4a12-b1c9-b1ceedbbf073,කජුවත්ත,2339,2340
f37771ce-24c0-4e8b-8357-499c0c74b8eb,වීරලන්ද ප‍්‍රාථමික විද්‍යාලය,2340,2341
474c6284-e4ca-4bf6-9564-233a4f979346,සඳගලතැන්න,2341,2342
abd736ce-8193-4faf-8392-96204ac258c0,නිකවතලන්ද,2342,2343
11afdb52-b427-4db0-bb8a-dae20535cacd,මාවනාවෙල හංදිය,2343,2344
98d50911-de8e-4c7c-a7de-9d0ad9989412,තුවාරගල හංදිය,2344,2345
7b255f25-b591-47ef-8222-6621a0117479,දොලකන්ද,2345,2346
9f969da2-13f8-40f0-a8ef-c7a2ab14846e,බෞද්ධ මධ්‍යස්ථානය,2346,2347
af470990-91a2-4163-94d0-c36d42f3e1a1,දෙහිඅත්තකණ්ඩිය බස් නැවතුම්පල,2347,2348
f9f49da3-3a8e-4d21-b9be-8f4dab0f7736,මුවගම්මන පාලම,2348,2349
3ec5543d-3eeb-4b58-88d5-0ea2f1a0fdb8,දමුන්නරුව පාලම,2349,2350
2100894e-89b5-4fdf-90a6-33ee3702d918,සඳුන්පුර හමුදා කඳවුර,2350,2351
f259d5c5-8490-4a1a-a82f-15b9eb33a6f2,කුඩාඔය පාලම,2351,2352
0ca5314e-bbed-4fe0-9214-36260d8a641c,කුඩාගම විදුහල,2352,2353
8fec9fc0-4d8a-4a3a-b820-ac7480cd1ffa,නව මැදගම,2353,2354
975dce24-9db7-4764-915c-525073c9e2f8,දියවිද්දාගම හංදිය,2354,2355
ca51030d-2938-46f1-b494-d60ba657979e,තෙල්දෙනියාය හංදිය,2355,2356
9e2f7e26-5e75-40ed-960b-ad80c7c85c4a,බෙලගන් වැව හංදිය,2356,2357
8e66994a-b022-4eb9-86dc-615374fd584a,හොබරියාව,2357,2358
4463f591-6cd5-4097-ac86-8dbfed2a7a4c,ගිරාඳුරුකෝට්ටේ බස්නැවතුම්පල,2358,2359
1986819c-3ee0-44de-9b8c-acd6d3b6d906,මල්ලත්තාව විදුහල,2359,2360
0897b03d-f225-482b-adae-1895b46897da,ගිරාලගොල්ල,2360,2361
97b49957-b0c9-4717-931d-55d8c0e73a12,බතලයාය හංදිය,2361,2362
f627d310-f5bf-411e-afb7-3fe8b8305096,අලුත්තරම,2362,2363
3edeca99-3e66-4c7b-afff-85fa86222284,නිදන්ගල,2363,2364
21f32376-2c71-48d1-805d-45ea2c3aa826,තලංගමුව හංදිය,2364,2365
19ae184d-bc20-4fc3-9d3d-71e6062e3d46,2 හංදිය පාලම,2365,2366
36a51939-a7de-45b3-befe-c03eb9674965,බක්මීදෙනිය,2366,2367
685fe469-9d53-40e1-a3af-e4059c4bb458,හුංගමාලගම,2367,2368
efe0bb96-f1b6-4859-bf1c-795443e89db6,රත්මල්කඳුර,2368,2369
b3980483-ea2c-40e3-8e8d-d92d7c000b41,සිරිපුර,2369,2370
2862da24-a655-454f-9655-7d1b6b0446e5,පළුදෙණිය,2370,2371
bb622839-1cc6-4a41-bfce-97ec90784153,මීවත්පුර,2371,2372
80c2ef55-dd2e-40e5-a62e-282c730157d8,මැදගම්පිටිය,2372,2373
6faec6c4-1a77-414c-afe0-eea4df27dd62,නවගහ ඇල,2373,2374
f9e3b477-02c4-403d-ac31-be246e92222b,නුවරගල,2374,2375
3acd71c8-08a5-4785-969a-e8c3459e65c7,දික්කැන්දයාය බෝගහ හංදිය,2375,2376
c3541d82-730e-4b4b-b6e9-54ebcd7d8e15,තිස්සපුර ශ‍්‍රී සුමංගලාරාමය,2376,2377
2683bcb5-959d-49fe-9a4d-a2bd764763cd,තිස්සපුර (කුඩාලුණුක පාර),2377,2378
07866e5b-3b1f-4c02-b452-ecced6170f0a,යාය 11 (කෙසෙල්පොත පන්සල),2378,2379
c00bf6bf-221d-4446-aa53-9340ac2b748a,යාය 12/ කෙසෙල්පොත,2379,2380
f4f8adec-7f9f-463f-b057-f2426ccbf314,රත්මල්කණ්ඩිය,2380,2381
01eabce8-b2a4-4b6f-a53f-c12982680f27,පල්ලේගම,2381,2382
666a5e23-8861-477f-abf8-795b2a7d6c46,බඳනාගල හන්දිය,2382,2383
eddc03a9-7f31-4f9b-bc4c-5b2b739051c2,කළුකැලේ,2383,2384
60808c19-314e-48a2-8163-92be2243ca79,වැව්බැම්ම බුදුපිළිමය,2384,2385
8dd819d6-2e7a-4f11-ab23-705004179ed5,ඇල්ලෙවැව පාලම හංදිය,2385,2386
5f2df360-ccb2-4886-967f-0350c443488d,ඉහළ ඇල්ලෙවැව ක.වි,2386,2387
dad23271-9715-4b2e-88c5-32f0d72b231b,කහ පාලම,2387,2388
6d2c7ad7-693a-41f6-a988-2c6af272582a,මහදමන,2388,2389
28d1b9e4-a919-49ea-aee1-353413ae1401,බක්මීදෙනිය පුරාණ විහාර පාර,2389,2390
8eb6835b-24ca-4b27-b29f-9616eee9cb43,රන්භෙළගම ආයුර්වේදය,2390,2391
1a10d7b4-b3ed-49bd-8b10-687061461c96,රන්භෙලගම ඔය පාලම,2391,2392
33363b2e-7936-4fa2-9e6b-6093b6d5415a,සල්පිටිගම,2392,2393
1e139cb5-dec9-4652-8f54-e8f386264374,ට්‍රෝඩා පාලම,2393,2394
c47f0d12-cfb2-4682-b8f3-92db34ffc410,ලිහිණියාගම පන්සල,2394,2395
6b13942a-0256-4999-bef8-84955ad63efb,වෑකන්ද,2395,2396
40fe3072-3c65-4ffc-96a5-8fb3e4ae01b1,උදයපුර,2396,2397
9bd1b669-1f39-4305-b7ad-42bc7ec9ad06,ස්මයිල්පුර,2397,2398
f72f8a6e-7779-4c6d-b1d7-b7f67356e0d0,වලතාපිටිය,2398,2399
bdeadd89-ee9a-4ca1-8df5-8629c5c5704f,නාඩන්කඩ,2399,2400
94f32304-2a92-4cc9-a93d-eea090172470,බංගලාවාඩි,2400,2401
5cfe9d9d-8dc1-474b-978f-d85d359e5c15,වීරමුනෙයි හන්දිය,2401,2402
f539946d-4270-453f-a101-1a1fcc6591f6,සමන්තුරෙයි,2402,2403
6db12f5b-4154-48f7-8f2f-b0ff9c00b3c1,මාවඩි පල්ලිය,2403,2404
e6eb3709-0ddc-4a80-a5bf-54f3f2e9ae39,කාරතීව්,2404,2405
9ac78bd1-1ed2-4002-aaa5-ec85efe626b9,සායින්ද මරුදු,2405,2406
752dd290-8064-4b03-a5c9-48ada544e899,කැට්ල් ෆාම්,2406,2407
ab7a63bd-87d5-4760-befe-e321fecf9989,වාවින්න,2407,2408
63769964-3a26-465f-b2f3-c52c7e5a60cd,පරගහකැලේ,2408,2409
af5f233a-f585-48b2-9196-5f0f97c30694,කොන්ඩවටවාන් කඳවුර,2409,2410
5f61ed1c-e638-4235-94a8-946c729744bf,අම්පාර නාම පුවරුව,2410,2411
99967024-1674-4353-b03e-c6ce583ee9e4,හාඩි ඟෙක්නිකල්,2411,2412
73b433c5-0933-4d15-b684-74d262d1affe,තුවාරගල හංදිය (පුස්සැලවින්න පාර),2412,2413
507f8b57-9dd8-4f4a-9bce-c274482c1ec0,තුවාරගල ට‍්‍රාන්ස්පෝමරය,2413,2414
40427185-602e-4e34-90df-db56084fb3ab,කුඩාගල හංදිය,2414,2415
aefbaa87-0da6-42cc-b2a4-488742e6d42a,සමනලතැන්න හංදිය,2415,2416
61b49a1d-3366-4eb6-aebc-acd68e9e6626,සුරියපොකුණ,2416,2417
93a5f231-e6fc-41d6-a680-d70782255e69,ධාතුසේන මාවත,2417,2418
6eedec16-d884-47ae-a618-49e4a59ea55c,පුස්සලවින්න,2418,2419
34609d70-c29e-4a0b-973a-f2d21a69fd72,දුන්කලවත්ත හන්දිය,2419,2420
492be8a3-6994-4ad0-a7e7-ab9d4323c2b1,කහනියගොඩ හන්දිය,2420,2421
2e3cdfda-da20-470e-a252-10e71ca70db1,බතලයාය හන්දිය,2421,2422
de269fd8-9bc8-4877-ada4-d6af8ff3119f,අළුත්තරම කෘෂිකර්ම ගොවිපල,2422,2423
67f7f29b-0ecb-4f82-aa59-40b43354d09e,සීටීසී හංදිය,2423,2424
0958e6f7-d924-4e85-913c-3c5419a6456f,ගින්නොරුව එකොළහේ කණුව,2424,2425
3184dd34-c2ae-4e5e-a016-d8098fb2a4e6,ගින්නොරුව හංදිය,2425,2426
45f7c7a6-8644-4a88-ba9e-024ae9072adb,භෙබරව,2426,2427
521163f2-7cec-4c7b-a7d1-1682a3b0399f,අළුයටවල පන්සල,2427,2428
da1a03b0-e8d0-451a-a19f-5fada66e0b03,තල්දෙන කඩේ,2428,2429
86dc4984-58ba-4b19-beaa-b03f307b6cb6,රොටලවෙල,2429,2430
49baca8a-ee13-426c-b32e-19982a760c58,දිවුලපැලැස්ස සුගතාරාමය,2430,2431
6d5dd7a9-c6bc-41a4-8cd7-4b3763fd6f3d,දිවුලපැලැස්ස දහම් මාවත,2431,2432
23bface7-23d4-4fdd-8340-e6cd58789e4a,දිවුලපැලැස්ස,2432,2433
6544875a-ef79-4d1c-b05f-c9eb22bdc710,නිශ්ශංකමල්ල ප‍්‍රාථමික විදුහල,2433,2434
9ab6ffac-0f38-4f91-aeb4-c1d120a5b30c,දළුකාන,2434,2435
475fd035-863f-4e9a-abae-a7cdf5690de7,71 කි.මි. කණූව,2435,2436
56daf57f-905f-4c2c-94b8-51dc90057a73,69 කි.මි. කණූව,2436,2437
282bc7dd-ade7-4a62-b6fe-7283227e5524,දිඹූලාගල,2437,2438
20f2a00b-0f06-406e-8392-26f92dd27816,මැණීකේ ඇල,2438,2439
d77b3394-d528-42f7-a00b-e0b8a6240372,පැලෑටියාව,2439,2440
a550afb9-d170-4fbe-9fc5-e4b626d21d1f,මඟුල්දමන,2440,2441
b9b3d6bb-aa92-4c0e-b4ad-e37a1a77d0a1,දෙහිඅත්තකණ්ඩිය,2441,2442
4f66cb54-0aa9-478c-be7f-db718a8a3104,නිශ්ශංකමල්ල විදුහල,2442,2443
71df86fa-c01c-42c2-a6eb-bfe53b9f8e15,කුඩාවැව කණිෂ්ඨ විද්‍යාලය,2443,2444
bbdcd927-02ae-44f2-b5c0-c89e56f898ca,පැලතවාන,2444,2445
32594fe0-1ff7-4bac-b7d4-8b93b099e0b9,මැදගම කණිෂ්ඨ විද්‍යාලය,2445,2446
b5739cca-ef85-48ae-83dd-bbaf090cd2dd,පුලතිසිරාවය (යාන්ත‍්‍රික වැඩපල),2446,2447
418fe8ef-87ee-4d19-aca7-c6b65a1ded5d,රත්මල්තැන්න පන්සල,2447,2448
63104732-f135-4cbf-88c7-590680b6de1b,10 කණුව /15 කිමි කණුව,2448,2449
e85363ac-7e86-413f-88b8-7146eef91fd0,මාදුරුඔය 1,2449,2450
31555fab-4669-4f55-8804-bc1c91109c32,මාදුරුඔය 2,2450,2451
3d065f0b-4363-41fd-9581-ba337f9e7097,මාදුරුඔය 3,2451,2452
f74493a6-9d2a-4235-a47f-0514de695aa6,මාදුරුඔය 4,2452,2453
1bbce735-8023-41da-8a6d-7378e5006fa1,මාදුරුඔය 5,2453,2454
c8edfcc2-e59e-4b8a-b7f9-95f93cc81b7e,මාදුරුඔය 6,2454,2455
02f52584-9c38-4fe1-bf1e-66ea6792a9c7,මාදුරුඔය 7,2455,2456
7081b3c2-a6be-43e4-b431-8a973c1a4546,මාදුරුඔය 8,2456,2457
a482153d-433d-44df-ad2c-7acc56f5f74d,මාදුරුඔය 9,2457,2458
8f92d6e2-1662-4e76-a3c0-6506b7bc6cff,මාදුරුඔය 10,2458,2459
10ef29b4-3e82-4183-a377-845f1d463da2,මහඔය 1,2459,2460
a2b1a844-19a3-4952-a28a-9f7076ff4a80,මහඔය 2,2460,2461
b540fd4d-6436-41cb-9b68-7802a18f98c8,මහඔය 3,2461,2462
6c082e39-b5d8-4126-b0a6-169cb6e62770,මහඔය 4,2462,2463
19df8853-07e8-4422-8e8b-5cc863c43aca,මහඔය 5,2463,2464
80e5b250-78c1-4f9b-b776-6f86b6a57519,උමංදොල (පාලම ගල්වල),2464,2465
ea4c335e-357f-421b-86f8-8438d0609312,කුඩගලදොල හංදිය (කිතුල්ලෑලි පාලම),2465,2466
964cff8d-f009-486a-b327-3eae39c0dd41,උඩගොමඩිය හංදිය,2466,2467
634279e2-c619-457e-bfe2-042e3eec1b01,ගොමඩිය(ක.වි),2467,2468
93e1bb66-f41c-49fe-be08-a0b0af6b1f86,සියරාපිටිය (තුංමං හංදිය),2468,2469
8b1c9706-c039-4990-bcad-d00483a35ab8,කටුවන,2469,2470
40b88437-35cb-4c34-81a2-1b047a755f65,20 කණුව (දරමිටිආර පාර),2470,2471
936bf809-b4c3-482a-a0d4-d2fe2202b1c9,තල්වත්ත හන්දිය (සුගත බිම්බාරාම පාර),2471,2472
c10030b9-21c4-4ae7-b508-ca8560991adf,අඹගස්ආර හන්දිය,2472,2473
174ca62e-4197-4b10-a590-2a765b3ea327,වැලිපිටිය හංදිය (ජුලම්පිටිය පාර),2473,2474
4b7aa94f-3e9b-49c2-8beb-11483ba34e40,වලල්ගොඩ,2474,2475
b1bf2dfb-35eb-49d8-972a-3290c9fa1d7c,ඩංඩුම හංදිය/සෙවනගල,2475,2476
23042123-c536-438b-9756-db2f623af442,කිරිබ්බන්ආර පොල,2476,2477
b6ba3d15-c3c3-436b-b815-ae93fb1cb112,සමගිපුර හන්දිය,2477,2478
09bb2b23-0a82-4e62-bf11-4ae29bcb7f91,මල්අත්තාවල හංදිය,2478,2479
fea956a6-ea7f-4000-98c7-45b52653bfaf,වරුණගම හංදිය,2479,2480
48c451b9-195d-4e88-aed5-49d60682d544,පහළවරුණගම ළිඳආර,2480,2481
32cef60c-e269-4dcb-858e-6a285764744e,බ්ලොක් 3 හංදිය,2481,2482
d4f469d5-e3fc-4cc1-a692-fe947b1a659d,බ්ලොක් 3 සීමාව,2482,2483
43d2556a-88cc-4703-9ea3-6447be857e69,බ්ලොක් 4 ආරම්භය,2483,2484
193372c9-98f3-4871-a67f-b5e70d416abc,බ්ලොක් 4 බෝධිමළු විහාරය,2484,2485
74b796e3-c45d-47ec-916f-96b8698762ec,බ්ලොක් 5 ආරම්භය,2485,2486
b2bd80b1-e763-4451-8864-0993ec93f861,බ්ලොක් 6 රථවාහන කාර්යාලය,2486,2487
811faba9-54aa-48ce-a4a9-9d1b54afb316,සියඹලාගස් හංදිය,2487,2488
0ea95e29-5dc0-4d02-9a10-c79d0b424f28,තලාකොළවැව හංදිය,2488,2489
67a92b13-acb8-4860-9423-7f1b7a71db68,පොල හංදිය,2489,2490
a87f8801-c644-4262-81c4-dfb0da164597,11 ජනවසම (බෝගහ හංදිය),2490,2491
84d32e45-6b9c-4a2c-b220-c66d530f845a,කලිසංනුගේ,2491,2492
c1a70570-bf8a-42a3-b752-eced50984cbc,බ්ලොක් 14 (කාර්යාලය),2492,2493
340648e1-ecb8-4996-8c4f-1a788f382756,බ්ලොක් 14 (වන්දම පාර හංදිය),2493,2494
507df577-cd4f-47d5-881e-c77e88cad066,බ්ලොක් 12,2494,2495
0827c03b-1dc1-4138-bc4a-fb210d7c0227,වන්දම,2495,2496
ddf827cf-a092-4129-aa9b-ccf29200969a,මව්අරාව පාලම,2496,2497
f262e3cb-c4e6-4d10-b262-9dccf6ba976d,වෙල්ලච්චි කඩේ,2497,2498
a9e87bc1-d1a6-48cc-900e-27b1d9c9e1ab,මදුරුකැටිය,2498,2499
5a1eb17f-549a-49c3-9e9c-64b6dab7e297,නවමිල්ලාන,2499,2500
5e0dbcdb-e20d-4a94-b3ca-e616cb941dbe,සදුන්පුර හමුදා කදවුර,2500,2501
0335e0f6-8c67-460f-a9f7-fdc196b1a05d,දෙහිඅත්තකණ්ඩිය බ.නැ,2501,2502
607415c3-d6cd-4fce-94e6-7c074db264a9,10 කණුව / 15 කි.මි. කණුව,2502,2503
78b7957d-60bf-47c9-8ad7-b7d1ff192265,7 කණුව (කාර්මික පුහුණු ම. පාර),2503,2504
da93755d-1f60-4bff-9f94-170ddb2ace57,5 කණුව /ගල්තලාව හංදිය,2504,2505
dc81cd4f-3437-474f-97bd-c5b298c56f76,ගල්තලාව (යාය 8 පාර),2505,2506
81072142-604e-4ace-bd48-4824114071b1,ගල්තලාව (D-5 පෙට්ටිකඩේ හංදිය),2506,2507
19413d67-a5e9-4b2d-8508-502a4bd3a4e1,නෙලුම්වැව මහවැලි ගම්මානය,2507,2508
080c2a8d-e15b-4e2b-83d0-34a4a477706d,ගිනිදමන හංදිය (අලුත්වැව පාර),2508,2509
6dabddba-5df8-4744-9ad2-361cd69c7892,Z-D ඇල ගිනිදමන පාර,2509,2510
6ecaf5f3-c265-454f-acbc-9495acdbb32f,Z-D ඇල (32 කි.මි. ),2510,2511
a0f712aa-b7c5-42d0-80a8-cc1e6321e232,බැදි වැව ම.වි.,2511,2512
6b53d0cb-ee67-45d6-a2bc-745aca140a83,කුරුප්පු හන්දිය,2512,2513
0f8cf9b9-3db8-4d7a-b6b2-4a346411621c,පළුගස්දමන,2513,2514
1f818c7e-35ac-43ce-bd95-ea4f046e8ee5,වලේකඩේ,2514,2515
9a0998cd-a2fc-4587-9498-bf5a327ee32b,කුමාරස්වාමි වාඩිය,2515,2516
2c902419-9c55-4351-9c17-5edd2098350e,වැවේතැන්න,2516,2517
a3b83ecb-4b19-4bcb-a393-fb8ddebda3c3,කුඹුක්කන්ආර,2517,2518
4a5633c0-a5f3-4f62-bee4-ff44514860a4,බී ඕ පී - 314,2518,2519
a16c281c-a536-4d1d-9e2f-1bf9ee77e4e8,තඹාල,2519,2520
106e3203-b190-47c8-9611-dad91272b11f,තලපත්ආරුව,2520,2521
4bb08196-1697-4f58-aeb9-fcac8d429495,බී ඕ පී - 400,2521,2522
e2f1368d-8fe0-4685-afad-bd7aa68635d0,දැල්පාලම,2522,2523
8d89fb00-586d-495d-bb90-390547acc88b,ජයතුංග කඩේ,2523,2524
6dc1dc92-e90b-4071-997c-8d172127116c,කඹුරාන,2524,2525
99e95feb-ce49-4979-aadb-7828f4c22083,ගල්ඇටුඹ (මෝල හංදිය),2525,2526
1f60a076-6c86-43be-8133-97bbf1197cef,කැටියපේ(කනිෂ්ඨ විද්‍යාලය),2526,2527
9f8ef04b-6a21-4c6b-8fcd-9b25c1cfab04,කැටියපේ (තැන්නහේන),2527,2528
9c47a714-a4f2-458a-901c-b593e0d475b7,මෝදර හංදිය,2528,2529
d04b9791-9b00-4d87-90b1-2df65badb469,හඳුගල (හිඟුරවත්ත හංදිය),2529,2530
bed10691-4c34-477f-86f7-560fd1b659c1,පාතගම (කනිෂ්ඨ විදුහල),2530,2531
2638ed7f-5558-401d-9280-b1b75c09f047,වරාපිටිය හංදිය,2531,2532
325b5436-4b4a-4e88-97e9-9371f85e844d,පහළවත්ත (ජාඉරගොඩ පාර),2532,2533
ff0d2727-4d1a-4251-9ed3-15c8675dad7f,බටගස්ස ප‍්‍රජා ශාලාව,2533,2534
0d7df977-806b-4d1d-baeb-67f4a4b7a3f0,කිරම හංදිය,2534,2535
d9401cd8-e3af-4a0f-9ec3-998b811528fa,වල්ගම්මුල්ල (වික‍්‍රමසුරිය මාවත),2535,2536
700b5e6a-611f-471f-bd28-7478d555765b,ඕබඩගහදෙනිය (වතුකන්ද පන්සල පාර),2536,2537
c4b0c244-e1a9-45b8-a1b8-00f2da605d8a,පෙරිය පාලාරුව,2537,2538
885bdf97-dfde-4fe2-8fdd-adf297c97578,සින්න පාලාරුව,2538,2539
25c70e65-19ac-46e2-98bb-0a048e4c2731,අඹගොල්ල පුස්තකාලය,2539,2540
9708103b-9c30-4962-b59d-289f848c999c,රදලියද්ද 194 කිමි කණුව,2540,2541
2447d946-c21f-4b15-8664-40753a6d61e8,196 කිමි කණුව,2541,2542
de56925b-ec88-4e16-bc3e-9e0f0e4a3b86,198 කිමි කණුව,2542,2543
109b5bda-0939-4686-a0eb-48cdbce93268,200 කි.මි. කණුව,2543,2544
998ad28d-2dbe-4985-8260-f666e552ed56,මාදුරුඔය පාලම,2544,2545
35574a4a-0645-4d44-a95a-584b7d30f935,කණ්ඩිඅරාව 204 කිමි කණුව,2545,2546
e0aef3ac-f487-4846-a463-acba0ef6a337,ඇකිරියන්කුඹුර (රිදීමාලියද්ද පාර),2546,2547
9d25928e-7ca8-41af-baca-cb4f30580927,ඇකිරියන්කුඹුර මහාවිද්‍යාලය,2547,2548
d46577bc-d267-4c48-ba91-cbcc28a554db,අරළුපිටිය (209 කිමි කණුව),2548,2549
0a2e4e6d-265f-484d-9b16-2be5f86cab7a,212 කිමි කණුව,2549,2550
1e1b9c65-8c46-4e4a-b8bc-5a498474b627,කෙභෙල්උල්ල,2550,2551
ad2e71c8-06f7-4be2-a925-72102a921034,පුල්ලුමලේ,2551,2552
42b90825-68b7-48bf-97d4-0cb7d82d17f1,පුල්ලුමලේ කන්ද,2552,2553
de035824-6b75-46c4-a6cb-e2625b47c32f,වැලිකන්ඩි,2553,2554
150d4879-593a-40a4-955b-49a746fe94c8,78 කණුව,2554,2555
9ab9e6bb-b468-4ac7-a89c-f54fc91ddeed,කෝප්පවේලී,2555,2556
37ed73fd-e394-478e-b15a-9b04e6a66c77,තුම්පාලම්චෝලෙයි,2556,2557
7e50fbec-3c6d-4ef7-a2e7-55b145ac354c,පිල්ලෙයාර්අඩි,2557,2558
5933904d-1302-4855-af5a-f20a754897d4,පූදුර් හන්දිය,2558,2559
6dbadcb2-b809-4fef-a847-2789f23c56d7,රාජපුරම්,2559,2560
0dc19b38-813d-4d5e-a7ff-2d4848199829,මාරපාලම්,2560,2561
f8947aa5-4903-4d19-af0d-d61a5a2b0917,සින්නපුල්ලුමලේ,2561,2562
717c1984-18d2-47c9-b20f-dc176c08dd51,කරඩියනාරු,2562,2563
bc533b56-56cf-48b8-bd01-ea325fdb5511,274 කි.මි. කණුව,2563,2564
2d6725b7-8146-4068-934c-3241ce27d2b4,ඉලුප්පඩිචේන්නෙයි,2564,2565
740b55b8-3b6a-4430-806d-7379147cd496,278 කි.මි. කණුව,2565,2566
cd2e09e4-ed91-4476-a117-0bb59ca79b99,මුතුරායිඅඩි කන්ද,2566,2567
3cc9cbb3-8395-4234-9496-c7799f147563,වයිරවර් කෝවිල්අඩි,2567,2568
d0543343-5ca1-4cc1-9a33-55e487958c24,තියාවට්ටවාන්,2568,2569
28a8a605-ad6d-46aa-a149-1c870bb71f8e,කායංකේනි පාලම,2569,2570
03bbbccf-9145-453f-b8db-4907751384d9,කායන්කේනි හමුදා මුරපොල,2570,2571
da4b7025-dda8-4802-afaa-4772ed62ba8f,මාන්කර්නි සේවා ලංකා නිවාස,2571,2572
2febe25c-ef25-46ed-8795-0ce768e7e78e,කිරිමිච්ච පාලම,2572,2573
4d0b9a42-fc19-4d3c-9449-e1c3c098fdc9,කජුවත්ත හමුදා මුරපොල,2573,2574
8de42772-34ea-47b0-b5f5-f32f7565afb5,පරිච්චංකේනි හමුදා මුරපොල,2574,2575
18500fae-bebd-4ac0-b4f2-39b0d35d6273,පරිච්චන්කේනි හංදිය,2575,2576
9ab03919-1d7b-400f-abde-b5822ce0246b,පිල්ලෙයිඅඩිමඩු,2576,2577
d4ec19ff-8382-4ac2-90be-0f1d13cea333,වාකරේ පොලිසිය,2577,2578
7d9b2a36-3d44-4e65-ae3f-0c183210d58c,වාකරේ ම.වි. පාර,2578,2579
2a43572f-1243-4a12-807e-983fea31f69a,වාකරේ ඩිපෝව,2579,2580
e3c1a7aa-e190-4987-bd98-1619b8f28095,වාකරේ ගොවිජන සේවා කාර්යාලය,2580,2581
cb73a59e-74b5-4db2-acc4-ddeed51c78f1,පාල්චෙනායි රෝහල,2581,2582
5d5a5203-1b1f-448f-9bcc-08810071d591,කදිරවේලි පාසල,2582,2583
6f401af4-4cf4-4a84-b18d-390133bc22f3,වෙරුගල්,2583,2584
dc06c29e-2165-4f5e-8965-ef2c902e368b,ලංකා පටුන හංදිය,2584,2585
fd5eb326-e95a-40a9-b092-39c3e02b5e6c,ආනතිවු හන්දිය,2585,2586
f6f26e2f-5057-4fb7-8d95-9d4a7a535de4,කෝමන්ගොඩ,2586,2587
31305847-a452-4c92-be79-1d705a39dd3f,හතමූණ (බටුවිට පාර),2587,2588
2c7c584a-bba9-4b1d-8890-d529f6adc5d9,පුහුල්වැල්ල,2588,2589
41db1554-a4db-40b5-9bdb-19486524d670,වලකන්ද හන්දිය,2589,2590
c665801f-ccb8-47f8-aebb-d1ace4c7cfed,කෝන්ගල,2590,2591
bfce72a3-74d0-4324-a113-ceabb1d6a0fe,හක්මන,2591,2592
ede148cc-73ba-4f98-ad85-c91a3aba3fea,වේපතඉර (ගුණසේන මහා විද්‍යාලය),2592,2593
251c7a3a-fe2a-49e7-b897-83b0314f82b3,දෙනගම (මූලටියන පාර),2593,2594
8556f1f5-9270-4a46-82b4-5575b2c1b1ee,බඩබද්ද මහා විද්‍යාලය,2594,2595
210b3745-4327-4426-9e85-576bf1a9c0b6,පනන්වෙල,2595,2596
945bded6-a792-411c-bdeb-fb01e5b3bd46,නතුවල,2596,2597
eac5d8b5-fb60-4153-8b18-92f5d739548a,මුදුන,2597,2598
20a89b15-7d06-496a-a5bb-71460f7fe63c,වැලිඅමුණ,2598,2599
3f1254a8-7fb4-496e-871c-daae3a53bbd7,හොරේවෙල හන්දිය,2599,2600
f98eb547-422b-44dd-9ba7-a926c25dd089,රදනිආර හන්දිය,2600,2601
4641d778-99a7-446e-abd4-0785bcc44d0c,කිරම (දම්මානන්ද මහා විද්‍යාලය),2601,2602
3721afbd-d781-4bcb-ad39-c72e599def49,බඩගහදෙණිය,2602,2603
2dd867b1-321e-4187-8b33-9ca71cee99d9,දරමිටිආර,2603,2604
aabc2546-72f3-4d70-b77e-734a3f0019b1,වැලිපිටිය (ජූලන්පිටිය පාර),2604,2605
198c088f-553d-4bab-b14d-46758277e0fd,18 කණුව (දෙනගම බටහිර පන්සල පාර),2605,2606
f1890161-f05a-4761-aba3-52887505552f,පීල්ල ළඟ (බටදොල කණිෂ්ඨ වි. පාර),2606,2607
73a7d768-30e4-4447-b830-2f47d1f8c8e6,උඩවත්ත කඩේ,2607,2608
04d8db22-df91-490d-b3a2-61ac906102e4,සේදවත්ත,2608,2609
7ebf82ac-d5a4-4aa3-a174-09fd28ea585a,කුඩා ඔය සමූපකාරය,2609,2610
a24088f8-8819-4eda-99fc-c61380e0d0e6,කුඹුක්කොටේ හංදිය,2610,2611
50dda54c-b07e-42dd-9cd3-d0b0c3092a8c,හදපානගල හංදිය,2611,2612
82999079-328c-4583-9a7a-ace22fc2de33,18 කණුව (27 කි.මි කණුව),2612,2613
bbdb6090-faad-49a0-a1b2-2497d5398a52,8 කණුව (ඇස්ගෙඩි පාලම),2613,2614
1ace940a-38a1-4eda-aed9-64e46d06c421,5 කණුව (නන්නපුරාව මධ්‍ය.බෙ. ශාලාව),2614,2615
c0ceb32d-face-4ad4-9df1-53cc728bb2f8,දොඩම්ගොල්ල (2 කිමි කණුව),2615,2616
9b1019c8-a7d5-477f-ae69-00f2be0287a1,2 කි.මි.කණුව,2616,2617
ba0c3d3a-27df-4b4c-8838-6578be4c6a80,මැදයාය (ගැමුණුපුර පාර),2617,2618
aca297c8-90e5-4a4d-94c9-e1ced17da998,වැවුරු කන්නල,2618,2619
1a203f62-fd2e-43b1-b553-8761af1c56e8,වැලමිටිවංගුව පාසල,2619,2620
e0fd3bc7-cf8f-4f44-845d-43861481d402,ඉහල හල්පේ,2620,2621
0ec7987e-a951-4624-8199-c1d7500bbdd9,පහල හල්පේ,2621,2622
2abcb92d-550d-4262-9074-ef17afba53c4,දෙමෝදර,2622,2623
ca684e25-a23d-444e-8811-069f7d040a84,උඩුවර කිරි මධ්‍යස්ථානය,2623,2624
512759c1-7852-4b0a-a615-7c178cd7628c,උඩුවර 7 කණුව,2624,2625
c1b981be-0ad9-41db-a9a5-16a9aeb77747,උඩුවර 6 කණූව,2625,2626
8dea2b3c-e606-4769-a94b-615ebafcb35d,5 කණුව,2626,2627
6fd5bb24-acde-459f-bcc6-247f2b747885,මිරිජ්ජවිල(සූරියවැව පාර හංදිය),2627,2628
5e185226-fa7e-4c50-9de5-c784f029eb23,වරාය නිළ නිවාස පාර හංදිය,2628,2629
bb53d712-9723-4f82-8fe1-95b6787b0214,නාගර වැව පාර හංදිය,2629,2630
39ec16b9-980f-4f10-bf38-df25cdea83b4,හම්බන්තොට නව රෝහල,2630,2631
d715e794-20d8-4f46-a84b-773e91225a80,ජාත්‍යන්තර සම්මන්ත‍්‍රණ මධ්‍යස්ථානය,2631,2632
dc187bb7-6ac8-4d59-901b-d9708a24bae2,පරිපාලන සංකීර්ණය,2632,2633
a1d299f0-a24f-4721-8967-21fbe27ab115,සැම්රිම් හොටෙල්,2633,2634
edb7101d-2e2d-4606-8316-74a96858884e,යහන්ගල (පැලැස්ස වැව පාර),2634,2635
e156df9a-62e0-400a-babd-7c69252c500c,සමුපකාර හංදිය,2635,2636
c0617b83-8874-41b1-bc23-4c40ee365687,බඳගිරිය හංදිය,2636,2637
1846d4f5-2bc1-4a69-a2b2-e14724b48c1d,20 හංදිය (වැලිගත්ත පාර),2637,2638
216f2dcd-0390-4a31-8825-9f122f645f97,18 කොළනිය හංදිය,2638,2639
bcd0a20c-94fa-454d-b750-ab39f91976b9,19 කොළණිය හංදිය (ඇතුනදවල ප‍්‍රා.වි.පාර),2639,2640
12cea482-9d42-4e07-8e1f-dd09402b017f,8 කොළනිය (තාසීම් විදුහල),2640,2641
5e24fc44-8b5e-4a78-9f0e-fc1b2b2c79a4,8 කොළණිය (යෝජිත වීරවිල නව නගරය),2641,2642
b2a3faee-768d-4ee0-b6d7-85bbd4330bbd,7 කොළණිය (ශ‍්‍රි පුෂපාරාමය),2642,2643
13f5e637-e36f-4b7c-bbbc-6539c4404190,6 කොළනිය (ගෝනලැග්ග වැව පාර),2643,2644
6113d464-2b07-44d3-ab1a-eabd89f705d0,6 කොළනිය (අභයපුර ක.වි. පාර),2644,2645
0fc28e7f-2f4b-4149-a26c-318dc23a03c3,5 කොළනිය (මහානාගපුර ම.වි),2645,2646
949e6da1-b6eb-4f64-94c6-f43e2be0c885,සියඹලාගස්වැව පාර,2646,2647
52ce6d3f-42f0-4dc6-9112-054d6e7ec513,ලුණුගම්වෙභෙර,2647,2648
bccaf029-48d9-4f5d-9a4b-337d4d1ff583,ඇල්පිටිය,2648,2649
b3db1cb9-26fc-42cf-8821-1ca235d81dce,කොරදැලේ බෝක්කුව 15/1,2649,2650
d66da729-cc70-420f-9cfa-f8e39f41779c,නව අධිවේගී මාර්ගය,2650,2651
76ec931b-544d-485e-b19a-ece58322ef00,KADW මහාමාර්ග වැඩපල,2651,2652
bd69a54f-ccf3-4b6c-827e-50528a57f765,6 කණුව. කොස්වතු මානාන,2652,2653
01220eae-b8eb-47a6-a53f-0bc35c658029,මහඒදණ්ඩ හංදිය,2653,2654
03e8f3e5-f00d-45ad-b4a0-a2bd89431fca,දංගහවිල කනිෂ්ඨ විද්‍යාලය,2654,2655
48d01ee9-889e-459f-8c04-849432453996,ඇරවවිල හංදිය,2655,2656
91a71836-12d8-44e6-b959-e866bae74b06,පරගහතොට 1 කණුව,2656,2657
8e58c21e-92eb-4fd2-9327-ac93fc8c70c0,මොරකන්දගොඩ(ශ‍්‍රී පූර්වාරාමය පාර),2657,2658
ae41e408-faa7-45fa-a7b7-ab7f573c1bb3,කඩිගමුව පුරාණ විහාර පාර,2658,2659
b86b9852-c830-4daf-ad20-00bfe2652a90,මොදරවාන(සමරසිංහපුර පාර),2659,2660
dd8ce373-5d3a-4d38-87ca-2201ec4df9bc,ඕකෙවෙල හංදිය(මුල්ගිරිගල ර.ම.වි පාර),2660,2661
765cc01f-02a3-4736-9d26-d4b6e987284d,පල්ලත්තර මහා විද්‍යාලය,2661,2662
e4998494-7733-4e39-b299-f7d85b202410,දම්මුල්ල හංදිය,2662,2663
feab9254-9b2b-4cc0-8c45-03445b081caf,කහවත්ත මහා විද්‍යාලය,2663,2664
787fcf65-0383-4ca2-8525-a5fe291c8b84,බුන්දල හංදිය/කිරින්ද පාර,2664,2665
15b8e2d4-6a4f-4942-8e62-5db7949d478b,බුන්දල ජාතික උද්‍යාන කාර්යාලය,2665,2666
57d4a3de-271e-4d1e-a74e-20ed93fee7a8,බුන්දල ජාතික උද්‍යාන පිවිසුම් දොරටුව,2666,2667
b1607a3d-7716-4938-a13b-61aa358504dc,බුන්දල ලුණු ලේවාය පාර,2667,2668
9d156b57-f954-421d-b58b-4441c74a4d1a,7 කි.මි.කණුව -බෝධිය,2668,2669
f36b2e0d-6778-496a-8b5e-3d0d82f963c6,රකිතවැව පාර,2669,2670
1d2b833f-01ce-4609-b3c4-67bd3a461c55,සිරියාගම හන්දිය-සූරිය වැලැන,2670,2671
288bc6bc-0475-4e8a-b577-f0d41d3ae872,සිරියාගම ඇලකර-13 කි.මි.කණුව,2671,2672
324c0d26-ceef-4ce5-840f-512827453a69,මාගම අක්කර 18 හංදිය,2672,2673
36afb8f2-a2e3-4e7b-bce9-aaf96dde4557,අන්දරගස්යාය හංදිය,2673,2674
a3d403c1-492c-4408-a0c2-8e2cd2653a43,ගොඩවාන හංදිය/සියත පෙර පාසල/සිදුජය,2674,2675
d4546f5b-6a4a-4601-8ee8-87b44b9f449e,වීවින් හංදිය(වාඩියගොඩ ක.වි),2675,2676
6003b0a9-6d17-42de-b3e5-397ff795ad65,කට්ටකඩුව කණිෂ්ඨ විද්‍යාලය,2676,2677
daf916ef-a203-4579-a612-88221e1d8649,එරමිණියාය,2677,2678
b4a47185-b0cf-4bf9-befd-98817755d832,අනෝදාව පාලම,2678,2679
da21911e-84c4-4476-a163-1102e3c726a0,නයිගල පන්සල,2679,2680
e6798a6e-b205-4d79-a9ee-9f77d7e4ec3c,හීන්බුන්න නිග්‍රෝධාරාමය,2680,2681
2544fc83-24f9-4a11-899d-900d2c7fa710,උඩයාල හංදිය,2681,2682
40ed39b2-3f78-4dc9-8da9-5f73412bf823,හකුරුවෙල හංදිය,2682,2683
d9cafacb-6b62-4f48-914e-ef765aa100da,තලම්පෝරුව හංදිය,2683,2684
0a18fb13-c533-4bb2-bd99-422ef3eacc74,කොටවාය පිරිවෙණ,2684,2685
7fb08d87-b7c0-4c43-ac78-e8886fb25575,මහඇල හංදිය,2685,2686
ce5124e0-a08e-41c7-a9a5-c57326c6ee52,ගුරුවල හංදිය,2686,2687
2fbadb74-f028-4fa9-bc02-a1ea6cd1e490,යකාගල හංදිය,2687,2688
125057e7-9a17-4177-ba2b-37b36502cd19,තඹරවිල,2688,2689
51b8f1e8-ae9c-49a8-a876-6f97862932b5,දංකොටුව බස් නැවතුම්පොල,2689,2690
a82571cf-e574-443c-83da-85393c5a7d7d,දුම්මල කොටුව,2690,2691
3c56dd4d-cd0f-42e5-a735-b8d0b63e520f,ඇටියාවල,2691,2692
4b4c8d72-fc36-4f2d-b46a-b3fd311a2e93,යෝගියාන,2692,2693
df246121-c6cc-4a71-bc80-6df4c0c928f1,සිංගක්කුලිය දේවාලය,2693,2694
32685691-984c-4bdb-8baa-af128f970b90,වැටකෙයියාව,2694,2695
423dca0f-7842-4eae-8307-d62847cba187,ගලයාය,2695,2696
78191df0-5e54-464a-a42a-38cde2371e8b,පන්නල බස් නැවතුම්පොල,2696,2697
e7e9b548-07a1-4667-b530-245db767d88a,තලම්මැහැර,2697,2698
d1c864f7-19b6-4691-b614-d4095fc9ed68,මාහොලව,2698,2699
1b611c6f-5fe2-4e24-b7fe-e49f83a6ede2,බෝපිටිය,2699,2700
c3dce1e3-fe0d-411e-97ad-49b5b461c502,මත්තේගම,2700,2701
67a83988-e958-4892-9fb8-3307665ffeae,සිරිගල,2701,2702
1bae900d-689a-4704-a591-96ee332dbbea,වැලියාය,2702,2703
77d769f8-4472-4385-8cd2-8c639bbbeffc,ඔබ්බේගොඩ,2703,2704
58de80b9-36c7-4289-9d0a-929ecc47568e,මඩුගස්මුල්ල,2704,2705
a187d876-fa6b-43cb-bf1d-1a8755cf8b02,ගෝනතලාව හන්දිය,2705,2706
4a4fd6af-d9af-4a18-9a1f-d7ab38810378,ගලබැද්ද විදුහල,2706,2707
7e8b9ede-f47b-4772-a4c2-a4d01441c7ad,ශ්‍රී‍්‍රපාන පාලම,2707,2708
b199794c-2d2a-4af6-a723-14aa6d4e5a7e,කොලොංවින්න හන්දිය,2708,2709
03249e5a-92d7-4eac-a36d-7497176dac5c,269 කි.මි. කණුව,2709,2710
73f51371-0635-4a28-9e90-ba3d7ed84614,ලියන්ගොල්ල,2710,2711
51c50c42-3e66-4bf7-be15-29c740084267,දොඹගහවෙල,2711,2712
6ff8d1a4-c52d-4d8a-9fe7-d3192cc273bd,275 කි.මි. කණුව,2712,2713
4e3d1966-068a-4878-a43a-a9398186f55d,නුගගහකිවුල,2713,2714
9be70a1d-663a-42f2-8e70-47c81ccf8c9d,කොඩයාන,2714,2715
e7f9459d-eca1-459f-a864-0956c9da49b9,මන්ඩාගල හන්දිය,2715,2716
d272b2b8-1901-4d43-9724-ab926ef67820,හිරිපිටිය හන්දිය,2716,2717
2291cc1e-ea01-4acb-b355-9d9f4a518620,සියඹලාණ්ඩුව,2717,2718
34ac1d06-1198-4555-8f4a-70bd8a5fff6f,නෙත්මිණී හෝටලය,2718,2719
da2c62aa-ccd4-42e9-a364-4bfb9a6fd91e,සියඹලාණ්ඩු මහ විදුහල,2719,2720
9b97de47-35e8-4f99-ac44-5f7b9ab93e8e,මුතුකණ්ඩිය එස්ටීඑෆ් කඳවුර,2720,2721
94826580-1128-4508-ad5f-8110750fe46f,මුතුකණ්ඩිය හන්දිය,2721,2722
77303518-e74d-4611-b80e-3a7788bec310,කන්ද උඩ පංගුව හන්දිය,2722,2723
bce203d7-f3c9-4fc1-855b-e6ddc3632c51,අලිවංගුව,2723,2724
fd40cc1e-0736-49e4-8961-86677db01b0e,බුද්දම හන්දිය,2724,2725
d3fdc752-8a2a-4842-97a3-248e8287cafe,බෝවල,2725,2726
ee68673f-f550-4e69-a09e-b9f890d76305,කොටාගොඩ,2726,2727
fc97e38f-182b-4c65-ad9c-ae4520d7e960,වඩිනාගල,2727,2728
354cef37-6e8c-439c-88dd-a49d23fedc79,29 කි.මි. කණුව,2728,2729
8b3738db-8612-4b9d-bb18-5d45de664a9a,එග්ගල් ඔය කනිෂ්ඨ විදුහල,2729,2730
cdd5bf7e-617e-4307-bba7-e4e755545e57,එග්ගල් ඔය ජලාශ හන්දිය,2730,2731
90ce7cc1-661f-4a9f-bfca-873c57995fb3,එග්ගල් ඔය හන්දිය,2731,2732
89faa2a3-4c8e-4144-8a19-a60717d8ed17,අම්බලන් ඔය හන්දිය,2732,2733
30f24f1f-de91-44ca-96c5-5177a9327525,පාදාගොඩ,2733,2734
eb14765d-17cc-41fc-bfc2-6beb335da9b4,දමන සිද්ධාර්ථ විදුහල,2734,2735
f50c89ae-fc09-4345-8646-8abe434b5404,හිඟුරාන,2735,2736
c7f54d80-499c-438d-a38c-e078dbba8171,ග‍්‍රාම අංක 7 හන්දිය,2736,2737
30bd3db0-370b-4a90-879e-3593a401d62e,මුවන්ගල,2737,2738
c9f4ca42-c208-448a-a60a-66c1dd28f446,මුතුකෙලියාව ක.වි,2738,2739
c94f2c4b-e238-4769-9459-8a3fd7d408d2,මුත්තෙට්ටුගම හන්දිය,2739,2740
01885fff-c94b-4486-9151-04df6bd9d3d6,20 කණුව ඇල,2740,2741
ccfb224d-97c0-43ef-a3b5-1cf98f2b92d6,289 කි.මි. කණූව,2741,2742
1b493731-9587-4057-a09b-045ad0020212,නාමළුව විහාර පාර,2742,2743
ad2a049c-159b-4349-a2aa-e18612855fab,මහකළුගොල්ල විද්‍යාලය,2743,2744
33a09cd7-54f6-4e88-bcc6-83549b8153f7,මහකළුගොල්ල පොලිසීය,2744,2745
eafe5f9c-a3e6-4abd-8fe7-51c19296c374,හුලංනුගේ කෘෂිකාර්මික කාර්යාලය,2745,2746
170c35a1-b1d8-4631-a2d3-112616a0c704,හුලංනුගේ තරුලෙන්ගල ආරන්‍යය,2746,2747
2b5e863e-a155-4a99-a279-ba508e2381d1,මහවල කඳවුර,2747,2748
97470b75-c5c0-4269-8df1-84066a328399,පරණ වනජීවි ගොඩනැගිල්ල,2748,2749
453a032a-5f01-4c1e-b315-ce3a8bf69296,ලාහුගල රෝහල,2749,2750
823fefb1-e052-4a1f-b278-056f2bd2d230,මඟුල් මහා විහාර හන්දිය,2750,2751
e96742a4-a9ac-4cd9-947f-53eb8b212718,310 කි.මි. කණූව,2751,2752
3cb6dbe1-6e46-43d7-86aa-1b3b66fdd360,සෙංගමු වැව,2752,2753
df03a352-e246-450c-b346-ef77b88b50eb,අල්මීනා මුස්ලිම් විදුහල,2753,2754
634e9ed0-3b6c-4e59-a8ba-cd7a93ae2a82,3 කණුව පොලිස් මුර පොල,2754,2755
13bb1e09-42b7-41db-9fcc-5e46ac73c31e,2 කණුව (ඇල බෝක්කුව),2755,2756
1728fa3e-6f31-4c74-b2ed-b8474f6c213a,පොතුවිල්,2756,2757
f6d9159c-e4d6-4a30-b3ad-2cb0adfc7f43,ශි‍්‍රපාන පාලම,2757,2758
73c2115a-8aeb-43a6-a660-11d3b91dd4e9,සඳුන් අරණ,2758,2759
e746a1af-bfe2-4686-b2c8-ee60bc815edf,2 කණුව/ වතුර ටැංකිය,2759,2760
12a69796-b751-4c5b-8493-cbd1ea38299b,එත්තාම්,2760,2761
8bdb69c3-9f6e-4ef5-90ea-6f298190f232,65 පාලම,2761,2762
9bbc3af8-cc5e-4bc9-98bb-10ad6ea2ff17,හිප්රාපුර හංදිය,2762,2763
ce224da5-e1bb-4a0d-bcc0-06dff1a73145,ඌරනි සරස්වතී ම.වි,2763,2764
a29e2782-2b63-4bca-9e7d-c3eabaa8b2c2,60 සැතපුම් කණුව (329 කි.මි කණුව),2764,2765
8db70950-628d-46b4-b1cf-a9e00460d83d,331 කි.මි.කණුව,2765,2766
8a08a59b-5bed-4efd-9979-4e9a60813229,කෝමාරි ( හමුදා කදවුර),2766,2767
22964a22-67e0-42d9-84bb-68d8a83f8287,කෝමාරි (කෘෂිකර්ම මධ්‍යස්ථානය),2767,2768
fa11fa31-f00e-4dff-b048-322397f6a342,336කි.මි.කණුව,2768,2769
478ffe8f-7b9a-4021-9cb4-8027bf9b94f1,තිමුට (338කි.මි.කණුව),2769,2770
092aeea3-9638-4e04-8b08-6d126ef5e0f5,තිත්තියාඩි /සංගමකන්ද (කෝවිල),2770,2771
daa9eef7-6fb5-4a7b-89a6-9482561f876b,තම්බරකුලම් පාලම,2771,2772
2a594d5d-1197-40fc-95c3-2ee6afa674f3,344 කි.මි.කණුව,2772,2773
f1cf80e7-00c4-477c-a074-68567632167e,ක්විරංකුඩා (ජල ව්‍යාපෘතිය),2773,2774
38589305-dc3b-4302-bbe6-a51d294488fa,කාංචනාකුඩා හංදිය,2774,2775
752298bd-fade-4ebc-a62d-c91d69068972,විනයාගපුරම්,2775,2776
198177b8-26f8-4307-a363-925d1bee235d,තිරික්කෝවිල්,2776,2777
b317aa5c-063c-45b7-b3ae-d84e575f1e59,ආයුර්වේද බෙභෙත් ශාලාව,2777,2778
047ab4e3-72c7-44bf-91b7-092660a8ccab,තම්බිලුවිල්,2778,2779
4f96f079-6f66-43e3-bb19-aee06a5e09ec,පෙරිය මුහත්තුවාරම්,2779,2780
a60dd0ab-d7f2-4dad-ade4-cf5d4ceef718,යාන්ත‍්‍රික වැඩපල,2780,2781
df6a9faf-ec1f-4141-898f-c10ea66f3b94,රන්ටැඹේ (උප තැපැල් කාර්යාලය),2781,2782
a5037f0e-fde2-42a4-9122-e56032bc15b0,මිනිපේ ඇනිකට්,2782,2783
7f28b3e8-b706-4f9f-a358-a57d5ffd2255,මිනිපේ හංදිය (වනජීවී කාර්යාලය),2783,2784
081bfbf6-0038-4992-9e70-123c761d3bf9,9 කණුව (කොළොන්ගස් දෙක),2784,2785
212f0977-ca2d-4345-a522-c0a650c156e9,අඹගහපැලැස්ස (මිනිපේ ක.වි. පාර),2785,2786
e287afea-ba98-4b32-a655-7c273acb48b8,6 කණුව (අසමෝදගම්යාය ප‍්‍රාථමික වි. පාර),2786,2787
ced6ae2f-525d-46be-8e60-75ee6100096b,5 කණුව (සඳගල් විහාරය),2787,2788
c8875bbc-502c-4078-aa89-c3d2f91de21c,හඳගනාව කඩමණ්ඩිය,2788,2789
843b5b2b-348c-425a-aabd-da4a161d396b,31 ඇල (රඹුක්වැල්ල විදුහල පාර),2789,2790
ae72d2eb-5c47-499f-81ed-8b97cd10b51f,මොරයාය කඩමණ්ඩිය (බුලත්වැල් කදුර පාර),2790,2791
8584902b-3c4a-4ed4-b8fb-6b7048d227b6,වේරගංතොට (ගනිසම හංදිය),2791,2792
428adcf1-b6a4-46d2-8797-825aeebb6752,අළුවිහාරය,2792,2793
d7976180-bfe5-454a-89f0-23b7da2e778d,තොටගමුව,2793,2794
01a8bb34-6167-4180-8950-bbed170d3456,පලාපත්වල,2794,2795
7a84253f-e07a-4fc8-b6bd-f3c16bda9a91,කවටයාමුණ,2795,2796
b91174ba-f5b2-4c32-bb3b-04e6161cc68f,කවුඩු පැලැල්ල,2796,2797
14811b8d-9602-4d8b-9fb9-b598b64f8795,උතුරු මාතලේ,2797,2798
cd597ee2-946d-43e1-9c03-8847a3c1cf0e,මඩවල උල්පත,2798,2799
98012d6f-1050-41f6-b423-dac8d0a29a70,කොහොලන්වල,2799,2800
098c245a-ded5-41bc-9873-04f592b12ff2,උඩුදෙණිය,2800,2801
fed38dd4-908c-47a9-bde6-7ab7388be1a2,නාලන්ද,2801,2802
1eb114fc-abff-4a56-926a-2cba8f23b9a5,දුම්ගම්වෙල,2802,2803
a9708f28-c25e-4051-9fb0-4f99bf97e3bd,අරංගල,2803,2804
82d68f02-729c-4a32-bfa8-f324c60c7b5d,නාඋල බස් නැවතුම්පොල,2804,2805
8fdefafe-257b-4f75-bf70-f7d06aa33d87,මොදැල්ල ප‍්‍රාථමික පාසල,2805,2806
5808837f-e505-41f3-ba35-769cd442b031,මහවැලි හන්දිය,2806,2807
e1bd6482-abb6-4b6d-a69d-5a32bd72fd43,ලෙනදොර මලියදේව විහාරය,2807,2808
04963131-0438-4541-97a3-17d739b738ee,පන්නම්පිටිය විදුහල,2808,2809
65ff5909-a649-498e-8e5d-653241bf941a,40 සැතපුම් කණුව,2809,2810
2cb713ad-9c0b-45fc-a095-e70f0a3b584e,දඹුලු ඔය,2810,2811
1d1da209-a320-4228-b2bd-97b6eb1547c0,විහාර හන්දිය,2811,2812
570f1bea-1c9d-4571-ae01-82795d45d8c7,සුංගාවිල,2812,2813
5af3ee70-4300-4618-8947-68a8dde76804,ජයසිංහ බෞද්ධ මධ්‍යස්ථානය,2813,2814
72321608-bc18-4c65-a7df-9b15aab91b5c,සෝමාවතිය,2814,2815
2591e33c-d848-4359-8a18-fa72aca3f47d,සපත්තුපාලම,2815,2816
b295f801-083c-46d5-8614-87999f16c562,පොල්තවාන,2816,2817
ac80f9cf-f16e-4935-9f65-f2fb0f902c6a,පොල්ගස්වැව ආයුර්වේදය,2817,2818
4bbe2d06-13b9-409a-baae-b706ef8eb63c,මහඋල්පත,2818,2819
5a8906fc-dcc9-4d75-bfe8-4b548ac69ab3,බිම්පොකුණ,2819,2820
7f07cdf6-e638-4e55-90dd-a089dce224e9,2 කණුව,2820,2821
ff0419dc-30f2-4c6d-8953-74ddeb042dfc,කොතලාවල හංදිය,2821,2822
53e10cc3-febc-40e0-a7f8-7163f0b1235f,හිඟුරක්ගොඩ,2822,2823
d86b30f2-fc83-404b-bbee-257ee5e19231,R-B 05(ශ‍්‍රි සුගත බිම්බාරාම පාර),2823,2824
7564d47a-8a1b-4833-9c21-0fe6851e958d,හිඟුරක කණිෂ්ඨ විද්‍යාලය,2824,2825
b75eb7d1-3add-4eb4-91a4-9fc6b47bfd13,5 කණුව හංදිය,2825,2826
8dc19c6c-706f-460a-8972-4d8c6de1a996,ගල්අමුණ හංදිය,2826,2827
1c6b1c0b-111c-4094-8ad2-a836693980c6,22 ඇල,2827,2828
857588dd-9940-4abd-8a0a-f03b4f65c698,තල්පොත B.O.P 317 හංදිය,2828,2829
472d2fab-1a46-4bd9-be12-9194230d9e9f,අක්කර 45 (පියකරු ටේ‍්‍රඩර්ස්),2829,2830
09fdcf20-f630-4b92-aa46-94604e975a53,කෑගලුගම කණිෂ්ඨ විද්‍යාලය,2830,2831
077a32ff-fd78-495c-a02a-a47110b64a6d,වින්සන්ට් පාර්ක්,2831,2832
0431e504-d8a5-442d-b20d-26d733d1f56b,පිංපාර,2832,2833
6bd660ec-7c3e-4bd2-9823-1e43dfa0b01c,එල් බී - 9,2833,2834
59a5b7c2-07be-446b-ab10-8cc4e32b9e89,කඩුමුල්ල,2834,2835
7196df0f-950f-4973-98ed-682a833bf626,පන්සල්ගොඩැල්ල කඳවුර,2835,2836
abc6ffd9-afd1-4a31-b0a7-2d6b9cb3c0ac,බුද්ධයාය,2836,2837
44847b0b-4828-4d83-a850-a18e2681edf2,ඇල හන්දිය,2837,2838
dc3a1aba-fd30-4109-af62-f858615c04bb,දමන හන්දිය,2838,2839
bba2b92b-b558-4f8c-9b7b-29f4b6c30b73,දිවුලාන හන්දිය,2839,2840
e6f8e6d6-62bf-4026-a5e3-223275a9841e,12 ඇල හන්දිය,2840,2841
bb9ca914-8999-4f77-87d1-4079da552197,ඕනෑගම,2841,2842
1f240b3e-1c7e-4474-a09b-45158bc40586,අලවකුඹුර මහා විද්‍යාලය,2842,2843
3d3ced8c-96a7-4018-9a88-e4c0b22c1f30,ගණදෙවි හංදිය,2843,2844
d7a96cb5-e148-4590-ac0e-576a1c162fba,දම්මින්න (අරුණපුර පාර),2844,2845
f744944f-d076-4d81-8405-4d727b10a21a,ඉහලවැව හංදිය,2845,2846
fe215571-b577-4cc5-8d34-5e3219c4f0df,දිවුල්දමන හංදිය,2846,2847
b8b81f35-a887-4ee8-9d70-f42058d0b6f1,අරුණපුර,2847,2848
be620949-5f38-415a-ae75-ea40d8983451,නාගොඩ හංදිය,2848,2849
e06d42b5-291d-4607-8b42-09382875d929,රෙජිනවත්ත හංදිය,2849,2850
13aead49-459b-4f19-bf97-0dd528e34c85,තුඩුගල හංදිය,2850,2851
7e130386-23f8-4fa4-89a6-a83d45ebe6fc,පරණ පොලිසිය හංදිය,2851,2852
17b27f12-d878-4b54-8861-1e976031612d,සපුගහවත්ත හංදිය,2852,2853
f8578091-7418-43e9-9527-4a3e37d859bb,මලබොඩ හංදිය,2853,2854
f249001d-3b58-4221-91b2-4fa1e9ce99f1,යටදොලවත්ත හංදිය,2854,2855
768f1092-beff-4c87-b1e3-ce1cacab499c,කඩවක හංදිය,2855,2856
b736d47c-5e0d-4a1b-a77b-ad3d76cd2deb,වැල්කන්දල හංදිය,2856,2857
58909b92-df71-44cc-982f-880dfc454df2,මතුගම,2857,2858
3f960443-2032-4138-a509-bd63c8cd2029,සිරිකඳුර හංදිය,2858,2859
da032289-8c8b-4a1d-bfef-d677a6e85584,හොරවල හංදිය,2859,2860
bbb38b12-bb28-4f71-a079-50cd1eef3f21,හොරවල ශෛලශේඛරාරාමය,2860,2861
c065a134-19f7-409f-bc7c-1b9546aac073,පේරගස් හංදිය,2861,2862
1f8dc79a-2618-4c7d-be21-03c7262ddcf2,ලිහිණියාව/මූකලාන පාර,2862,2863
7377e360-5843-4a48-b5ee-0d997a0983bb,හල්වල්කැලේ පාර,2863,2864
eafa457f-c8ea-4c3d-8c96-2856c5bef69b,මොරගල හංදිය/බෙල්ලන පාර,2864,2865
ddfedcba-d166-4cab-9a44-487d2ab34732,මීගහතැන්න/අවිත්තාව පාර,2865,2866
cce9f24f-7ae1-444a-bb0d-a22e75711354,කුම්බදූව/විපස්සනා භාවනා ම.පාර,2866,2867
4392c965-70fe-4a65-aa67-ba33f0c7bdce,වැල්මීගොඩ/අභිනවාරාමය,2867,2868
b1e91567-b230-43af-9793-b71c167b263e,පැලවත්ත බස්නැවතුම,2868,2869
88720c18-46f4-416e-a482-df501c5d307a,ගොරකදූව හංදිය/මොරවක පාර,2869,2870
83600d99-6207-48dd-a91b-96f692d19891,මිරිස්වත්ත මහා විද්‍යාලය,2870,2871
f4628e2b-8b51-4f8f-ab70-a32721553878,උහන්ඕවිට/කළුකම්බිලි දේවාලය,2871,2872
5b08500e-20e1-4f79-aa8b-922b867d1970,බොරළුහේන/තවලම පාර,2872,2873
d93b58f6-64d1-456b-9138-645231784ee9,පිටිගල බස්නැවතුම්පල,2873,2874
ae340bec-bc95-4812-ad1c-19d264ad7d39,ඉදිපලේගොඩ/ආයුර්වේද රෝහල,2874,2875
bb6fcd22-e098-493a-916b-7f23fca9f21f,වැයිහේන/කුරුඳුවත්ත පාර,2875,2876
85e7da7b-09bc-42e0-86d1-8662f138cdfb,මත්තක හංදිය,2876,2877
14aeaa31-8708-4d0b-a458-80e61c1e8a3f,පෝද්දිවෙල 4 කණුව,2877,2878
c3df0d1e-b072-4725-b358-72590ddd34e3,පෝද්දිවෙල හංදිය/මලාමුර පාර,2878,2879
94c61487-9c96-4bde-83a3-f81a9dde0063,මානම්පිට හංදිය/වත්තහේන පාර,2879,2880
ddd7cec1-dd7f-442e-b4fe-65734e20b195,තල්ගස්වල නව නගරය,2880,2881
a1c5d9c8-282a-42bd-911f-6fecb92beae6,පොල්අතු කඩේ/ඇල ඉහළ පාර,2881,2882
bd723bde-dba0-4fce-91b8-82c62767bed5,මාපලගම බස්නැවතුම්පල,2882,2883
56892643-f607-4df0-bfb3-2f4d42360428,ඉහලගොල්ල/12 කිමි කණුව,2883,2884
e8154240-8d90-4421-8223-9459dd7f0036,නාගොඩ පොලිස්ථානය,2884,2885
c7543411-70a3-457f-a762-a7fc3a181f5b,නාගොඩවත්ත/9 කිමි කණුව,2885,2886
ed2abacc-cfe9-4ea8-bf53-fd829f33717e,යටලමත්ත/ගාල්ල පාර,2886,2887
5f8b116d-a38e-434f-86d2-9ab30dde6b21,උඩලමත්ත තැ.කා,2887,2888
4754dd64-75a1-4124-8540-7774c2168e17,බණ්ඩාරණායකපුර,2888,2889
be12f880-8646-449e-a547-3fc634691530,ගෝණදෙනිය ක.වි,2889,2890
368ecf58-f151-44c6-848b-47087dd477b1,උක්ඕවිට/සඳරැස්ගම,2890,2891
8099b644-056c-4338-99ce-0374a6c1645e,බාර් හංදිය,2891,2892
0f518211-4d4f-4c48-bd93-06d082b6520e,උඩුගම බස්නැවතුම්පල,2892,2893
c39003dc-3960-46f9-a854-05693b636367,ලුණුවැව (ප‍්‍රජාශාලාව),2893,2894
7c9afe9a-9963-4484-93eb-01ec0f72b00e,පහළගම හන්දිය (තලාව පාර),2894,2895
aadcd7f3-6e45-4931-8da3-38fdbb715ee2,ඔතප්පුව හන්දිය (ඉපලෝගම පාර ),2895,2896
ef1f1e0b-f71c-40db-bc15-199e0f5f7ad5,දළදාපුර (44 කි.මි. කණුව),2896,2897
29b374d9-18ec-4ffa-8650-a18aa92832f7,ගාලදිවුල්වැව (ශ‍්‍රි සුමංගල ම.වි.),2897,2898
35ff148b-8fd6-406c-ac7c-a51f976af40a,පහමුනේගම හංදිය,2898,2899
d0f0819f-6aeb-4a89-9a24-725dd768bf31,දොඹවලගම හන්දිය,2899,2900
c6b0ba5b-c7c3-4092-82a9-ea9cf2a39406,පොල්වත්ත (ඕලුවැව පාර),2900,2901
ddd51495-e115-48f6-9d47-a8f3120dbf64,ඉහලවැටියාව,2901,2902
82a145a2-1fdf-4afa-b8dd-9ca9e01fac92,පැලවත්ත,2902,2903
0fbdd4bf-515b-47f5-bf46-07f5df8353d3,බොරළුහේන/මාපලගම පාර,2903,2904
3b36d649-aa2a-4c71-af57-b414d1b3dd76,තේ කන්ද,2904,2905
79cd776b-0ffb-4436-8459-c0ec51324410,හල්ලින්දොල/සුද්දැල්ලාව පාර,2905,2906
a22c727e-b326-4657-9ca5-605952511fef,ඉහළභෙවෙස්ස ක.වි,2906,2907
b6661bb1-197c-414f-90b4-0d156581b6c1,4 කණුව පාලම,2907,2908
4eb1a141-d5c4-4383-a854-d75e648a6b23,ගැමුණුපුර පළතුරු ව්‍යාපාරය,2908,2909
1bbc7982-0042-4531-b2dd-5d6ef8f70533,දුංහේන හංදිය/මාළුවල,2909,2910
b13f7923-92e2-494f-97ee-802a21a13df8,ඇල ඉහළ/පාලම,2910,2911
64edf769-d55f-45ac-b170-f811851f8d57,කහබද්ද/6 කිමි කණුව,2911,2912
39e41e6d-eef8-44a4-9042-b7aa2ef54f36,ඇත්වල/5 කිමි කණුව,2912,2913
1a960809-d7f7-4ecd-8108-4fd02c0d4141,හබරකඩ/ජේතවනාරාමය,2913,2914
9ba1aa44-7c83-4994-95f5-c8fe80385057,කපල්ල වංගුව/ධර්මපාල ක.වි,2914,2915
866783bf-71fa-4143-8721-85bda367f944,බටහේන හංදිය,2915,2916
c060870c-629e-483b-81f7-fd036782fb0a,තවලම බස්නැවතුම,2916,2917
32151021-d975-4ecd-ab7f-6930d60c12c7,ගොරකදූව හංදිය/පිටිගල පාර,2917,2918
1a6b01ef-649a-4728-b7a3-cdf24572d85f,ශ‍්‍රී විමලානන්ද විහාරය,2918,2919
ef74fc8b-23d7-4933-9856-587a223674c9,පැලවත්ත වත්ත පාර,2919,2920
27599990-a6b1-4186-a9d2-91923dd9fe77,බෝධිය,2920,2921
b96ad0c0-813c-4dfa-89f8-9642d0838668,වීරකන්ද විදුහල පාර,2921,2922
6c3860a5-d314-4b3b-9774-e74929a791e2,6 කණුව /උ.තැකා,2922,2923
6cff0b71-2c20-4bc2-80b4-6a8e0ae7a02a,බටන්දොල ජලවිදුලිබලාගාර පාර,2923,2924
5e8e742c-ee2b-4a46-9af0-98d2a3bbc988,යට්ටපාන කණිෂ්ඨ විද්‍යාලය,2924,2925
a1794276-6df6-47ca-a43e-02afd0417166,යට්ටපාන පොල,2925,2926
4b8c8f08-31fd-4f00-9911-8fb820fadbc1,සිරිසුමන සේනාසන පාර,2926,2927
9ff0c133-59d5-4dc3-8db5-6ae2da2f68ed,පූජාලෙන ආරණ්‍ය පාර,2927,2928
00ecef89-af0d-4b95-bb34-78085d017080,හයහවුල හංදිය,2928,2929
34b74612-6022-4468-a3e5-5a84412ece7a,තිනියාවල පාසැල,2929,2930
e79d2937-9519-4513-a501-3557311ccde4,දනවල තේ කම්හල,2930,2931
dfd18e45-c719-4122-ac0d-ec30e71cda06,වෘත්තීය පුහුණු මධ්‍යස්ථාන පාර,2931,2932
d0cdf56f-2c43-4597-b79f-5c8bf303e419,නෙළුව,2932,2933
bb55c915-b8f4-4586-b43f-146b1a61fdd0,මාවනාන පාලම ඉදිකරන ස්ථානය,2933,2934
24f44e02-8331-422e-ab1e-adb11908a428,ප‍්‍රාදේශිය සෞඛ්‍ය සේවා කාර්යාලය,2934,2935
f4df8002-43d3-4264-92b1-341ca9f29687,2 කි. මි . හබරකඩ,2935,2936
1b7f12ab-699e-4784-8487-d995f8258523,තවලම,2936,2937
fa310898-d171-4cab-a697-168c51acac67,සුදුවැල්ලාව හන්දිය,2937,2938
4634af26-450c-423c-b7f1-1d2f4bf2e43c,තවලම සුභාෂිතාරාමය,2938,2939
f178ae5d-9467-4983-9832-709ee0a5dc7b,හල්විටිගල හංදිය-දාම්මල පාර,2939,2940
a697857e-d2c0-4c4b-bb71-609c4ba81dd7,මල්ගල්ල ආරාණ්‍ය පාර,2940,2941
f03158fc-e725-430e-a0e1-aac9f15701fc,තලංගල්ල ටකරන් මඩුව හංදිය,2941,2942
39b68b00-a136-4718-a208-02b0994f2f81,ඕපාත,2942,2943
a55aaa5c-4250-48d9-a429-dd600f162bff,නාගහ පන්සල,2943,2944
fe90ad43-3289-4cd2-a8a6-3d1c3aa27048,ලේල්වල තේ කම්හල,2944,2945
7c648d65-d3c4-4866-95d8-2c9bc2a8c880,බටුවන්ගල තේ කම්හල,2945,2946
eb4e2fdb-eabe-4f55-a129-2fbba09c0eb4,කළුබෝවිටියන හංදිය,2946,2947
8c42982a-9227-4a98-b904-0f316dff9c6e,රුවන්කන්ද/පන්සල පාර,2947,2948
1791f181-d26f-4573-a0b2-83a87acfbd31,දන්ගල හංදිය/දෙල්ලව පාර,2948,2949
eb76e337-275a-42be-ac57-cdf3f466fe59,ඊදඬුකිත/විවේකාරාමය,2949,2950
ee4facab-c08e-43fe-bf37-5b832500cda6,බානගල හංදිය,2950,2951
089957ea-37f1-41ab-88b1-a21f60b1109a,අලපලාදෙනිය මහා විද්‍යාලය,2951,2952
4cce911f-e9f3-4a54-8505-612d86d02309,ඇටකාල හංදිය/49 කිමි කණුව,2952,2953
d3067009-573e-4758-80f6-e204c13708df,කොඩිකාරගොඩ/මිගාරමාතාරාමය,2953,2954
722f3062-44ce-4f24-927b-27189ce6710d,මොරවක,2954,2955
923076e4-448d-401f-a5b2-2de34e2c3562,නයාමුල්ල,2955,2956
f26c52bd-77bf-4342-bf01-241f139acce7,ඉලුක්කැටිය,2956,2957
b98c218a-9dd6-4d97-9c8f-97ad9b89cf8c,වරල්ල,2957,2958
9ea05ccf-b7de-4cfe-8904-a2370b3b0a1c,ගල්දොල,2958,2959
e10aac32-9ecd-421c-b9ef-718c88bdd83f,කොටපොල,2959,2960
c3ee39f1-7057-488f-b7d1-10368b463a0f,කලුකන්දකඩේ (සුමනාරාමය),2960,2961
80fec7ec-3fdb-4903-bc3d-a11746366e16,කොස්මෝදර (සමුපකාරය),2961,2962
9a34173b-d0be-4530-a5e3-6b15b3fa5230,පුංචි පාලම දොල,2962,2963
a475d9a9-917b-4fcc-ad78-01bd08526a25,කිරිලිපනේ කඩපල,2963,2964
809af10d-a3ca-4239-ac90-8f3592c100b0,ගල්බොක්ක තේ කම්හල,2964,2965
94163c2d-b7b5-4af0-8c3e-d78c013b450e,බෙරලපනාතර ම.වි,2965,2966
929ee9b4-f374-474c-ad13-b199b579a376,බෙරලපනාතර කඩපල,2966,2967
fa6b5923-893d-492f-9abc-30e34c67227f,බෙරලපනාතර ගමගේ ලීමෝල,2967,2968
43eaffb5-e2fb-4562-b609-9faa48a0c930,තලපලාකන්ද ක.වි,2968,2969
e45ad641-6a2c-423a-981f-51e05a52e4bd,සිරිසදහම් වෙභෙර අක්කර 80,2969,2970
538146ce-797c-41e3-ab24-21621b51417b,හැන්ෆර්ඩ් හංදිය,2970,2971
ac0bd4a2-1c4e-48d7-ba79-745b91f3dcf0,කළුගලහේන (80 කි.මි. කණුව),2971,2972
006255b7-372f-4b8f-a432-6efd663ea606,ශාන්ත මැතිව් විදුහල,2972,2973
ed7e52ac-8524-467f-9e21-a9707be7b512,දෙණියාය,2973,2974
85c0028c-e4c4-4a53-b69c-710ca56b57ea,රත්නායක තේ කම්හල,2974,2975
848f99d1-5c14-4ff1-9e98-f13bceed44da,රක්ගහවත්ත තේ පරීක්ෂණායතනය,2975,2976
5aad2786-8db0-476b-b490-29cbd53e3928,කුඩගලහේන පාර,2976,2977
adbd9cc4-e62f-4d93-bab6-df33bf96ec81,බැම්ම ළග,2977,2978
f7f467c5-50bc-4815-8007-bf515fe33dec,බෙලිඅත්ත කුඹුර,2978,2979
491c896c-8dca-458d-93dc-940d90360c96,සහිරා විදුහල හංදිය,2979,2980
7249c47f-96ea-4fcf-9111-858c8505e944,රිටිකැටිය පාර(îුාණිස්සර ම.වි.),2980,2981
fb55803d-e00f-4860-bd3f-4d616de3ff72,කොටපිටිය (මුදලිගම පාර),2981,2982
34aaedc4-b906-4255-82aa-479b48419641,ඉඳිගස්තුඩුව හංදිය,2982,2983
c0e5acf7-7938-41d5-8c9c-247706c87eb9,මීගම/ 5 කණුව,2983,2984
a50e9010-ca6e-4b37-8d96-58b74a8d10a5,ගල්මත්ත හංදිය,2984,2985
b52ba227-4c5a-474b-8da8-cc1838c67d3d,ලෙච්චන්දූව හංදිය,2985,2986
2696c7fe-733f-41f0-bd6d-8b40769d4656,වැලිපැන්න කඩවිදිය,2986,2987
4a95070d-a647-4446-af75-c85970339cfb,21 ජනපදය,2987,2988
832a138e-ffa9-44b3-8c56-969dcb368f1b,ඇලෑවැව හංදිය,2988,2989
e13863b1-d265-48af-a5f9-1492f537f624,ඉලුක්වැව,2989,2990
b94a3577-81ed-4a3c-a704-f3b022c22456,පුංචි හල්මිල්ලෑව හංදිය,2990,2991
53f826d7-fe00-48fe-b0f0-0dc71f0d644f,කිරිමැටියාව,2991,2992
9ec6db8b-da8e-471c-9bb4-6000dcdaefb4,කෝමාරිකාවල දිවුල්වැව පාර,2992,2993
7dc1b0c2-2575-4918-8311-1f23516268ce,හැට්ටුවැව පාසල,2993,2994
52f62812-107c-4eb4-8a52-1cdaf358f3f9,කෝන්වැව හංදිය,2994,2995
abef1bce-37c6-4c7f-93b4-fe7426d97fb9,ඊතල්වැටුණු වැව පාසල,2995,2996
354becee-d7b0-489f-88f9-a3269da12b9a,දියමයිලගස්වැව චැක්රෝල් පාර,2996,2997
3a76d831-2fd3-462d-994d-6efc6af4a588,දාච්චහල් මිල්ලෑව,2997,2998
0b176392-9338-4e44-a31e-a1aaac9a89e5,137 කි.මි. කණුව,2998,2999
67e8b48a-5738-4c67-a808-8af83de34e02,යාංඔය පොලිස් මුරපොල,2999,3000
da66d5b7-b89e-42c6-9d2f-727938b34a90,රත්මලේ මුස්ලිම් විදුහල,3000,3001
4ab31941-0590-4179-a4dd-42c84607a730,සිරම්බෑව රජමහා විහාර පාර,3001,3002
80585023-afb0-47a4-9850-5790d237bf54,රොටවැව මුස්ලිම් පල්ලිය,3002,3003
a3925fc1-3d98-4410-8749-cbcfb607bd4f,නාන තොටුපල,3003,3004
a5f12870-0df6-41d0-a7b6-ab4b5b3aaa1a,මහදිවුල්වැව මහ විද්‍යාලය,3004,3005
ca06613c-3b27-467d-b596-85ba3096106f,පන්කුලම,3005,3006
3e672977-2920-4fdd-9288-9d726f6f8999,තිරියායි හන්දිය,3006,3007
1bf690fb-969b-400f-8036-10ec3d89da84,ගැමුණුපුර හංදිය,3007,3008
ab7c7398-1cdd-4e48-8690-7b4b7d4d6e6f,කොටියාඋල්පත,3008,3009
4028fb87-b73b-46c5-b581-152f97e71781,දිවුල්වැව(වනසංරක්ෂණ කාර්යාලය),3009,3010
7f3d65ea-1347-4647-b2a3-e92078978ed2,ගෝමරන්කඩවල,3010,3011
106dfe2c-17f9-49a7-bc0c-b573bc7362b0,231 කි.මි.කනුව,3011,3012
9f4bf183-3b55-4920-91e4-bf962b44b298,233 කි.මි. කණුව,3012,3013
85e51479-680d-47f5-b9e5-06b449891f81,පලයමුරුගන්ඩි කෝවිල,3013,3014
6f03ec77-bf4f-4764-8cae-8ed3229a999f,237 කි.මි. කණුව,3014,3015
d01c9c9f-9f51-4701-bd8c-360126451f86,කොකාවිල් (මධ්‍යම සංඥා වැඩපල),3015,3016
e33a1c64-e0c0-443a-8109-5ac028b64f7c,241 කි.මි කණුව,3016,3017
133e11d8-0ef9-41ce-95db-6026d9ff8fd4,මුරුගන්ඩි කෝවිල,3017,3018
9a568f5d-c64c-4533-b6cf-4e0b25bd7e5d,කෘෂිකර්ම විද්‍යාපීඨ භූමිය,3018,3019
0c1c1080-51d0-4643-ac2f-e49f1273931d,ඉරණමඩු හංදිය,3019,3020
e890db95-4193-4c2e-9a2b-f2fb044b9514,කිලිනොච්චි 155 සැතපුම් කණුව,3020,3021
1470d12b-abd7-4378-954c-269aa9c40b10,කිලිනොච්චි දිසා රෝහල,3021,3022
278cf439-68e6-4c1d-97d5-209afc0db4f0,කිලිනොච්චි ජලස්ථම්භය,3022,3023
fff5f32c-d864-4084-b50b-9fde78041627,කරඩිපෝක් හංදිය,3023,3024
57fa109a-dfc1-493d-a55f-3031c815754b,256 කි.මි.කණුව,3024,3025
12fea859-813b-4f77-900e-9daa65da7903,පරන්තන් හංදිය,3025,3026
e3d96c98-7460-413f-a628-29b1486ec0b0,උමයාන්පුරම් ග‍්‍රාමීය සංවර්ධන කාර්යාලය,3026,3027
65ea3974-47ae-4f37-9f5b-6eaf52ee9e48,උමයාන්පුරම් කෝවිල,3027,3028
e42b9ca2-7356-44af-a7f5-fe452358b432,263 කි.මි.කණුව,3028,3029
cbf0115f-89fc-463e-b6ce-0e43d83638b6,අලිමංකඩ ගාමිණි කුලරත්න ස්මාරකය,3029,3030
be4b5232-19b3-4066-9a69-7e3f44ecc9be,අලිමංකඩ හමුදා ස්මාරකය,3030,3031
96aa2c24-20b7-4f14-b878-542318762aa7,අයියකච්චිය දෙමළ ම.වි,3031,3032
310f6e67-820f-4127-9b94-d778126d07ec,පුදුකාඩු හංදිය (කාලයඩි පාර),3032,3033
4a1368ce-3e3e-402d-93d8-6282da4e3048,173 සැතපුම් කණුව,3033,3034
2699879a-6a17-4362-86b7-1da5c9b46d34,පලෙයි 279 කි.මි. කණුව,3034,3035
89b39309-2abb-4e4a-9def-24c7cc695103,පලෙයි කඩ වීදීය,3035,3036
0989a315-70f5-4ed8-92e4-68a885e724cb,283 කි.මි කණුව,3036,3037
bd7bcc65-353c-4dc2-b4c2-75bb4ba09b2e,මුහමලේ 285 කි.මි කණුව,3037,3038
eafa9d70-10cd-40cc-a877-de47079776a8,මුහමලේ පුවරුව,3038,3039
a7b298e1-f2dc-4cfa-a541-1a17908c7a4e,ආසයි පිල්ලේ ඒත්තම් ( දේවස්ථාන පාර),3039,3040
1afce019-db43-4020-8075-eee2248758fb,මිරිස්විල් උ.තැ.කා,3040,3041
1e38e29f-9d21-4acb-ab8c-d97b4c3001f1,කොඩිකාමම් ටවුන්,3041,3042
6c6a65b7-0229-43b9-958b-3b0fb026d3e6,කොඩිකාමම් මුරුගන් කෝවිල,3042,3043
b6fb3f6f-42f4-4788-9362-5ae69ef3f93e,පුත්තූර් හංදිය,3043,3044
fb7d6d2b-dcc1-4055-bcb3-e8d2c8084878,අරසඩි හංදිය (චාවකච්චේරි ප‍්‍රා.වි.පාර),3044,3045
8f49569c-d7c2-4710-a34a-bc2eadfcc209,චාවකච්චේරි බ.නැ,3045,3046
cf367830-0c09-4610-b6d6-e2c3e992d371,චාවකච්චේරි අයියර් පටුමග,3046,3047
2408e720-1afa-4862-9626-970f15b13406,චාවකච්චේරි පොලීසීය,3047,3048
1b077426-b67d-467f-834b-116c4b64e72c,කයිතඩි පාලම,3048,3049
45fa50a3-59d4-47bd-9b4e-239dc7574253,දිය බුබුල,3049,3050
c8ffa1c5-913a-470a-bb8d-293c267832d7,අළුත්ඔය පොලිස් මුරපොල,3050,3051
e69064bc-ff81-4e38-b3a4-c523856edaee,ලෑලි පාලම,3051,3052
716ac158-2590-4f81-be63-1fea1d4ed347,වාන් ඇල හන්දිය,3052,3053
783c68b5-92e1-44c9-b101-689492bae594,12 බැරියර්,3053,3054
741ed157-5cb1-448c-ad1a-fe565e5e0d2f,ජයන්තිගම හන්දිය (20 බැරියර්),3054,3055
ad252ab3-6cde-432a-be7c-48a81cffa120,පුල්ලෙයාර් කෝවිල (13 කි.මි. කණුව),3055,3056
f796475d-684f-48e8-a22b-ce5777070c46,සුරියපුර (සමනල පාලම රජමහ විහාරය),3056,3057
5b1a1139-e35a-4c2a-848a-0d18708ef8fd,කන්තලේ සත්ව ගොවිපොල,3057,3058
41dcc8cc-2a14-4f48-9e8d-5141adfdae95,අල්ල පාලම,3058,3059
9a3ad134-9b3d-4c33-8ec5-de3e33dbab24,සිත්තාරු කළු පාලම,3059,3060
417ee14b-e197-4807-b48f-b7cf0d22644b,මීගස්ගොඩැල්ල කඳවුර,3060,3061
4282f27e-c3c9-4f08-91a0-5ed9e7854533,සිරිමංගලපුර,3061,3062
26770933-aec3-458a-906e-584ff2b3898c,කල්ලාර් හන්දිය,3062,3063
0506f29a-31a4-403f-b26b-4a6894168d56,සෝමපුර ආර්.බි.01,3063,3064
9a06f139-c872-4232-a12f-c22b770d311a,ආර්.බී.03,3064,3065
dfce51e2-0b13-4cd0-ab0f-058375629977,සේරුනුවර (අලිඔළුව හන්දිය),3065,3066
08918b25-8268-4a95-be8e-c609340956e6,අරිප්පු හන්දිය,3066,3067
cf698122-97b8-4073-a242-066f1eae34d3,සේරුවිල විද්‍යාලය / බ්ලොක් 100,3067,3068
4ffaf905-65cc-4c81-9f6d-1da708f42e16,වන්නාතමුනෙයි,3068,3069
5ec439d1-ad52-4f16-8a20-98dd1899c070,සේරුවිල,3069,3070
a63d5e09-bc0a-4def-904c-9a1895a99554,6/2 බෝක්කුව,3070,3071
6f9dd67f-7cd9-4f83-8f43-bdbfd99717ec,සෙල්වනගර්(අල්නූර් ම.වි),3071,3072
0c04b9e0-ae6b-491a-a9b2-32065db6cb1b,තෝප්පූර්,3072,3073
c0ce6564-2df1-481c-b1cf-9b3485e61a4b,තෝප්පූර් හංදිය,3073,3074
5ea4eacd-340f-45be-a8cd-a6edad2112dd,මල්ලිකයිතිව් (ප‍්‍රා.සභා.උප කාර්යාලය),3074,3075
375d75a9-0e16-45fc-8306-8c0908019071,පච්චනුල් (කින්නියා පාර),3075,3076
692a953d-77b2-49c0-bbcd-ba557d422608,64 කණුව මුස්ලිම් පල්ලිය,3076,3077
af697494-ddec-4e78-88ab-4498e20855e7,පෙරියපාලම් කඩමන්ඩිය,3077,3078
25859d52-a9a1-4252-bb20-b648b6ad96b3,ඔරලෝසුකණුව හංදිය,3078,3079
7c9fcfd0-8321-4cbb-9be4-e7f2e89f8ea4,මූතූර්,3079,3080
67e4fa24-388d-4e37-a138-c6e7bced0b9a,දරගල,3080,3081
fa540e6d-7a29-4c04-ab59-ac2bb55410b6,රතඹ,3081,3082
51870aa8-8f1a-4360-b8c5-4a17bdbb48ca,අඔගස්දොව,3082,3083
32defbf7-31ee-4925-97f7-e22d4fbca6d3,බලගල 4 සැතපුම් කණුව,3083,3084
6553ac97-8fcb-4dd2-8648-7cffdd8bbe60,පල්ලෙවෙල 8 කි.මි. කණුව,3084,3085
36e81f17-a10a-4643-91ba-ce4e045b6989,ලුණුවත්ත,3085,3086
bbd3cf8c-29f5-41bf-bf2a-6a145830de90,දියතලාව,3086,3087
7d2f9e60-4e6b-4f86-9124-146794704667,කහගොල්ල පාසල,3087,3088
86815729-cd95-4c68-8af0-398fa0889d8c,කිරිඳිඇල්ල,3088,3089
bf512975-e783-47f4-bd04-c6c0b039dcab,ඇල්ලේතොට,3089,3090
ea371d6e-70b8-4d90-a776-931e9d643e2a,120 කි.මි කණුව,3090,3091
717bfe69-43ee-405f-9108-42691afe8fd7,මඩකලපුව,3091,3092
9a2cdc04-abb2-43d1-ac5b-0b26553e145f,යෝධ ඇල,3092,3093
1da634ce-deea-482f-acb0-47d80f505de2,බටුකොටුව,3093,3094
811d677c-c2ab-4898-aa68-ded1bc302bba,යුදගනාව,3094,3095
0cc8b702-0c28-4fb8-af53-dbafed7f3361,දිවුලන්කඩවල,3095,3096
3edec17f-3115-4630-a0a1-293b1a61c5ae,විහාර මාවත,3096,3097
f0fd7217-5ac2-4929-a37f-2cc32bb2d98e,මැදිරිගිරිය,3097,3098
a16b93eb-f8d4-4ce3-8a68-4edbe29be77e,සී පී මාවත,3098,3099
0d7fab08-1e2d-4df7-8ea4-7af284c3310f,දියසෙන්පුර,3099,3100
5d924c50-edaf-4306-a315-9e46868a3859,ගලේවෙල (කලාවැව හන්දිය),3100,3101
81e85b0f-157a-453d-a328-13dddb827972,හොරිවිල වෙදගෙදර,3101,3102
bca38bac-0ab2-4918-aa6b-2395eb9a0eda,අක්කරෙයිපත්තු බස් නැවතුම්පොල,3102,3103
077294b3-14cb-4c4c-bfcf-d8871f726ada,අක්කරෙයිපත්තු ප‍්‍රා.ලේ .කාර්යාලය,3103,3104
41d1e357-8bf5-47ed-aa21-165874f744f6,අඩ්ඩාලච්චේනෙයි,3104,3105
12c1dfe0-83f7-4d1b-8290-768fafd3bf50,මිනෝඩයි කඩ්ඩු,3105,3106
06c8b72f-6f55-4601-bcec-8fbb131baf67,පාලමුනෙයි,3106,3107
6029d884-f556-42f9-8f93-c5a297b5912e,ඔලුවිල්,3107,3108
88c24ec5-8a14-4af2-99b1-61f0a83ebc7d,පුල්පිටිය හංදිය,3108,3109
739eb489-d1cc-4cec-9ce7-37ea5ffa7d88,අල්ලිමුල්ල,3109,3110
b4413d3e-bf78-47ea-b085-6296e17fa312,නින්දවූර්,3110,3111
b29bb118-7ad3-41af-82ca-0b92d2fc6517,මාදුරුඔය හංදිය (කන්දේගම පාර),3111,3112
d24f3f57-da58-4d84-b9de-523c8972cfce,තේක්කවත්ත ගල්පොත්ත,3112,3113
dffbf20d-4e77-4506-8d18-2a016faf029c,වැලිමඩ කඩේ,3113,3114
d9fc15d0-e04c-47ca-9329-f4f57429f989,යුධහමුදා පුහුණු පාසල,3114,3115
77011caf-9c79-4a18-80a5-704973afacef,විශේෂ බලකා හංදිය,3115,3116
89c7f991-60aa-495d-8fad-6deae688bdc4,මාදුරුඔය දියවරගම,3116,3117
3578f44d-fb3a-4af3-bf06-a1f2d73abf41,වැලිකන්ද,3117,3118
46421834-e6b7-4e87-a97b-ecfb820e1b30,චෛත්‍ය හන්දිය,3118,3119
1adeebb2-55f1-478f-a110-d01bf3a8ec20,ජී පී එස් හන්දිය,3119,3120
fe030535-7392-451d-8fc1-70e447e19b0b,මැදිරිගිරිය නව නගරය,3120,3121
4b50f7b7-6232-40ca-b786-b588e6460559,චෛත්‍ය පාලම,3121,3122
153ee92f-c6f8-400c-af98-982112a12a45,යාය 7,3122,3123
b5a7086a-2412-4c09-990b-cd42bc4e8ba8,යාය 12 පාලම,3123,3124
f800bef2-210a-4187-8465-34c890fbda75,මාතර කඩේ,3124,3125
3e23d13d-50f1-445d-871b-8adb856a41d3,යාය 11,3125,3126
43940f23-b8da-4cd5-bc17-29d2366b70ed,සොරොව්ව,3126,3127
c289eac7-222b-47ff-bd8c-180749984dad,විජයපුර ගාමන්ට්,3127,3128
c7837839-bf17-47f1-9d56-563410b5aa2c,මීගස්වැව,3128,3129
2a6f5e96-20a6-4745-80ce-29948533016a,"""වැල්ලවත්ත",3129,3130
ed62ce1c-dabd-40cd-82f5-311117920718,අසේලපුර (පාසල් පාර),3130,3131
032bdf10-4684-4fd2-b2c0-174fa1894ce4,µමෙත‍්‍රිගම ප‍්‍රාථමික විදුහල,3131,3132
98f2fab2-6dab-44ab-9f82-357536fc3583,මහසෙන්පුර හංදිය,3132,3133
d41ef04f-0b5e-402c-ae49-b358b8629fe7,දේවාලගල,3133,3134
7a49be6c-7d13-407f-9e13-010ca286b8ce,කුරුළුබැද්ද,3134,3135
0ea15c99-c18e-483e-8888-75b2b41bf2d1,4 ඇල අක්කර 500 පාර,3135,3136
70fff817-f72a-4b84-ad78-ea964b90d863,පො රාජකීය විදුහල කී‍්‍රඩාංගනය,3136,3137
6f5a04f8-3525-4658-9dbb-d3ae13963006,නවනගරය බුදුපිළිමය,3137,3138
9b2d0a39-5dd0-40c8-af84-5ce046950629,PS කොලනිය ගනංගොල්ල හංදිය,3138,3139
ef67c667-dee7-4555-9999-1d04720a82c3,PS කොලනිය විදුහල,3139,3140
c0c17a6f-3c82-46f6-8d15-36ab3d50d16b,PS කොලනිය බෝධිය,3140,3141
0a54c03b-4aa4-4e36-b4bc-59c26e1db643,PS කොලනිය කනත්ත,3141,3142
0457c756-455b-4e56-8a65-9e4d0687021c,කලහගල පාසල,3142,3143
b3a2e918-6f07-4111-9185-829ef2eb7fac,කලහගල ඇල පාලම,3143,3144
7e33cf7f-0f1c-411e-836a-d496e30c16a9,කලහගල බෝධිය,3144,3145
34242498-7b60-45ea-a132-b12713a42fcf,කලහගල,3145,3146
51a87d5e-63ee-4017-a211-d9b7a384aa10,ගිරාඳුරුකෝට්ටේ,3146,3147
e4107053-34bf-469f-bc62-65a55a467fb5,පන්නල (පූර්වාරාම විහාරය),3147,3148
4e3ebf4a-5662-4d8b-bc28-9d2b754e670d,ලදුපිට (43 කි.මි. කණුව),3148,3149
4316693f-f6ec-4026-a92d-d6f2f99fd805,පදියපැලැල්ල බස්නැවතුම්පල,3149,3150
d1f4df25-3f2b-466a-8cca-11f3959936a0,කඳුර කඩේ (ගම්පහ බෙභෙත් ශාලාව),3150,3151
a63466e6-d2db-42d2-992b-1c8408031d1d,දෙහිපේ,3151,3152
a7635703-04c5-4af7-aea1-6a149ecd2276,රිකිල්ලගස්කඩ බ.නැ,3152,3153
b24d4b62-23d2-4792-b8fc-ee63b5cf27d3,මාදන්වල හංදිය,3153,3154
3c74ab3a-a56c-476a-9224-57997f49b08a,හඟුරන්කෙත,3154,3155
3039cb91-6142-4b6e-bb5a-b7e1dd5a90ac,සිප්පිතිරල්,3155,3156
399a0266-3585-493b-8ecd-4b46dbff8332,කෝවිල් අඩි,3156,3157
0c87225f-d92a-48e3-8d5d-baa09c0a90af,සිවතපාලම්,3157,3158
9e2a07fb-f17d-4d0b-b626-acc153ae7ae9,සුරංගල් හංදිය,3158,3159
05bf063e-893b-431a-9b25-696c1bee266f,කච්චකාරතිව්,3159,3160
438919a5-88ed-4afe-90c3-1386d918962a,කුට්ටිකරච්චි,3160,3161
d3238aa3-c33c-4ba3-aec3-38410fdc5758,බුහාරි හංදිය,3161,3162
617721b9-af1c-4a8b-b2ac-3f61b7a03c0d,කින්නියා,3162,3163
58210041-13be-47f2-b8ff-7155e62fd107,වෙල්ලමනල් පුස්තකාලය,3163,3164
558e6dea-9316-460c-ad2e-1c2e8f197790,වෙල්ලායිමනල් හන්දිය,3164,3165
a7450264-2b87-4d90-9841-579d14caf768,චීන වරාය දුම්රිය ස්ථානය,3165,3166
9d412cf0-eb33-48f1-a0da-ddc4fee41993,කොඩ්බේ වරාය,3166,3167
655e8fdf-5e1a-48d8-8c9b-d3ec6c8120dc,අනුරාධපුර හංදිය,3167,3168
28468593-54d6-45a5-a94c-f03c884579e7,තෑපැල් කන්තෝරු හංදිය,3168,3169
2bab4823-55ce-4da6-9f95-4a8e386ee99d,අලස්වත්ත/තෝරන්කාඩු හංදිය,3169,3170
1c6fc72e-5d1d-4f99-babc-23c1c45bbd5b,සාම්බල්තිව් හංදිය,3170,3171
4e00bec9-7bf9-4e18-913c-20d789278a4d,6 කණුව (විශ්ව විද්‍යාල හංදිය),3171,3172
1a45a890-b77d-4903-8625-27788e32d700,7 කණුව (මුහම්මදියා විදුහල),3172,3173
905c3004-8997-4257-932b-5ae0918f715d,8 කණුව (අල් ෆතාහ් විදුහල් පාර),3173,3174
c5316be8-1b2a-4665-b24e-c3b7b64c08d2,නිලාවේලි ප‍්‍රාදේශිය රෝහල,3174,3175
aebebea2-7173-4b5e-95b5-a2c0f07a2ced,කෝපාලම්පුරම් හංදිය,3175,3176
70518ecc-73da-4248-8f79-3853446b4907,11 කණුව (බිච් හොටෙල් හංදිය),3176,3177
b1d5afbe-2db4-49a8-ad41-0d6635a40e64,ඉරකන්ඩි (අල්හම්රා ම.වි),3177,3178
5ab36cd5-6d76-4a9b-84f9-0a035fa8b45b,කුඹුරුපිටිය (පාසල),3178,3179
9b98f10c-f773-4c46-b070-38547d885964,නාවච්චෝලි හංදිය (ජර්මන් හඩ හංදිය),3179,3180
0da48ab8-6168-4b44-b31d-1324e61f176b,රයිගම් ලුණු,3180,3181
272ff0e4-ac6b-41f8-b90f-ad681245d974,"""සල්පආර්",3181,3182
39addd5c-c6ce-4397-ad5f-3089f3b474be,සලපආර් පාලම,3182,3183
f01b51ab-5ed3-46ed-9d5f-c3aafd5f3465,ඉරනකේනි දෙමල ම.වි,3183,3184
2cf0eec1-f82a-4d21-90f0-963ee96f0c02,කුච්චවේලි(ප‍්‍රා.ලේ.කා),3184,3185
52a2528f-842d-4bdb-99b6-a41af769dc80,තට්ටක්කල්(36 කි.මි.කනුව),3185,3186
a2fed84b-3f10-403c-b976-c39ab93b12b4,පල්ලවකුලම්(මුස්ලිම් පල්ලිය),3186,3187
d617cf60-824f-45d3-8425-e4556d0a57ea,සාගරපුර ප‍්‍රජාශාලාව,3187,3188
c7a34893-a8bd-45e8-ac21-2524078bb14d,පුඩවයිකට්ටු මුස්ලිම් ම.වි,3188,3189
68f8cbd4-3561-4753-9f88-d359484e363d,මදුරන්කුඩා(43 කි.මි. කණුව),3189,3190
a43c6ca4-c235-4a93-bfea-641508a8e409,කල්අරාව (සුරුවම),3190,3191
1440a224-0466-48ea-a487-335aa77ff79c,යාන්ඔය (48 කි.මි. කණුව),3191,3192
458a58c7-318d-49d5-aa67-62c498f620c8,යාන්ඔය පාලම,3192,3193
f3c35ded-d0ab-4c42-a4b6-4113b51f94ac,මහින්ද පාසල,3193,3194
a71d1a1f-8bdf-4074-b020-8ff1af830927,හුනුගල්පිටිය,3194,3195
d59185cd-6711-459b-a745-b744fe754954,සියඹලාගස් හන්දිය,3195,3196
0871ffac-ac7e-4cbc-af3a-0f1e78319ffe,බලකඩුව,3196,3197
f6650dcd-24fa-49c2-b34a-978553f43c78,වරකාමුර,3197,3198
ae24f7e6-a6af-4313-8bb0-17b162c13c64,ඇල්වල,3198,3199
566adc45-4b9d-4b28-ad2a-fcd0574c74f4,ට‍්‍රැක් 6,3199,3200
26b89077-6a66-4160-bbfc-a3ef1440e332,වැලිඔය හමුදා කඳවුර,3200,3201
033d3bf2-a8b0-4005-b573-359fb6bbf1c7,නිකවැව හංදිය,3201,3202
630d9028-c04b-40da-b288-0af590d69d93,ඇතාවැටුනවැව මහාවිද්‍යාලය,3202,3203
3bf3d742-fe6d-4854-b32c-4106c6d4a16a,නිකවැව (වැව පාර),3203,3204
62cd26b3-8ed5-4ff3-8c05-d01abca01214,13 කණුව (බණ්ඩාරගම),3204,3205
c0b27f86-604e-486d-8777-ce917a4f010a,14 කණුව (ඇත්දත්කල්ල රාහුල වි.),3205,3206
9600aa53-a57a-428e-a8a4-a57d0506cfea,අලි වංගුව,3206,3207
b438cc2d-1bd5-4695-aa36-2b47da231e4e,පේමඩුව හංදිය (විලච්චිය),3207,3208
4a7a7e6d-26de-423e-9327-351fd3c399bb,මහ විලච්චිය (ග‍්‍රාමීය රෝහල),3208,3209
01232ad6-223e-403a-944d-4ac945ea5387,කුලරත්න හංදිය,3209,3210
a62fbd27-06be-4560-ad48-12ead7f3f9db,මන්නාරම් හංදිය,3210,3211
2c955a04-fd95-48e7-88a3-50c5abd1a8a4,1 කණුව (මල්වත්ත පාර),3211,3212
78aa682e-b87f-41ee-8a1e-7ba4b9596e80,මිල්ලගස් හංදිය (මොරොන්තුඩුව පාර),3212,3213
b89e1e54-77c5-4fc7-95af-f09c3de95511,පරදූව (ඉන්ද්‍රජෝත්‍යාරාමය),3213,3214
c060cbc0-c878-4742-a9a6-70b5502f3b84,ඇලමෝදර හංදිය,3214,3215
9d3e8f2e-c9f1-46bf-80d2-1e509ebc47b7,ගලපාත (පනාගොඩ හංදිය),3215,3216
3e3d9591-7e11-4630-9239-99dff5727e2a,ගල්පාත රෝහල හංදිය,3216,3217
dd83a7f2-575a-4907-b548-5dd548fc262d,බටගොඩ කඩමණ්ඩිය,3217,3218
c26c1025-edbb-43ea-b69b-525459cde546,කෙසෙල්හේනාව හංදිය,3218,3219
8fa63062-f2a7-46fd-b88f-64dddd3d33cb,යාල හංදිය,3219,3220
0753895f-a956-415f-8dd6-da7f39d78b21,රෙමුණ ශ‍්‍රී බෝධිරුක්ඛාරාමය,3220,3221
6a3257e4-7e51-4799-a515-fd4bd5d4b030,වැල්ලපිටිය හංදිය,3221,3222
b783337b-eb94-4c7a-8aa6-b34b460da91b,ශ‍්‍රීපාලී විදුහල,3222,3223
47699512-49ce-416b-94ad-d42747611e66,හොරණ,3223,3224
5de80383-5187-432b-af48-b9e3c3adf03e,අමරනාගොල්ල (කාර්මික ජනපද පාර),3224,3225
d4134aed-f7d3-42b6-bbb5-59829001a411,ආදර්ශ හන්දිය,3225,3226
da092dc8-2bd0-4490-95dc-76d58831c18a,කහටපිටිය හංදිය,3226,3227
6e062810-af2a-424b-8a4d-4d6ce74189b9,මොරගහහේන,3227,3228
16a468fb-0500-4a26-b3c0-1a3f1cc72acc,තල්ගහවිල හංදිය,3228,3229
cb27b735-9deb-4917-a028-c38214918f2f,පෝරෙගෙදර පන්සල,3229,3230
6be9ad63-02d7-47dd-a3ad-458cd38bc7d1,විජයවර්ධනාරාමය,3230,3231
fdfb326a-2176-4771-bef5-a5734f345a4b,උඩුමුල්ල හංදිය,3231,3232
8a1c2942-1c26-4738-948e-154888be830f,පාදුක්ක,3232,3233
c2450d55-d437-4c81-af5a-370326698729,දන්සලේවත්ත(ගො.සේ.කා),3233,3234
ea3e268d-bc91-4072-a943-fed99c9f7a7e,කල්එළිය (පල්ලේවෙල පාර),3234,3235
79cd5fda-32b5-496b-b0dd-27a1bb9b57f9,හිරිවල හංදිය (බොකලගම පාර),3235,3236
ff57f99e-0351-481f-9655-5b1ade5039e8,රජදහන (මහේන්ද්‍ර විජේරත්න මාවත),3236,3237
8b7746d8-3b87-4020-be92-acbdbc7b7133,මිරිගම,3237,3238
8951d09a-45cb-4efd-ae9e-362d0af0e887,විල්වත්ත(මිරිගම රෝහල),3238,3239
f828beaa-de24-4818-8743-9f6fcaec59c5,ලෝලුවාගොඩ(මිරිගම BOI),3239,3240
118aef14-fc72-4a22-a0ab-00c4e8ad980d,ලොලුවාගොඩ ප‍්‍රාථමික විදුහල,3240,3241
03001461-eff0-4fe1-8c33-94d1f6719e43,ගිරිඋල්ලගම (පත්තිනි දේවාලය),3241,3242
da93edf8-f983-4f16-8869-39dbc4cc365d,මහරගම හංදිය(අලව්ව පාර),3242,3243
0500f60a-2f9a-450e-a9c3-942be5b63fc6,අතුරුවල හංදිය(සමුපකාරය),3243,3244
885e7214-05b5-4d1f-b825-261c5feb17d7,දඹදෙනිය(ලබුයාය පාර),3244,3245
e7a153dc-356f-45fd-bfd7-ef36fd2a4d24,සාලියාල (ශ‍්‍රි වර්ධනාරාමය),3245,3246
ca55d001-8c9a-4a27-b7e3-5babe0f06e47,මැටියගනේ හංදිය(දංගොල්ල පාර),3246,3247
3de3c53b-5059-4419-81a0-007d093a064c,කිවුල්ගල්ල(පුරාණ විහාරය),3247,3248
ede2e9c7-1df4-4b7f-a893-614c74264ec3,දම්පැලැස්ස (පොල්ගහවෙල පාර),3248,3249
10a6f024-2bd8-48fd-a6d2-5b3e4187f279,කඩහපොල හංදිය,3249,3250
41975165-35e7-49a1-932a-0619c251e057,ගැටගහට හංදිය,3250,3251
2166d8da-ebf0-41bb-b1fc-4476703ffe9d,බෝමුල්ල හංදිය,3251,3252
0b40e193-34af-4cdc-99b6-50707d4f25ad,සියඹලාගස් කොටුව,3252,3253
0ee61614-f7a1-4ce5-b481-1cbacb49bdd0,පොල්පිටිය පිරිවෙන,3253,3254
d370f8ee-3562-4afb-9032-14996c533dee,කටුපොත බස්ගාල,3254,3255
e52c9e1d-05f3-4409-a00e-b63e1138d175,නෙලුම් කණුව,3255,3256
fb7eafd4-1c55-43d1-b9e5-aa44471e73e8,පුබ්බෝව හන්දිය,3256,3257
1c7e869e-5e3d-4b30-a2dd-31f6c920083e,මාවීහේන හන්දිය,3257,3258
bc7b3e30-454d-4ef6-b3a5-d2a773e9b17f,කොළඹගම හංදිය,3258,3259
aa3d2d8c-27db-4e53-a1f5-716903e5bb2c,රඹෑව හංදිය,3259,3260
4875f310-cb13-4089-8148-d8f8e22b00d8,උසාවිය,3260,3261
1c297580-9387-4c07-a14c-801137f66c02,කුන්චිකුලම් පාර,3261,3262
cb70a34b-1adf-4fb6-a02d-5f827d4872e7,කන්නට්ටිය,3262,3263
362f480c-e65f-44a7-b82e-7f22ea3c4dfc,මිහින්තලේ ඔර්ලෝසු කණුව,3263,3264
345bf692-fbc2-46f9-9456-9fbd64cb4fe0,ජලසම්පාදනය,3264,3265
d105d555-114a-4dc2-a878-bd1ddc3cf106,කොහොඹගස්කඩ 3කි.මි,3265,3266
2c21caac-888d-435b-9bb3-ac9ed93cc2dd,තෝනිගල 5කි.මි,3266,3267
bcc5019a-479a-4c57-aac6-cee2793f5070,පඬරුල්ලාව පන්සල,3267,3268
c61c104e-e551-451f-b90f-5c39fb6453b5,තිඹිරිවැව,3268,3269
cd015a1d-7410-4238-95b4-6cea6825d7f3,කුඹුක්ගොල්ලෑව හංදිය(7 කණුව),3269,3270
e3f077b1-3108-4720-a997-4f608f102ab4,කුරුදුගස්වැව 9 කණුව,3270,3271
5bd0e1bd-5d5d-4669-ad10-61453bcc8940,දෑකැතිපොතාන හංදිය,3271,3272
a6c00597-cf17-491c-88e5-71ba69f18cae,කිඹුල් පැටියාව 16 කි.මි,3272,3273
2991211f-f00e-4baa-ba18-51835f8dd4e7,ඕලුවැව විදුහල,3273,3274
06b89a12-b9e6-4113-b8f7-fd0d8f350471,දෙමටවැව,3274,3275
a60fd54d-724f-4731-aea7-92dfdeb171ff,තිඹිරිවැව පන්සල හංදිය,3275,3276
39495ee5-3601-4ddf-b53f-dd8a931919cd,ඇල්ල පොතාන (වහගහපුවැව විදුහල),3276,3277
10dd3de2-1a9a-466f-9e0b-29ff4dc5d3ff,වහගහසුවැව හංදිය,3277,3278
30c07ce0-1a5a-49b8-b2a4-36b7ec7bdb2a,කන්හිද්දවැව 9කි.මි,3278,3279
a964e4f4-7ae5-428d-9796-3074bcbe1540,පුලියන් කඩවල හංදිය/විද්‍යාලය,3279,3280
64c667f0-10a8-4d17-80c5-78cf2d915757,නාම්බාකඩ හංදිය,3280,3281
6b6d1fc1-322d-4f0e-90a4-21c487cc2285,නමඩ වැව හංදිය,3281,3282
07555251-9c35-439f-bdd8-71425b2654d2,වලහිද්දවැව හංදිය,3282,3283
6fc366d7-a2c4-4753-ab61-d6f30b273753,දියකිරිත්ත හංදිය,3283,3284
55fc61a8-cebe-4580-9184-fed6045d68ed,හාපැටියාව සපත්තු පාලම,3284,3285
178b9344-eb1b-4333-9620-12e80860bddc,හාපැටියාව පෙර පාසල,3285,3286
0dd9a883-801f-4f78-9849-da93df70c3e2,1 කණුව (2වන පුල්ලෙයාර් හංදිය),3286,3287
3f24c198-91d2-49d2-a2d4-f0cceee58d2a,කලුන්දෑගම පන්සල,3287,3288
7247d6cc-0eb5-4513-9bac-ed65706b9caa,සිරිමාපුර හංදිය,3288,3289
a441912b-11ea-4da8-bda8-a60a921e46aa,4 කණුව (නවසිරිගම හංදිය),3289,3290
30bf091a-7c63-4ed1-852b-c7ef3f2ac72b,5 කණුව (ටකරන්කඩේ හංදිය),3290,3291
aa636057-450d-4e40-a202-5bdeaacc4797,යාය 6 (අංගමුව දියවර ගම්මාන පාර),3291,3292
b38b3e5a-72ce-4730-ba2a-34f18a6b8372,තුඹුල්ලේගම,3292,3293
6ced46b6-6253-4f07-b02b-b5e82537b387,ගැමුණුපුර/යාය 8 (පොම්පාගාරය),3293,3294
ac1989f0-6003-425d-b156-f5015a5bc6f9,යාය 9 (රාජාංගනය රෝහල පාර),3294,3295
e8e29570-d756-4503-8a81-476ee9e583c3,යාය 13 (බෝධිරුක්ඛාරාම පන්සල),3295,3296
6417d5cd-af5c-4ff2-bb8c-78d0e57df95c,කලාඔය (යාය 14),3296,3297
49b46c23-d03e-4409-8eff-5961f140ee0b,කදුරුදූව,3297,3298
915d87b5-70ca-48e2-9597-e50cb09d05a3,කලභෙ,3298,3299
7b4d5beb-8c9c-48de-8a30-9dd7bfb36889,මැලැහැගොඩ,3299,3300
2d68f239-de53-4d57-834b-1ce49fecce56,පිලාන හන්දිය,3300,3301
ab2606f2-03db-4b84-9666-3bbd79af268d,බෝගහගොඩ හන්දිය,3301,3302
95473d33-211e-4d86-a397-d304b6ea3fef,අගුළුගහ,3302,3303
58ab0ec3-b8b9-4e03-aa4d-cb4d9b9a4fc5,වතවන,3303,3304
e0f0d722-75e7-48e0-a08e-31740e004ee2,පරගොඩ,3304,3305
c3aa1680-2618-44d9-91c2-4f713c4809df,ඉමදූව බස් නැවතුම්පොල,3305,3306
bc6311a5-d327-4dcb-8fa4-547c59b75dc0,කනංකෙ,3306,3307
3b89463e-f9e3-40a7-9ad8-8da36561208b,නිමලව,3307,3308
b1337488-8654-41d1-9f5f-8a4f8adaa236,තෙපුදෙනිය,3308,3309
6b5f40ef-1665-4f84-99f6-685dcbae9588,භෙනේගම,3309,3310
cf979049-6eb3-4688-a4dc-dc325ebf22b7,කියාඬුව,3310,3311
ef10b0e2-96b8-4e64-9f3e-34039df22930,අමලගොඩ හන්දිය,3311,3312
acb5ce6a-421e-4c6d-bb62-f3757be2419c,අකුරැස්ස බස් නැවතුම්පොල,3312,3313
027b1899-70ae-49ee-b8d2-dbcfbc6de199,පෝරඹ,3313,3314
0f5b7ab2-ff4e-49d8-942e-defb118c60a6,මාරඹ පන්සල,3314,3315
654b2318-3ca8-4c42-90b9-096c2f6608b2,ඉදිකටුදෙනිය වැව,3315,3316
5ad67203-4313-435a-8caa-52b9f3ee24c2,දීගල හන්දිය,3316,3317
f74035e5-b154-4a3b-b3ec-536623653c5d,කදුරුවාන විදුහල,3317,3318
ca885c90-d6d7-4f6e-9670-d439dc9e7570,මල්පුදනැල්ල හන්දිය,3318,3319
1a5a319c-b72f-41e8-bf00-4c7179ebedc6,පිටබැද්දර,3319,3320
b312d5da-ce42-4339-bdcb-234ad61571e2,ගොරකවෙල,3320,3321
aecd25fe-2e38-4d70-aeb9-75a998d321de,කන්දෙ දොල,3321,3322
747965bc-9c21-4346-8d79-86d0c422314c,අතු ඇල,3322,3323
90422fdc-6bb3-4c6c-9d8a-3a61b6446629,56 කි.මී. කණූව,3323,3324
a140b31d-92ed-4ecf-815c-d1194391db60,කොස්නිල්ගොඩ කඩමංඩිය,3324,3325
7fb8f01c-503f-4a86-be12-a3f4ed78ea65,වැලිව,3325,3326
f70dc95f-9219-4123-a555-aeb18fbf602d,හිගුරුපනාගල හන්දිය,3326,3327
1765724f-1b26-4403-a016-bf2d606c1835,ගොඩකුඹුර,3327,3328
7f6b73bc-db9e-4dc4-b79c-fecac3323e3e,දියදාව,3328,3329
e2f630c3-2921-4022-a4f9-08c4ef4d4893,ඕලකන්ද (දෙණියාය වත්ත),3329,3330
54ce71f0-8e52-454f-b5ee-efe6286dafc1,පෝරතොට කණිෂ්ඨ විද්‍යාලය,3330,3331
8ce7aa55-5d1f-4c79-880e-7996f3ce6a99,තලහගම සමුපකාරය,3331,3332
b120772f-0f20-4b22-a056-40a712f3010b,කජ්ජුහේන හංදිය/5කිමි කණුව,3332,3333
cc2780b7-f31e-417c-ae97-734a554db1c7,නුගේගාව/කන්ද මුදුන,3333,3334
ab85f42e-db8a-4fc3-ab6b-f23b31f416ab,කොබෝමෑල්ල ප‍්‍රජාශාලාව,3334,3335
024a2aac-7d59-4b1a-aa00-55ceea486f90,බේරුබැවුලවත්ත බැම්ම,3335,3336
0d1e1f85-a306-4a65-b4dc-51a4bf3f7068,රත්ගහවත්ත තේ පර්යේෂණායතනය,3336,3337
30b30caa-e445-43af-9306-1a2f1849273b,පල්ලිය,3337,3338
8710b51e-32bc-4290-9099-effc2367cba5,ගොමදියවල හංදිය,3338,3339
3c450d29-8ff3-465e-a08d-4aff09dbffd0,අතුරලිය මහා විහාරය,3339,3340
bcc9a04f-47a3-4e9b-bb4e-6e96f63d0054,පිටකටුවන හංදිය,3340,3341
7d40e65d-0a14-49d6-a0f8-104b59843aab,කටුපොතුවිල පන්තාරාමය 2කි.මි. කණුව,3341,3342
9de628f1-a31a-4fcf-901a-f6f447a6815c,බිබුලේවෙල ගම් උදාව,3342,3343
f0660489-be28-4fcd-8525-d1c38ced65c6,ගම් උදාව -කද්දූව පාර හංදිය,3343,3344
ada71701-ff2e-4555-9096-95974087c3b7,ගෝදාව පන්සල,3344,3345
6f320511-cb84-4798-854e-a822959414c7,කඹුරුපිටිය,3345,3346
30b08610-d8f3-4e6c-ad20-142ee91fbf37,ට‍්‍රාන්ස්පෝමර් හංදිය-ඕවිටිගමුව,3346,3347
1c5fcaca-ed5c-40fa-a7f8-c93d800a8d2a,7 කණුව -ආයුර්වේද රෝහල,3347,3348
a735c771-495b-439e-92a5-cb40ae715a94,හීල්ලකන්ද හංදිය,3348,3349
8f4084d1-1242-4ed6-bb57-c9587af9bb14,කරයල් කනත්ත හංදිය,3349,3350
ad4f4394-8543-4c12-a05c-a2cd0ca688d7,භෙට්ටියාවල හංදිය,3350,3351
a21fabad-76db-42ef-b9af-909488cc7838,වතුර ටැංකිය,3351,3352
7e2dc273-e711-45b0-ac91-03d6b97c33a4,කෝපිවත්ත,3352,3353
edcc3673-2030-46a0-865e-65685c9c1076,මහහීල්ල පන්සල,3353,3354
8c7c5d8c-efe7-486e-8185-2472a0bc005d,කම්බුස්සාවල,3354,3355
df17e8bf-e1a3-4f7a-a838-4b4f340145e6,පුවක්දණ්ඩාව/ ධම්මපාල බාලිකා වි.,3355,3356
bd76bdac-c032-4fdd-b0f2-85b45680bda6,සිටිනාමළුව විදුහල,3356,3357
57c44bc7-134c-4b12-9b55-d6ae39eb3662,නලගම හංදිය(ජලසම්පාදන පාර),3357,3358
6f47eff3-e0d0-4eff-ab00-afcdeb82f364,නෙටොල්පිටිය(විතාරන්දෙනිය පාර),3358,3359
aeb9889f-51ae-4b90-80ef-0da06a2f6be2,වාඩිගල (මහානාග ර.ම.වි),3359,3360
4bbff9b2-fd71-4452-81d4-1a5aa17cbded,රන්න බස්නැවතුම්පල,3360,3361
80c24914-3ddc-444a-b886-b1f81f6e1690,හුංගම (අඟුණකොලපැලැස්ස පාර),3361,3362
645ec3c4-ee89-4c06-908f-49e9c7c6229f,කිවුල (බෝධිරාජාරාමය),3362,3363
70d84a85-c94f-4057-a4a3-3da1669bf031,ලුනම(ගොවිජනසේවා කාර්යාලය),3363,3364
65ffdbeb-dc81-475f-ba96-a391548eee6f,නෝනගම හංදිය,3364,3365
ea5faa1f-0dcb-40f9-8df6-8a98fc2ce3b1,මල්පෙත්තාව හංදිය(මාමඩවල පාර),3365,3366
95e73dbc-c5b8-4e5b-ac6b-035533b82e7b,දෙහිගහලන්ද(කඩපල),3366,3367
6465eeb6-06f8-4848-a5bb-d08ba65f4917,කොහොලන්කල,3367,3368
ab507248-18df-4b87-ba7b-4a0b0e9bbe98,මහසෙන්පුර (කනිෂ්ඨ විද්‍යාලය),3368,3369
431e95ed-664c-4578-b4d1-1704d98f020b,ජ්ූල් පල්ලම (රේස් කෝස්),3369,3370
9eec024f-4418-456a-9c59-82f04dcabca6,කතිරුවාන(තැන්නපිට පාර),3370,3371
2ed5430a-3f83-4717-bdb0-beeaa2e72855,19 සැතපුම් කණුව,3371,3372
1010a12f-c7f9-4aee-ae4d-cc45fb7aecb3,බෝගහහංදිය-ගණදෙවි කෝවිල,3372,3373
5267fdac-0fff-4e50-89db-24e985223f3d,දෑරංගල,3373,3374
6d188ebd-3bdc-4311-9b60-49a447cc1344,එළුවිල හන්දිය,3374,3375
1c3761ff-04e2-4056-bf84-d3348f0af89c,කුරුස හන්දිය,3375,3376
7cbed2c6-4a2f-4397-bd67-65fea8a15db8,මහබෙල්ලන,3376,3377
6937c292-8f40-4a52-8945-52a8243897c1,බොල්ගොඩ පන්සල,3377,3378
68a155ab-8684-4164-935f-76eaeb863ee0,ගැලණිගම,3378,3379
e5a8c967-c550-4f4b-9647-3723ab2e45e3,රයිගම,3379,3380
cec603c6-c09a-47c8-b535-b50f5ff6a805,පොකුණූවිට,3380,3381
ebd60418-387b-48bc-b664-df882ffa59af,ගල්ඒදඬුගොඩ,3381,3382
55d44b10-ba8b-4e7b-9a43-138b6722933c,සල්ගස් හන්දිය,3382,3383
c92b000c-9f9f-484a-a7af-0f063ac76704,ගුරුගොඩ,3383,3384
cb072f6c-1a48-4241-90a6-19734bc17988,පෝරුවදණ්ඩ,3384,3385
658c1905-0590-4f46-b84e-1c0f040f173c,අපනයන සැකසුම් මධ්‍යස්ථානය,3385,3386
23666ab7-067d-42e9-82fd-ceae8df88467,ඇදුරාගල,3386,3387
509e8175-63dd-45ce-98fa-793840fb8cfc,ඉංගිරිය රෝහල,3387,3388
d8c3fce6-57de-4cb2-a276-4cb35b4f565a,නම්බපාන,3388,3389
391b45ee-445f-4bbd-bf33-13cef1598585,දුම්බර හන්දිය,3389,3390
84aba630-cc35-47ea-9603-33aa718c5ef6,ඇල්ලගාව,3390,3391
fe3216aa-9f11-41cd-aa81-c72f9f589fef,මඩල,3391,3392
a2d3284d-f03b-418f-873a-ed91923c6342,එපිටවල,3392,3393
f40de383-4670-42f5-8b38-42e0a73d3830,කිරිඇල්ල,3393,3394
e73a7082-3dcf-415a-99af-d7ffdbd69477,ඉඩන්ගොඩ,3394,3395
785fd18e-53fb-4948-952c-d39bcaee7995,හැරනියාවක,3395,3396
522f7683-f72e-46ae-a1a7-749a82a455cb,කුරුගම්මෝදර,3396,3397
40041afb-09bc-479c-befb-80ebd623a850,තුන්අඳහේන,3397,3398
f2e9d97a-4c19-4685-9cca-99ab2e118f5d,ගොරකා ඇළ,3398,3399
f402eb87-2e2d-4d6d-b020-d722d2407b46,මිල්ලකඩේ,3399,3400
92f11839-6580-4637-a489-d1e20944972f,හොලීපිටිය,3400,3401
e2569784-3588-46b4-80dd-1c8a16d8f8a1,කහන්ගම,3401,3402
5de9c5ce-2bc3-4e63-9c1e-449cde2cc9ac,කැටලියන්පල්ල,3402,3403
e9a4723b-253e-4ccc-8c6e-7589507455e4,දේවාලේගාව,3403,3404
e51d3876-e5ec-4196-8414-96b36695d3cb,ගල්කඩුව,3404,3405
6b0daa78-88df-4730-ba7e-9e4942e04388,රත්නපුර,3405,3406
5e98760c-3190-497b-aacf-9ae3a1e61020,බත්ගංගොඩ,3406,3407
50b3b68b-5eea-4396-b83d-9bef0bd69c5a,කාමරංගපිටිය,3407,3408
e84cb1e5-db06-4a9b-9ff7-2406e8f8d079,මොරතොට,3408,3409
195b380e-5fe7-4bfa-acde-dbec0b96b50d,අම්පිටිතැන්න,3409,3410
a0a7db00-f19b-4769-b163-aa3c89c315b0,ඕපනායක,3410,3411
699b95ba-fa18-44ce-8c67-d3b9070565a2,කන්දේ විහාර හන්දිය,3411,3412
01eb58d8-7c13-4761-84b0-bb4bebcf5783,පේරකැටිය,3412,3413
bfc622f8-9365-41b2-b0fc-c98d289bb457,හොරකැටිය,3413,3414
99a9377a-fdf0-423c-bc74-81aaf9929ad7,පල්ලේකන්ද,3414,3415
db386676-6b2b-4a6e-bf45-7eebe5392c68,ඇල්ලේපොල,3415,3416
cb1f6c36-2bd1-4835-adc8-0b9efe20ba64,උඩඇල්ලේපොල,3416,3417
2c9aa580-92c5-41dd-869d-6495c6e4257d,බලංගොඩ,3417,3418
39758288-0d73-4d1c-8cb3-b97a1c1a3cb3,කිරිඳිගල,3418,3419
5d04b1f1-e4ca-4164-b6b1-027064d91d3e,ඕලූගංතොට,3419,3420
c9cc6f05-c49e-406a-9e6c-e86a8c9b6bad,ඇල්ලේඅරාව,3420,3421
2f7c7ea2-ffc5-435c-aecd-ff3c004bfc9f,රත්මල්වින්න,3421,3422
4e078146-3e65-4f72-8e93-08e26f784384,අමුපිටිය,3422,3423
2144580b-f526-4876-a53b-24fecae4fbca,අළුත්නුවර,3423,3424
efa5cb70-2cf0-415e-96ee-d9cf361f84a1,ඉඹුල්පේ,3424,3425
880d4f92-9cc5-4be3-974a-5d52a7136d32,සීලොගම,3425,3426
f98237f7-2051-47d9-9365-07be12abcd2d,ගලගම,3426,3427
612b0a39-7bf2-46f7-81a1-968a69fde112,කරගස්තලාව,3427,3428
5e24dc5d-d5ae-42cb-a3de-8d44d7784aed,පඹහින්න,3428,3429
3270b1a9-7566-4821-9a56-16a224600014,පුවක්ගහවෙල පාලම,3429,3430
3d252ec4-3aa9-49b8-94dc-b73e7b05a395,පුවක්ගහවෙල,3430,3431
bd71fea9-c353-4fee-a8df-79e0586cf4f7,තුඹතැන්න,3431,3432
ffb76c87-cf64-44ff-869b-543884b5dbcf,හල්පේ,3432,3433
1f13209b-6286-42a3-95aa-048df2a41979,මරංගහවෙල,3433,3434
e10d256c-08be-4f0d-828c-01e1208839d2,ඌවතැන්න,3434,3435
fc52af92-cc04-4b09-b571-880c196b5409,කළුපහන,3435,3436
d6fe43dc-3387-4b34-8f00-3a84e39f79cf,පුස්වැලමණ්කඩ,3436,3437
0579eac2-7a64-41ea-b44a-cfca4c326ed2,වල්හපුතැන්න,3437,3438
2eb8f325-5c57-4fcf-9ded-608220c00f91,හාල්අටුතැන්න,3438,3439
909ffbaa-440d-4ec1-a7c1-f448de959e2d,හල්දුම්මුල්ල,3439,3440
f380d64a-2adb-41e3-a761-16f7899a93ec,බත්ගොඩ,3440,3441
a64426ac-12e8-438f-8ffd-a86ed40f15ff,බෙරගල,3441,3442
36efc2fa-1df4-4d47-bfd5-618fe09d6278,බ්ලැක්වූඩ් දෙමල විද්‍යාල හන්දිය,3442,3443
b87b2a3f-d6fe-4225-b22d-192783b0091e,186 කි.මි. කණුව,3443,3444
c298d3b9-b19e-4ce8-a75c-6e7f28245c95,188 කි.මි. කණුව,3444,3445
4f87f43c-4e2e-4e43-873f-a531aac76e37,පහල ගල්කන්ද බෝගස,3445,3446
da4fd65e-b769-4bca-a48a-4aba3e98a08f,නිකපොත පන්සල පාර,3446,3447
ba9ff86e-173d-494e-9d52-01932d20e4c1,අක්කර 100 හංදිය,3447,3448
72f0a8e0-dd41-4a25-a7e0-dabdc1ca2b83,නිකපොත 195 කිමි කණුව,3448,3449
2937cc89-4afe-4774-9ed6-e728c90bec97,නාකැටිය 198 කි.මි. කණුව,3449,3450
12d78586-f1d0-461c-8086-c4999cba953e,කොස්ලන්ද දෙමල මහා විද්‍යාලය,3450,3451
67179c12-a5af-4d54-a28e-c7c110136267,කොස්ලන්ද,3451,3452
d6fe7abf-a751-40ff-8670-157aa8498dbb,ළමා නිවාස හංදිය,3452,3453
4e3b5e9d-56c6-4388-8879-ce02e9219b2d,උඩුමුල්ලගම ගම්මාන පුවරුව,3453,3454
70f2dfea-cf61-4bbd-a7b1-55c2c34c66ae,දියළුම ඇල්ල,3454,3455
36b73864-061c-4f17-b8eb-dc3ff7cef52e,207 කි.මි. කණුව,3455,3456
d4b7f885-9cd0-4e4b-a276-8fba7c57182e,ගම්පහ පාසල,3456,3457
0e154468-6309-4471-a679-72c65b5d18e5,ගම්පහ ආයූර්වේදය,3457,3458
13cf9cc7-0baa-41f9-82a3-80758731b6d5,හිවල්කඳුර,3458,3459
a3d09b24-f375-400a-a253-4358f42dec41,බිබිලේභෙල දේවාලය,3459,3460
eb3c4089-467f-40c0-8566-1f75f4017628,215 කිමි කණුව/ පාලම,3460,3461
2c04e4f4-0928-4963-84fa-f41dbca8a53f,ජල පවිත‍්‍රාගාරය(අයිස් පීල්ල),3461,3462
e249f8b7-6718-4a9b-b70c-d451433ad25b,පල්ලන්ඔය හන්දිය,3462,3463
28d5e13d-45bb-4b52-8576-944c91c3975c,ගල්කන්ද,3463,3464
d2fa1dc9-b067-4be2-ba21-d7d5ed4eaac9,දේවාලහිඳ විද්‍යාලය,3464,3465
e135c936-2f8a-4a1e-861d-9d11cabfb8b8,වලව්කඩේ,3465,3466
8720033b-2189-4e32-bfef-bd3f9a6c8ea6,ගෝනාගල පන්සල,3466,3467
0752d7d6-d0b0-40bb-a542-8e7c9592dd74,අළුත්පාර කඩමණ්ඩිය,3467,3468
70cf5f5f-7f5d-4526-8e3c-16e3215254b2,ස්ටෝරුකඩේ,3468,3469
a78f48f2-34ec-41b4-9a96-a1408b35fefb,මාදම්පේ වතු රෝහල,3469,3470
a1550643-650e-48e9-9e84-9f6aa62fb0f8,වෙරළුගහමුල සමුපකාරය,3470,3471
2beadbe2-56e2-4968-aa79-aa49871c09a7,කරංකැටිය ගොවිපොළ,3471,3472
1d450041-881f-4825-96f2-87f85e083c0c,රක්වාන බස් නැවතුම්පොල,3472,3473
7bb774db-8b29-4563-8d19-ad160bf1a448,ඇල්ටන් පාලම,3473,3474
2cbc7c1a-be15-4745-a5e9-ca6655939e10,කිරිමණ්ඩලය,3474,3475
1f0e03c6-feb1-497a-9fd7-7e20b47e5b84,පුංචිබාරවත්ත කෝවිල,3475,3476
fe4438af-9b98-4dcd-86cc-6a8f53314c3e,මහාබාරවත්ත,3476,3477
86783455-b88d-4f7f-b8fc-c2abe26a749a,3 වංගුව,3477,3478
d4275323-dc0d-46d0-9ef2-9b4b4eb521b6,5 වංගුව,3478,3479
dc5a17ab-bf05-4d18-825f-4873513e45e1,7 වංගුව,3479,3480
0ceae4b7-3e23-46ea-be60-454c47d0d824,9 වංගුව,3480,3481
1b0844de-6f68-4558-b856-59b3cc4c92f0,ඉහළකඩමුදුන,3481,3482
52f79407-11aa-4d6f-87d6-ea7eadd5ca39,කඩමුදුන(ග‍්‍රාමෝදය සෞඛ්‍ය මධ්‍යස්ථානය),3482,3483
ebaecff6-07bd-4fe1-9779-fbd6c1b29d83,සූරියකන්ද කඩපල,3483,3484
d691ab6c-41ef-448a-a7e2-c0bfba29e348,අළුත්කෑල්ල (වතු නිවාස),3484,3485
70335f5c-242c-4963-9d40-28f71d16b94e,බුළුතොට (භෙළඋඩකන්ද පාර),3485,3486
599db6a5-8740-4dba-8b12-e3b7e53e1e73,තෑන්නහේන හංදිය,3486,3487
013011ae-cd07-4d67-9ad9-775a1a56acde,විජේරිය සුමන මහා විද්‍යාලය,3487,3488
d83ddde2-baf2-4b26-8c2c-dfe4edab3567,අරූපෝරුව ප‍්‍රාථමික විද්‍යාලය,3488,3489
93e0fd1a-de54-422c-b455-812a09ceb17b,17 කණුව (28 කි.මි. කණුව),3489,3490
4ac35949-5d5a-4dae-b6e6-b789a5a33d6d,බෝයගම,3490,3491
e740082b-b54a-4fb8-9bb3-b8e762c2f625,හකහින්න කඩමණ්ඩිය,3491,3492
02e9049d-7cbf-486d-bbcc-ee15165b158d,අරන්දර බෝගස් හංදිය,3492,3493
8a7c7445-2bf8-4521-b5f7-b230175a34f3,තොරණගහපිටිය,3493,3494
7b6d0fcd-58cd-41c5-96d5-a3f7bda9b7ba,පින්දෙනිය පොලිසිය,3494,3495
72fefff0-0da5-443e-83c8-9d56b49f4c0b,කුරුණෑගොඩ පන්සල,3495,3496
104e1a97-2b15-4d3e-a392-826cfe62eb62,අම්පෙ ආදර්ශ විද්‍යාලය,3496,3497
a91ca3d5-c85f-46bf-aa2e-7d481c08bb3c,කොටියාකුඹුර,3497,3498
0239400f-176d-4872-88ec-0fe371fbd219,තලෝවිට හංදිය,3498,3499
03457405-0ebc-43fb-be8b-9eeaf514e8c2,කන්නත්තොට,3499,3500
18e9c369-7cdb-4f96-a03d-e339a669adaa,වරාවල,3500,3501
d0b1fedc-ae73-497b-ac66-4276fe04ffa3,අඟුරුවැල්ල,3501,3502
69924366-b448-4f0c-848e-40d55cda9b18,රුවන්වැල්ල,3502,3503
390772f8-68aa-4e06-9064-2abae2ba692c,කහටගස්තැන්න,3503,3504
3eb6949c-b12a-4bee-9c61-fcb87e700c41,වගාව ගාමන්ට්,3504,3505
69ad6da6-26be-4af1-a17b-c8f12ff272de,කාවන්තිස්සපුර විදුහල,3505,3506
0d1487f6-f603-4d3f-b959-6def95d05f8c,යෝධගම රෝහල පාර,3506,3507
e9449f84-c966-40db-b56f-b1f3ca1a3157,මාකුඹුර,3507,3508
36187dc8-6ccc-4c81-abd0-afb3a5c32f13,හිඳගොඩ,3508,3509
76fc4467-ccc0-4fbe-88f6-f1b50893c4ca,බදුල්සිරිගම,3509,3510
d17e0b8e-0c30-4291-971b-8abb31adf10c,2 කණුව/විනීතගම හංදිය,3510,3511
be14f55c-b30b-4b63-a767-19566efb549f,4 කණුව/138 කිමි කණුව,3511,3512
badbb2c0-1e64-4f27-9251-33f3a05085d9,5 කණුව/140 කිමි කණුව,3512,3513
f059bb1d-ae10-48cd-b7c3-8a9dec33ea77,දෙබැද්ද හංදිය,3513,3514
b70e76da-3684-40c2-854a-a1d9b9a8b430,8 කණුව චෛත්‍යය,3514,3515
89ffbe99-9ead-40e2-83c5-72791ebcb90f,තේ පර්යේෂණාගාර හංදිය,3515,3516
2c2277a3-2b82-4bf3-a389-d34622c98c33,නමුණුකුල හංදිය,3516,3517
9f769488-d381-4cbc-9c40-0706bd5ea919,කිරිමණ්ඩල හංදිය,3517,3518
c56847ac-97cf-4813-8343-8438863049b6,පස්සර,3518,3519
976c2d88-fd3d-435e-9eda-c07e678ea271,දෙමල මහාවිද්‍යාලය,3519,3520
0d02d094-0592-4a61-8bbf-3e6c9308a687,මොණරාගල/බිබිල හංදිය,3520,3521
0db4abae-c690-42b6-8b55-c1c5149757c2,අමුණුවත්ත දේවාලය,3521,3522
0401db66-1807-4143-9d0f-1de876b7b7a6,මීදුම්පිටිය මධ්‍යම බෙභෙත් ශාලාව,3522,3523
fc6d9c97-1769-4787-8471-c151a0bd00cf,මීදුම්පිටිය කඩමණ්ඩිය,3523,3524
256d41cc-5c50-4e1b-98d5-15d86b6cb4fb,මිල්ලබැද්ද මහාවිද්‍යාලය,3524,3525
5081ca5f-0faa-49ed-a04e-e3fe63224830,හෝප්ටන් කඩමණ්ඩිය,3525,3526
849885d0-1b13-4155-9be8-e6e7dc9da022,හෝප්ටන්/කළුගහතැන්න අමුණ හංදිය,3526,3527
68272a7d-dcdb-45d2-aa81-6169f45ab7c1,රේන්දපොල (165 කිමි කණුව),3527,3528
6b3e0440-9c50-4bbc-b52b-3abc1f8294b2,යපම්ම ශ‍්‍රී රම්‍ය විජයාරාමය,3528,3529
d59ea1f0-6d5e-4709-b111-12a84fb35bb2,කීනගොඩ,3529,3530
b79a9ac1-03a7-4f7a-9a18-78337968b5f4,කොට්ටල්බැද්ද විදුහල,3530,3531
04ad3d0d-3d2b-4c5c-a795-51c298148488,ලුණුගල බස්නැවතුම්පල,3531,3532
03e48907-f852-431f-9fad-1b8d47a6a33e,ලුණුගල ප‍්‍රාදේශ්‍රීය ලේකම් කාර්යාලය,3532,3533
df6d07e8-2407-4759-953e-c1323ef4083c,අරවාකුඹුර විදුහල,3533,3534
a714a02e-f641-4cd5-93de-89aa0738d5ea,ඈතුන්දැමුවාව ක.වි,3534,3535
a8255311-3506-4e8a-a45f-203ead0ef959,182 කිමි කණුව,3535,3536
df504070-3664-49ef-85f4-38b3ef1e0d38,යල්කුඹුර විද්‍යානන්ද පිරිවෙණ,3536,3537
95c4c7bd-3d4d-46c8-86d9-d2e55211acaa,උණාගොල්ල රජමහා විහාරය,3537,3538
ad9dfcf8-fa55-427d-9bd7-d0ef1050dcc8,භෙවෙල්වෙල (වෙල්ලස්ස ම.ම.වි),3538,3539
38d4b1d0-c7f6-4681-826d-041b6ba43950,2 කණුව (ඩීසල් විදුලිබලාගාර පාර),3539,3540
4ccfd53b-929c-49e7-adc9-5145a5e25384,3 කණුව (අශෝකාරාමය),3540,3541
6c9f02de-0d5e-4928-be89-fb262537b3de,කල්ලඩි (සිමෙන්ති කම්හල පාර),3541,3542
8679e2d0-9dcc-448b-b9cb-a7a1116077a5,6 කණුව (අට්ටවිල්ලුව හංදිය),3542,3543
10870214-9826-4ce6-a114-f4dab6887c40,ගල්කුලම (කිවුල පාර),3543,3544
46ef9ee4-ac4a-4d86-a435-63d6e600e055,මෑල්ලන්කුලම (කොට්ටුකච්චිය විද්‍යාලය),3544,3545
2235d6ee-7b41-45d8-81ae-316c9f0b8eff,10 කණුව(මහකුඹුක්කඩවල පාර),3545,3546
459d2906-7672-46fd-9290-fdb2dd15eb55,කොට්ටුකච්චිය (පු.ගල උදාකළ ගම්මානය),3546,3547
f1da4508-869e-425a-a62f-832cb8290a9d,කජුවත්ත (ගොවිපල),3547,3548
844f05ab-9225-4f79-805a-01cbf66c07c7,තෝනිගල කණිෂ්ඨ විද්‍යාලය,3548,3549
f3389866-d578-459d-b6b3-333ab46c20cb,තෝනිගල(ඌරියාව පාර),3549,3550
5565718a-da0b-4edf-a2fb-e2c2ee122897,පරමානන්ද විහාර හංදිය,3550,3551
601785fa-8cc0-475f-a9d7-3060ebcba244,තලාකොලවැව,3551,3552
78d96661-8f0d-483a-a7e1-24a0b2a86d42,ධර්මපාල ක.වි,3552,3553
d0e5f625-47cf-4208-95b2-b9f56b3d0750,පලුගස් හංදිය (93 කිමි කණුව),3553,3554
700d5666-72a8-4fdc-a9b1-5ab783570e3f,කනුකැටිය හංදිය(ආඹුක්කාගම පාර),3554,3555
93e6ac13-1b47-4eb3-bb9b-2dea0737656d,මොන්නෑකුලම ම.වි,3555,3556
b81538b7-a09e-4123-a813-ca6c2af612c0,කොටවෙභෙර (පොලීසිය හංදිය),3556,3557
822b0862-3367-467d-8e91-2a89cc8be706,තුඹුල්ල (ළමා නිවාසය),3557,3558
b195a1f3-e92f-4f13-b963-8ca204fb715c,නැබැඩෑව(රැස්නායකපුර),3558,3559
9486e6dd-8b36-48b7-95cc-bf0ac1504408,හැවැන්පැලැස්ස (රා:දැව සංස්ථාව),3559,3560
d5c4554d-c521-4117-a00c-507404467558,නිකවැරටිය බස්නැවතුම්පල,3560,3561
ca40f739-de62-4883-a532-6489ffc9eccb,ට‍්‍රයිස්ටාර් ගාමන්ට්,3561,3562
a2cf98c3-e962-42a4-a2d7-b8cc052c2422,ඇලවක (නිකවැරටිය ඩිපෝව),3562,3563
7cc32ca3-f9f8-4a5e-ad14-bfd045b3362f,විතිකුලිය හංදිය,3563,3564
d6c1f8c1-550a-4897-8d44-70cc393c56aa,ශ‍්‍රී මලියදේව රජමහ විහාරය,3564,3565
966e4105-76d1-4c55-9cb0-7f8afd8b9e9f,රඹුකන හංදිය,3565,3566
e70f4266-1709-4470-a554-5cc91f7eeddc,අවුලේගම පොල හංදිය,3566,3567
9e324dca-d951-41aa-ace3-b71fde126a00,හේරත්ගම,3567,3568
ef975e6e-076b-419c-9dd8-ead0bfbfe76c,ඔළුමඩුවැව හමුදා කඳවුර,3568,3569
7a5b9bd3-372e-447a-8ce1-f638b4fd5529,තච්චඅඩම්පන් ගොවිජන සේවා කාර්යාලය,3569,3570
68ed741f-cf04-46da-8d39-249d65c02f35,12 කිමි කණුව,3570,3571
6d6e469a-8729-4f5d-b464-c7a934de3edc,සමන්නන්කුලම්,3571,3572
f9b6ffc1-e048-4fc8-9223-554668d1e8e1,ඔට්ටුසුඩාන් සිවම් කෝවිල හංදිය,3572,3573
4b03ad81-6dde-4366-b6dc-89bc8c474330,ඔට්ටුසුඩාන් ප‍්‍රාදේශිය රෝහල,3573,3574
01ebeda1-82de-4444-b39d-d4adccf78056,අලි හංදිය,3574,3575
fb241623-9688-47d6-b3b7-c67227967b23,29 කි.මි කණුව/18 කි.මි. කණුව,3575,3576
ccdbc5be-3ad1-4b62-b766-f5fcee6bb604,පූලාමුරිප්පු පාසල,3576,3577
fc1c530b-d331-4e6d-836d-abbbdfc8eca0,මුලලියාවලෙයි ඩිස්පෙන්සරිය,3577,3578
7785c51f-1e3a-4fbc-8553-65ad29a69ff3,මුලිලියාවලෙයි පාසල,3578,3579
82e14fd9-7658-4e45-a6c4-89269874f86f,23 සැතපුම් කණුව,3579,3580
f9aaf3e8-8dff-4893-8e9f-949ebbc887bf,22 කි.මි. කණූව,3580,3581
33979758-655c-4d1e-835c-38ae0b7934f5,1 කනුව (මාස් ගාමන්ට්),3581,3582
0dddcb7f-c999-4216-983f-b5c9195c055d,සිසිරවත්ත හංදිය බෝධිය,3582,3583
bbb4fc9e-f841-4b22-a190-dc559cfdcf33,උණපúූරයාය ශ‍්‍රී බුද්ධජයන්ති විහාරය,3583,3584
794491fd-a95e-42bf-81f1-e056a020a271,කලුන්දෑව පාලම මහසෙන් විහාරය,3584,3585
ac35a046-f483-4a03-b7a1-487858f1f17f,පළාත් මායිම (මධ්‍යම/උතුරුමැද),3585,3586
946b88b8-089d-496d-bce8-5a61aab95188,බකමූන (දිසා අධිකරණය),3586,3587
6421ee5c-9d0c-4cfd-af20-d6047e7c327b,දමනයාය කඳවුර (2 පියවර),3587,3588
1cd8963f-3f22-49ad-b07a-c73c5729c273,බකමූණ,3588,3589
161b4306-3706-4462-893a-bb4d62702f05,යාය 6 (කනත්ත පාර),3589,3590
0d23d8af-01e6-47ba-badb-7f9dcdcce84b,බුදුරුවයාය (බුදුපිළිමය පාර),3590,3591
5dd04c73-4e8a-4843-a546-1c8ea4b8031a,ගමඇල පාලම,3591,3592
04438e8a-0428-41bc-b722-4a50e64fd120,පොල්අතුවාඩිය හංදිය,3592,3593
6f37677a-f744-46d9-947a-51b487d74938,කිරිඔයගම ප‍්‍රාථමික විද්‍යාලය,3593,3594
cdb0b0c7-0160-4ea3-8192-2ea46ece8b37,මාඔය (උද්‍යාන පාර),3594,3595
4be1aa95-4d5d-4855-92c9-e359c33bbe08,දේවාලදෙනිය බෝධිය,3595,3596
db91aeb5-42bb-412d-93c6-f9918ddd0356,කළුගඟ හංදිය,3596,3597
acd263aa-344c-4fcf-876c-c9994bfcffb8,දාස්ගිරිය 40 කිමි කණුව,3597,3598
618d51e6-87fb-4b5d-8227-d06010bccc73,හත්තොට අමුණ මහාවිද්‍යාලය,3598,3599
0551fa66-3577-490c-bc8e-fa84f23b6a1b,වෙල්ලේවෙල බෝධිය,3599,3600
34a96900-ca37-474b-b5b3-3026bdb58b72,ලේල්ඔය ප‍්‍රාථමික විද්‍යාලය,3600,3601
5455e91d-eb5f-469f-8971-a1e9158d4a2e,ඇත්කිඹුලාවල පාලම,3601,3602
2f3c013a-718e-4a31-9e43-c0c2d8c03024,ලග්ගල පොලීසිය,3602,3603
2dada304-b611-4d1e-8d74-87e327b8e44e,ඉලුක්කුඹුර හංදිය (රත්තොට පාර),3603,3604
02c853e5-d8a5-4d51-9b55-2ecf8d7eacd6,බලගොල්ලාව කන්ද බලගොල්ලාව කන්ද,3604,3605
33e8fc3b-400b-4330-97dd-31fcb15dedad,කිවුලවාඩිය හංදිය,3605,3606
e06c1c86-886c-4592-ae92-0302345eb799,ගුරුවෙල 59 කිමි කණුව,3606,3607
58f11894-f874-499b-b878-d697c359a7dd,නාගොල්ල,3607,3608
2b4c59ea-75b1-4435-bea0-e0b7cce64fff,භෙට්ටිපොල,3608,3609
ff5c3eb5-cc1e-44b8-af28-fe77541145b2,බත්ගම්පොල පිටවාන,3609,3610
8f1e7710-ecfa-44dd-bd0e-44cbb1128ab8,නාමිණිගම පාර,3610,3611
ed49d2d0-da9f-419a-af98-bf364e1e4a2b,ඉමාඩුයාය,3611,3612
438a0395-8931-465c-a318-6cca9958782a,ගින්නෝරුව කඩමණ්ඩිය,3612,3613
ec6de7e0-bfbf-4a02-ad9d-96d3cc095e21,විරාණගම වැව,3613,3614
014e7080-1a4f-4b23-8154-99f53df5ee0e,විරාණගම විදුහල,3614,3615
53829028-71f3-4590-a609-823cdb41edce,අලුත්තරම බීජ ගොවිපල,3615,3616
c391e3f8-ee24-42a4-8e19-5a5f61fa4d25,කුරුමන්කාඩු (දුම්රිය ස්ථාන පාර),3616,3617
a11f76b8-6ed2-4dc2-96c8-487c109238da,වේප්පන්කුලම්(කෝවිල),3617,3618
0c1ac733-5304-46ba-80fd-249c1c37d76a,නෙලුක්කුලම් හංදිය,3618,3619
33798f15-b896-4433-b85f-88d9839944d5,සිවපුරම්(ආයුර්වේද රෝහල),3619,3620
f66c0317-4284-435b-a4b3-9514473e4a70,වසෙක්කටිප්පුලවු විද්‍යාල පාර,3620,3621
a35b4d22-15fb-40d2-8e90-93dfe6348762,සාලම්බකුලම් (වව්නියාව විශ්ව විද්‍යාලය),3621,3622
b6a86f18-d556-44c4-adc6-9398023bbd4f,සාලම්බකුලම් හංදිය,3622,3623
87cdd5b5-adb6-4c64-a3b6-191a57aa84ae,පුවරසන්කුලම් හංදිය,3623,3624
1f498b77-90a1-439b-a4c3-3bbb77195f60,කුරුක්කල්පුදුකුලම් හංදිය,3624,3625
a3292bca-d337-400e-899e-2d7984f59f0d,නිලියාමොට්ට(ආඩියාපුලියන්කුලම් පාර),3625,3626
007acb4e-6842-4266-8ec7-4733736192e1,පිරමනාලන්කුලම්,3626,3627
860ca1dd-1995-49a6-9b91-39c31232162b,පුදුක්කුලම් පාර,3627,3628
d52791d9-42a5-47ce-b54b-3b1035eaf29e,කන්නාට් නිවාස යෝජනා ක‍්‍රමය,3628,3629
7a615a7b-e616-4ebf-8a72-76d7d31197f8,ගනේෂපුරම් ම.වි,3629,3630
ca8cb1b4-cbae-41e2-858b-83204aeab059,ගනේෂපුරම් නිවාස යෝජනා ක‍්‍රමය,3630,3631
9571e473-cf28-4277-9098-5cb7c09f4698,බත්ගම්පල පිටවාන,3631,3632
30813b36-390b-425c-8d6a-92ca9b6ad189,60 කිමි කණුව,3632,3633
51d9baa2-a15d-4bf7-83d3-23842c73518b,කාන්තන්කුඩි,3633,3634
a568338d-3192-4f85-b759-bcf105202dd8,කල්අඩි (සිමෙන්ති කම්හල පාර),3634,3635
b5ecf1e9-3b57-4a50-a3e0-e37d62f58081,ආයුර්වේද රෝහල,3635,3636
8cfb2481-db9c-47c3-b749-c538b589a139,තම්පට්ටෙයි තම්පට්ටෙයි,3636,3637
64effd50-7c0f-4d2a-ace1-ca4fa406390d,සින්න මුහත්තුවාරම්,3637,3638
85a6b19b-a4c8-4d50-b79e-a4963f87f0c1,බස් ඩිපෝව,3638,3639
9b24c40d-0c3a-4dcd-bb05-ecc914de33be,මුන්ඩෘමුරිප්පු හංදිය,3639,3640
f4d7ba32-d170-45a1-8c26-914d1eef0f48,වන්නිවිලාන්කුලම් හංදිය,3640,3641
eb18c039-17b9-4898-9ca3-dad184a3753b,වඩකාඩු/8 කි.මි.කණුව,3641,3642
37125332-f8ca-4aeb-bce3-fdb2c05b56d9,වඩකාඩු /10 කි.මි. කණුව,3642,3643
05a08a15-7529-47ca-8662-fa40d86ca650,වඩකාඩු හමුදා කඳවුර,3643,3644
88088582-666f-4c57-a202-f6a7baccbbb4,ඔට්ටඅරට්ටකුලම් ඉන්ධන පිරවුම් හල,3644,3645
a907e951-616e-4030-888b-06c26b6f5ca3,මල්ලාවි හංදිය,3645,3646
4fa7ec75-46a9-427b-800a-f73f5c29ddab,කොකාපිල් පාර,3646,3647
99333215-e2b0-4656-b366-84046df996e6,තුනුක්කායි ප‍්‍රාදේශිය ලේකම් කාර්යාලය,3647,3648
6141d75a-8114-4e53-bbde-3bc436e7189d,කලුපාලම,3648,3649
58a2f6df-ed57-46f0-8fb7-467554edd109,නට්ටන්කන්ඩල් 1,3649,3650
0025364a-910d-4d57-b44e-d98654cf003b,33 බලසේනාව,3650,3651
a81055e2-93b0-4973-b791-0779d119daf5,කයිතඩි (මනිප්පායි පාර),3651,3652
47685a1b-2a78-48a4-b27f-dbe2f7b5c8e8,නාවට්කුලි (කේරතිව් පාර),3652,3653
fa724aa4-efb7-4936-b091-74fa89efc52b,සෙම්මනි හංදිය,3653,3654
e5777745-813f-40e4-98cb-e5fca37a4bd8,ආරියාලෙයි හංදිය,3654,3655
b79b0e0a-b70f-48b9-993b-6bc223ae9979,ආරියාලෙයි (පුන්ගන්කුලම් පාර),3655,3656
e37a67dc-ab48-498c-9b05-0d8c9915b98f,යාපනය කච්චේරිය,3656,3657
eb936cb1-b0c5-4a45-92a3-2161cc915e54,යාපනය,3657,3658
a0da3895-3280-498c-842b-794fde7cbc41,කිලිනොච්චි,3658,3659
68b1a299-5387-4d02-9ad2-9672d7e60869,මඩු,3659,3660
4d38b14d-cb48-4375-98eb-2cb321cb8ca9,කන්‍යා උණුවතුර ළිං හන්දිය,3660,3661
aee57f41-481c-45fb-868d-f08e7d41d642,ගලඋඩ බුදු පිළීමය (මිහිඳුපුර),3661,3662
fa01367a-bd16-40d6-907d-0351c353551e,වෙල්ගම්වෙභෙර,3662,3663
dcaa03e5-552a-4355-af13-9af0b43a4f5b,වෙල්වෙරිකුලම,3663,3664
ec17e5c1-1e46-4006-98a3-bcd98272a7f7,171 කි.මි. කණුව,3664,3665
4501ae9f-e7f5-4bbb-b575-60710055eaad,162 කි.මි. කණුව,3665,3666
f8e7a05e-49ce-4e86-8279-e904cdd066b7,පාන්මැද වච්චිය,3666,3667
b678a1b2-1b17-4e8e-8171-dfb757d3a412,වේප්පන්කුලම,3667,3668
99a2d2ac-0033-4f1c-915a-72adfa28c095,මොරවැව,3668,3669
fe278f3c-1231-4fe9-a637-0131d2638326,මධ්‍යම බෙභෙත් ශාලාව,3669,3670
7c6904e1-03f2-41a3-9aa1-5eb6526a2d19,කිවුලකඩ මුස්ලිම් පල්ලිය,3670,3671
c97b3951-3631-46eb-97d8-483525ba68ae,මොටගෝනෑව,3671,3672
62931e2a-8ebe-4332-8480-62979061c999,වැලිමුවපොතාන හංදිය,3672,3673
fa7457b4-273e-42db-832f-f2da21409fc4,පරගහ උල්පත,3673,3674
d013e062-f00a-4cde-b332-0aefc9eb86ae,35 කිමි කණුව,3674,3675
6a227b43-6fe3-461c-af3c-460a3510abb5,33 කි මි කණුව,3675,3676
27df0be3-56a3-40df-be1e-163b58837171,හිජ්රාපුර හංදිය,3676,3677
38a22037-177a-4535-b091-ccf30ec60134,රත්මල්ගහ වැව හංදිය (28 කිමි කණුව),3677,3678
e4d77539-ec1c-4fb7-8a7d-d66c58cc20d4,කිරිකෙටුව හංදිය,3678,3679
5c74031a-1fe5-4d4a-8143-8f069b85ccba,වයි හංදිය,3679,3680
646ed377-cbbb-4cdb-8b93-4ba3f80f5f2c,අයියත්තිගේ වැව විදුහල,3680,3681
aad3a099-6367-4bae-9e88-f0833ab6aa9b,කුංචුට්ටුව හංදිය,3681,3682
76999d8a-81c1-4a12-bfe7-cd4ae175343c,රළපනාව (සෞඛ්‍ය ගම්මානය),3682,3683
a36390fd-017f-4388-acf5-75f6d5dd87eb,ඕලුගස්වැව (ගල්වල පාර),3683,3684
b4b81197-16cb-4958-ab74-588f05ee70ef,දුටුවැව 3වන පොලිස් මුරපොල,3684,3685
26ead55f-8e62-4690-8fef-8d176d9f2da7,9 කණුව පොලිස් මුරපොල,3685,3686
d7ad92ac-1721-4f51-bf7a-b29d3ae508b0,දුටුවැව පොලීසිය,3686,3687
f7a71ccb-c100-477f-9d97-dab1cbc43e7b,කුඩා කච්චකොඩිය පාසල,3687,3688
57a2904c-69ea-44f1-acb2-cbb27168ceab,මඩුකන්ද පන්සල,3688,3689
01cac252-f50e-4600-9fb6-76c9de58899b,තැපැල්පෙට්ටි හංදිය,3689,3690
f514b414-1922-4cd7-a5e9-4be4f4a51364,ති‍්‍රකූණාමළය බස් නැවතුම්පොල,3690,3691
ae79e2cf-9088-4666-b974-b8955bfd280b,නට්ටකන්ඩල් 2,3691,3692
b1204ab7-3a2a-4b29-9bee-6a752217726a,නට්ටකන්ඩල් 3,3692,3693
40d6a2ff-0df8-4966-81b1-7b854fe16dbd,නට්ටකන්ඩල් ප‍්‍රාදේශිය රෝහල,3693,3694
e7002672-ce92-4838-8623-713b4385d5de,මාවතගම,3694,3695
56d6676c-f5e8-4e7f-ad2b-9a0311b7a780,හාල්දඩූවන,3695,3696
1e65f790-0f69-4db8-869f-be5ef2f45dcd,කිරිමැටියාන - පන්සල හන්දිය,3696,3697
17e1cdb9-b649-49a3-83a1-21bc7969e506,බෝතලේ ගම,3697,3698
f55f9d63-e3b6-43e6-9129-e75fb9b4111e,පහළ කොට්ටාරමුල්ල,3698,3699
9e471de2-1fdc-4f8f-80e2-951f166bea93,තුම්මෝදර හන්දිය,3699,3700
6116fc01-995b-4599-a189-0ff1ad3004bc,නාත්තන්ඩිය බස් නැවතුම්පල,3700,3701
13c431ae-ac30-4c59-aba6-eaa4136db1b9,ඉහළ තබ්බෝව (සීසිලියා වත්ත),3701,3702
5e09f211-de12-4000-8ebc-2e2860214404,දුන්කන්නාව,3702,3703
bdda1773-fc83-402b-8b08-9c4c59019e80,වැලිපැන්න ගහමුල,3703,3704
543502ea-8037-4394-b15e-f77aee2cb5d6,දුනකදෙණිය,3704,3705
ede5c326-9b0b-4f62-aabb-1926174ed01b,බිබිලාදෙණිය,3705,3706
3863e8d2-f419-4209-9a81-dcb04dee79bc,කරවුල්ල,3706,3707
b41f77be-aa9c-4f62-8e25-3733ddc3c1cc,උඩුබද්දාව,3707,3708
c6c922b1-ee86-4c43-86bd-58ed2f64122f,පල්ලවෙල,3708,3709
5cd5823f-cda9-4dcd-8a06-0512ae185394,කනදුල්ල,3709,3710
8678537c-0cda-429f-b80b-f865fe47098f,මීගහකොටුව,3710,3711
8d300332-bc30-40d9-8ffb-db4010b7ff4f,කුලියාපිටිය,3711,3712
2c3219ce-89a0-4ea1-bce8-7c1709e12204,මිනිපිටිය හංදිය,3712,3713
232b2fac-4be7-4673-bb1d-c89a2cb2a8ec,එළිවිල හංදිය,3713,3714
76680650-d7ea-4a5b-a505-e266057341e9,ගනන්ගැටේ පල්ලිය,3714,3715
354af082-b852-4cfd-a374-0b2de433fb3d,වෙල්පල්ල ම.වි,3715,3716
8f8703ec-9717-41a3-909d-95be9299b843,වගුරුවෙල හංදිය,3716,3717
61e61b96-cac3-40fe-9c18-d85c74223a97,ජයගම හංදිය,3717,3718
747dccd0-5efb-4237-9e37-1a1e301ec8b6,කඳානේගෙදර හංදිය,3718,3719
5d471e9c-5542-43b6-8bd3-73e9c078ec8c,කඹුරුගොඩ (කුඩාකර්මාන්ත මධ්‍යස්ථානය),3719,3720
971e1a8b-de17-48ac-a52b-24ea7f0ec80d,වලකුඹුරුමුල්ල (ශ‍්‍රී නන්දනාරාම පාර),3720,3721
9b53df5a-7364-4764-a102-d975d7d5babc,වෙරඳුගම,3721,3722
69d55fe2-36a7-4436-afd9-cad782e65c9b,දියකලමුල්ල පන්සල,3722,3723
9f4f51e2-58f5-4f56-8763-85ae0c517e91,දණ්ඩගමුව (උඩවෙල පාර),3723,3724
1ed6ea05-29f3-46e3-a18f-8fb48c39af4b,කර්මාන්තපුරය,3724,3725
87430ba6-1595-490e-a5c0-623d485d6b39,බුජ්ජම්පොල පන්සල් හංදිය,3725,3726
a070d6aa-0a72-4647-a478-7e9609f2be8c,මැල්ලව මධ්‍යම බෙභෙත් ශාලාව,3726,3727
08268fff-c19c-49ff-ac4e-e9714526aa81,ලිහිරියාගම පොළ හංදිය,3727,3728
910b93b6-9264-4ab3-aa1f-bd744796196d,භෙට්ටිරිප්පුව (හුන්දිරාපොළ පාර),3728,3729
bcd504b3-86be-4b91-880d-feb1350369df,ඉදිවින්නවත්ත ගොවිපල,3729,3730
3a926240-fb71-4e7e-a3f9-cddc9a589d01,එළිවිල,3730,3731
ef69c3fd-a86b-48f3-853d-3e984429a603,පැතිගොඩගෙදර හංදිය,3731,3732
d3b6e86a-8863-4820-8f79-3f6e0f7ea38a,කඹුරුගොඩ වඩුපාසල,3732,3733
108af5cc-069e-49e1-a7f4-527a64618de1,වලකුඹුරුමුල්ල (පහේ භාගේ හංදිය),3733,3734
78fe2eb5-020b-4ba0-bfaf-3890234a1fb7,නුගවෙල හන්දිය,3734,3735
7d6e55f5-6e9e-4e10-b2fe-7e69d08560ec,මීගහකොටුව හංදිය,3735,3736
f5088b9a-3e3b-413f-9a11-1b843d943351,කරගහගෙදර හංදිය,3736,3737
ccb21fff-f562-41f3-9b86-e76a4d4786c5,හිදියමුල්ල හංදිය,3737,3738
cc85d04a-277c-4cb5-acca-7e5aa0e13f95,කඹුරාපොල හංදිය,3738,3739
50894a74-a324-4518-a4f4-48f706373c29,දහනේගෙදර හංදිය,3739,3740
e591cd89-9c2a-4dc1-a566-7fe06993e754,මලගනේ හංදිය,3740,3741
648cad1a-ca44-4b3c-a176-d57b18b1bf5f,පඬුවස්නුවර,3741,3742
2020f994-ab83-4264-a897-d4b888f6ffdb,කරන්තිප්පල,3742,3743
9ac17f41-d8ef-4227-9a67-6e546379cb99,ඇපලදෙණිය,3743,3744
7da23c18-dcc1-40c9-bf07-9e251a5292bd,ගොමුගොමුව,3744,3745
62108a23-5fd0-44ff-8971-4ac070476957,කඹුරාපොල,3745,3746
43941017-b944-4a27-8295-9efbb664df94,මූණමල්දෙණිය,3746,3747
5c5d8041-47b3-4f0c-8a5b-70fc59a07752,මලගනේ,3747,3748
27015e29-190c-4414-87b3-d195b00ad3dd,කොටම්පිටිය,3748,3749
e6b03a6b-50ab-41c6-8f66-4fc337cc4461,නුගවෙල,3749,3750
6a197345-27f7-4b6b-af5b-965722ad0041,හල්මිල්ලකොටුව,3750,3751
fa8f2cdf-2a53-403f-b7fe-03886632b577,කට්ටපිටිය,3751,3752
b1c2863c-879b-42c0-8539-36222681d2b2,කොබෙයිගනේ,3752,3753
234ff833-5adf-4bb2-8489-d5955de448e7,පන්නව,3753,3754
2d58a118-9e74-4571-a746-021777f70614,වලස්වැව,3754,3755
6e30d78a-f753-42c3-9c4e-f4c5ce143677,වත්තේගෙදර,3755,3756
63cc08cd-4d20-4ab6-9d9b-6d0940b354a6,විතිකුලිය,3756,3757
7b58f3a8-eded-4ac8-9b1e-9ae57e3284d6,ඇලවක,3757,3758
cdcd8eac-3e5e-4fb0-becf-68464a6fb766,මිල්ලගොඩ,3758,3759
4fca078b-4311-4884-b5a2-df2c72c0659e,නිකවැරටිය,3759,3760
82a7ca9c-e2c5-4c60-83c0-d1ca0d46ba08,තුඹගොඩ හන්දිය,3760,3761
9bad9f37-162a-451c-b3b9-ddcd4f1fdebc,ඕලුගන්තොට රෝහල,3761,3762
728e3830-c330-440d-9f22-6f8501bde1ae,රත්මලවින්න හන්දිය,3762,3763
cd89103f-e37a-4073-b6df-d67d93cd5bbd,අලුත්නුවර දේවාල හන්දිය,3763,3764
bbba18bf-2f63-4b19-9088-b0e62b0ae675,ඉඹුල්පේ ගිල්ම සියඹලාගහ,3764,3765
044a5f52-4056-426a-832c-6edcc0ac04ab,සීලෝගම විද්‍යාලය,3765,3766
e899d347-7c13-41f4-bb34-3687155269fb,පඹහින්න හන්දිය,3766,3767
e2dca4d4-c526-4ff9-8602-b17259eafc3c,මුත්තෙට්ටුවේගම,3767,3768
4c82c3f3-07e0-4d9f-b795-8157048a9f12,මුත්තෙට්ටුවේගම ඔසු උයන,3768,3769
58fe145e-dbf2-4ed6-9b1f-342758cf84e6,සමනලවැව හන්දිය,3769,3770
05d69dde-ee78-45f7-8d87-211baceb8542,බ්ලැක්වූඩ්,3770,3771
b91098bc-5a06-4885-8ae6-97c4c0819a57,විහාරගල,3771,3772
627ba852-6ac5-4d76-81a6-85fe84625e2e,උඩ විහාරගල,3772,3773
c2072aef-8fe4-4322-8179-79af7e86904d,හපුතලේ,3773,3774
3b02942c-101e-436f-a74b-c98ba375507e,පන්කැටිය හන්දිය,3774,3775
41c00a62-2f79-479e-81b2-9f99316791a8,ඉඟිනියාගල වැව් බැම්ම,3775,3776
9baa057d-8b48-4709-8b11-111abe844696,ඉඟිනියාගල,3776,3777
0b33a203-b53d-4432-b66f-6e94323918e8,හාඩි කාර්මික විදුහල,3777,3778
d57ba3ac-4490-4a18-8ebf-562d50583d83,දික්යාය ජලසම්පාදන කාර්යාලය,3778,3779
90f1ba70-e512-48c1-9489-25b8daa1b85a,8 කණුව ගුණරතනාරාමය,3779,3780
c7e5288e-88c5-4b1f-9870-4df5e4c4698a,වැව හංදිය/10 කිමි කණුව,3780,3781
7adeca60-fc86-488c-83a3-38eb9b1465ed,5 කණුව/7 කිමි කණුව,3781,3782
527cdff7-565b-43b3-9cf0-4785638a560a,වෙභෙරගොඩ උ.තැ.කා,3782,3783
3a8c6f73-d4ce-42ef-9c70-5e038ff89092,2 කණුව/3 කිමි කණුව,3783,3784
e275d976-33a0-40fa-856f-c1bae9c6d168,1 කණුව/ 1 කිමි කණුව,3784,3785
b3ac0bb1-615e-4c7c-b24b-610ed93ed29f,බඩල්කුඹුර,3785,3786
389e15b3-adf3-4ced-895d-06970d1ee212,ලේමස්තොට මහ ගල,3786,3787
375d24a4-5b2e-4eb7-af5d-a9dea8049516,කිරිමැටිතැන්න,3787,3788
6cbebe24-4a8e-4960-a351-a9c0b9bf2885,දිගදුරේ (බලංගොඩ ප‍්‍රාදේශ්‍රීය සභාව),3788,3789
fc53c7eb-e311-4407-9abc-78da890257f1,විකිලිය පන්සල,3789,3790
c23f8269-9dab-437f-85db-985b4d499ce2,දේපෑලමුල්ල හන්දිය,3790,3791
80ce8b59-4a5d-4273-938e-b9c78a91c154,හුනුකොටුව (මහවල තැන්න පාර),3791,3792
2e204352-f11e-415c-b6ca-618ebf0a9e2a,සම්බෝධි විහාරය,3792,3793
cf11500e-b68e-409b-a9b4-1bb347cc291f,මොලමුරේ පාසල,3793,3794
d969fe37-1339-448d-9ca0-52fe30dce5af,මොලමූරේ පන්සල,3794,3795
d1ab8247-753d-4346-bbc4-443c636be1fa,කූරගල හන්දිය (ජෙලානි පාර),3795,3796
acc1cb43-9d8f-4dc2-8fff-4e5c45903846,දුවිලිතැන්න හන්දිය,3796,3797
7a3af9fa-64c2-4ad9-aba1-c00fccb97696,කල්තොට හන්දිය,3797,3798
f3f44aed-59ed-4f35-b70e-923ca079cb07,ඉලුක්පැලැස්ස පාසල,3798,3799
b9e30361-1d3d-4d2a-bbfb-81c8ba65a37f,මැදබැද්ද කොන්ගම හන්දිය,3799,3800
46c8782a-70dd-4bdf-9a5f-5fb55893eb77,වේලිඔය,3800,3801
917c4960-5c86-44c3-95df-e62771c5dd64,රන්දොල හංදිය,3801,3802
28c6246a-3454-4fb0-af0e-95695a259459,දහමාන (4 කණුව),3802,3803
76be1eaf-b8e9-4a9a-b206-a711aa023ccf,ගල්ගොඩ හංදිය,3803,3804
d48b64a7-8768-4c7b-973c-2a1b4ad0484f,සඳගනාව විජයරාමය,3804,3805
ab5528a9-561f-43d9-aaec-3cd4766d5cb2,කෝන්ගස්තැන්න හංදිය,3805,3806
19f55423-fbe9-4b78-b757-9fa18ef28a04,කැලෑගම පන්සල,3806,3807
eb4f5b8e-ed2a-4b08-bf22-90d0097d216b,වැලිගෙපොල,3807,3808
bf029ff8-7484-416f-a0f0-fd6ec235aa50,පෙත්තරකුඹුර,3808,3809
d4cbfe04-5f7f-43c9-9f74-e67054dfeac1,පොල්ලමුර (ඉන්ද්‍රසභ පිරිවෙන),3809,3810
086930ca-b692-4c80-a675-4afc22bd5175,කෙව්ලගල හංදිය,3810,3811
0f264eb4-9451-4ab1-a04b-77625253148e,ලෙන්දර ම.වි.,3811,3812
c0f4d372-574e-4f56-8aa9-e6ffb4e7685f,බැබිල හංදිය (හඳගිරිය උ.තැ.කා.),3812,3813
30c08cd6-2b73-4db4-9171-957586aee00e,හඳගිරිය ම.වි.,3813,3814
51dfd43b-841d-44fc-93ef-d60d82f35997,කපුගල (විදුලි බලාගාර හංදිය),3814,3815
9bf12d6f-695a-49df-93a1-a185252aee84,කටුපත්ඔය අමුණ,3815,3816
b83b5bc7-12d1-4d9f-b6b1-083ae08b7d4f,දියවින්න සමූපසේවා,3816,3817
8a12b6af-f1ac-49a5-b089-59f9d48832d3,අක්කර 50,3817,3818
0466e026-4e70-4e6b-8aa7-686b4898b91f,පුහුල්යාය (කෝන්ගහමංකඩ ම.වි),3818,3819
4b2f1cbf-77fd-47a6-a32d-d99699cdadde,17 කෑල්ල (වැලිපතයාය විදුහල),3819,3820
cfbdbcb1-beda-42b0-8cdd-6a602d5aa43f,විල්ආර (ශ‍්‍රි අභිනවාරාමය),3820,3821
fd128f56-cf5b-4472-bbd5-8c1f3675e477,6 කෑල්ල (වැලිපතයාය උ.තැ.කා),3821,3822
c5566082-1d3b-4f2e-850f-67699fd1fb73,ගාමිණී හෝල්,3822,3823
3a1c7b91-b88c-4627-a96c-23643c2cf7d2,පුරහල,3823,3824
9d8a195d-bd44-4fd9-b852-1f47fb3b12d6,තිඹිරිගස්යාය/ජාවත්ත පාර,3824,3825
a5b5d532-a82f-497c-bc57-c3f54d6425c3,දෙල්කඳ හන්දිය,3825,3826
13e0d3a5-2eac-4f80-84ee-1ab460ae95ee,නාවින්න හංදිය,3826,3827
eeff3ffa-4da7-4f93-bee9-2a5696e42313,භෙවෙල්වෙල වෙල්ලස්ස ම.ම.විද්‍යාලය,3827,3828
3a215680-087d-4c52-b11c-528d1c65e5c5,"""3 කණුව",3828,3829
bcbe77ae-adbf-4547-b2ba-870286f3c596,4 කණුව (හිඹිලියගොල්ල පාර),3829,3830
ef213dbb-4448-4df4-ad29-2467e22de6dd,5 කණුව / නිව්බර්ග්,3830,3831
d693ba8b-9787-455b-89c0-0bbd138b837c,6 කණුව (ගූස්ස පාර),3831,3832
dd022054-1915-434d-a6ea-ff039128652e,7 කණුව (හංදිය),3832,3833
96d19c77-481e-4fcc-ab38-e0d01511c8a4,බල්ලේකොටුව කඩමණ්ඩිය,3833,3834
3b65753f-f2de-4ab7-aaf1-b334549611be,9 කණුව (තෙල් ටැංකිය),3834,3835
08e19459-ab3f-4a1d-834c-ddd7ba1704bb,10 කණුව (දළුමඩුව),3835,3836
e6011b53-b997-4df4-bbbd-3089cd5d11f3,නමුණුකුල (තැපැල් කාර්යාලය),3836,3837
10756b06-0147-48f8-b0d5-2cb24df8e4f6,12 කණුව (ක්ලබ් හංදිය),3837,3838
8a1ec3be-5fce-41a2-af10-2857b63d6fc6,13 කණුව (කෝවිල),3838,3839
8de1b200-bc4c-49c8-8dc6-0e269facccc2,14 කණුව/19 කි.මි. කණුව,3839,3840
f85bf9fe-e479-4e8d-8950-6c9d76453c70,කොටුගහතැන්න කඩමණ්ඩිය,3840,3841
8c67c1c6-134e-4a46-9899-b2ebef57af64,16 කණුව /කණවැරැල්ල,3841,3842
bc7864e4-c728-4f83-8c18-f5dcc158b545,මාවුස්සාගොල්ල පන්සල,3842,3843
f454919f-92c0-46c2-a55b-c9384930ca1a,19 කණුව / ගෝනකැලේ,3843,3844
2d0f9fb9-9618-43cb-827d-d8ac0e174d0d,10 කණුව / නමුණුකුල හංදිය,3844,3845
12a12440-b18d-4806-92cc-82c6bf5750ca,"""2 කණුව",3845,3846
3b7f7cf1-9f99-4662-9de2-cd1f4e0dc7e6,4 සැතපුම් කණුව (මැදවෙල පාර),3846,3847
a63a497f-b2e8-4edd-ab8e-1631f3a542a8,5 සැතපුම් කණුව (කෝවිල),3847,3848
ce390405-3955-452f-a888-6a116722e133,6 සැතපුම් කණුව හංදිය,3848,3849
9c109bf5-fef7-44f3-92af-3e87e73a3aca,මහද්‍යෝව සිංහල ම.වි.,3849,3850
6bd5b91f-9a52-47cb-a9b3-3be668cdf818,9 කණුව (මහද්‍යෝව රෝහල),3850,3851
e075b72a-3fe7-4022-93db-b67ed86066bc,මඩොල්සීම,3851,3852
bcd2b9c3-abf2-4e9e-9eb0-63568eeb2237,සුමන බාලිකා,3852,3853
d0ba9971-a1b6-4e18-ac36-08ad07b5603d,වැලිකටුව හංදිය,3853,3854
5641f18d-11ff-479f-bed2-34aa67d8fded,කපුකොටුව හංදිය,3854,3855
920a8cf8-bf4f-4750-a6b6-69139f6f095d,වැල්ලගොල්ල ජල ව්‍යාපෘතිය,3855,3856
1f96dae8-4f1e-4af0-98a9-8e3f6f2abdf6,බෝල්ගොල්ල විහාරය,3856,3857
a1a16dbe-f70e-43a5-a35a-1a42c8c2ad7d,පුබ්බාර තැන් වත්ත හන්දිය,3857,3858
630e46bb-871c-4d83-b494-5c82a17e6da5,බුත්ගමුයාය උපාසක අරාව,3858,3859
f8c0b82e-0318-4a48-a6b5-de8abb40449c,දෙහිගහ අරාව සපත්ත පාලම,3859,3860
bd657939-83be-42d0-8350-6bb24f2a8933,බකිනිගහවෙල හන්දිය,3860,3861
dafecbd2-7661-457c-9d1c-a70ee44da69e,අලන්මුල්ල හංදිය නිල්වලගොඩ පන්සල පාර,3861,3862
361f577f-c264-4f62-9cf3-080a0bebbb15,ඩබල් පයිප්ප,3862,3863
d881c7ed-24ed-4cb5-9ca9-100a7afb8e91,වෙභෙරගොඩැල්ල පන්සල,3863,3864
280ae79f-2e4e-4171-a089-782ccf5fb567,වෙනිවැල් ආර,3864,3865
5f07b9c9-c5d2-45d8-bd4f-e19aa26a4bb0,හතරමං හංදිය,3865,3866
446d8ed4-9678-40ca-bad9-fae34cb009d7,නුගේ හංදිය 3 කිමි කණුව,3866,3867
5237a7fa-e10e-4278-ac6e-c06cb95d7f98,20 හංදිය,3867,3868
bc26d607-b3a6-4fec-986d-e32558dde9d0,තලාව හංදිය/දබරැල්ල පාර,3868,3869
b8b9a3f5-fdda-4644-aa98-7aabd0fc00c6,සෙවනගල,3869,3870
cf921c5e-49e7-4c42-b010-f4d4945216b2,මකුළුතොට දන්සල් ශාලාව,3870,3871
d6dd5dd8-679f-483f-a88d-706db292c10e,වලකඩ හංදිය,3871,3872
789e24df-9dae-46a5-ac3a-b1d788a25a62,මකුළුඇල්ල,3872,3873
94c21799-0f74-4abe-af33-62d209bb3a54,කෝප්පකන්ද,3873,3874
415a0dc7-d19d-4925-bf86-20c1c1e9d305,දාපනේ හංදිය,3874,3875
88953dd4-37ae-439e-a1ce-bbf7cba585f1,බටපොත්දෙනිය,3875,3876
4593a87d-87f9-4d85-ba43-11898a2234af,ගින්නලිය හංදිය,3876,3877
e268c898-603b-4120-ac48-9c96780edaaf,1 කි.මි. කණුව / ලි මෝල,3877,3878
5d34e6bf-2a2d-4728-bfef-df0fb17f3d8a,බැද්දෙවැව පන්සල,3878,3879
b4f7e33b-823e-4ab2-b658-19e084aa11c2,මදුනාගල හංදිය/ආරණ්‍ය පාර,3879,3880
eb178e91-74c8-4c61-9597-326b0bd2c9ef,8 කණුව/18 කිමි කණුව,3880,3881
2d99e8d6-c7b5-429d-bf3c-513af0b685db,මහආර පාලම,3881,3882
dbb711c4-186b-471e-90da-8c02986ca385,තලවිල ආරණ්‍ය පාර,3882,3883
8784fb71-4786-4381-b865-1c6d5314984d,මිණිකිරුළ පුරාණ විහාරය,3883,3884
03ee9923-babd-4190-8277-49f6698fd9e7,නව මයුරපුර ම.වි/ගල්වැව,3884,3885
ea4e68e4-364d-489b-b3df-bc49375624f6,අමරදේව වැව,3885,3886
54bed86e-a437-48f1-a9ec-89630386bd1d,ගොඩවිල් පොකුණ,3886,3887
a92b5fbc-7dcd-47b1-ad53-841831877081,මිරිජ්ජවිල/ගාලු පාර,3887,3888
ae5dac75-a861-4639-b269-33d7239fb93d,රයිගම්වත්ත හුණුකොටුව බෝධිය,3888,3889
f2263e52-5099-4774-a8e0-fe1512c5e7d8,අරකාවිල සව්ගස් හංදිය,3889,3890
88fefedd-c354-4027-96c3-cc2bb30f1d6d,අරුක්වත්ත,3890,3891
3c431a45-64a5-48ca-9eeb-70fb8c320dac,පින්දෙණිය පොලිසිය,3891,3892
2620a590-4f6f-44f0-b6d1-04fa62b777b7,සතොස කඩේ,3892,3893
ea149015-0418-4a3f-858c-e3055036f046,මලපලාව හංදිය,3893,3894
ecded697-32a0-47b5-ac2f-f2d9825c0ab5,කැටවල සමුපකාරය,3894,3895
7454172b-2363-4587-a40f-90f3f8bb86f1,කෑල්ල හංදිය,3895,3896
b3909a86-a65f-4658-8f96-e86e2443bc3a,අලව්මුල්ල හංදිය,3896,3897
f76f0200-e07d-4cb3-a904-fccd694355c7,ශ‍්‍රි බෝධිරුක්ඛාරාමය,3897,3898
26ad9fb4-d342-4371-8563-b1734a5a8b44,හිදිකිවුල,3898,3899
b73c33f8-4114-43ec-a7d0-fb4162a309e0,හෑපොළ හංදිය,3899,3900
6c4d59c7-ce94-4665-9698-6663b9b33e5b,ආදාඋල්පත,3900,3901
077b5778-1aec-4258-80db-47ed203e012a,4කි.මි.කණුව,3901,3902
897094e5-d7b5-4ca3-877a-a29ed6119744,ආඬ්අම්බලම,3902,3903
618dc987-c6d0-4de5-88c8-58282efee05b,රන්පොකුණුගම හංදිය,3903,3904
95b30f60-f0b8-41a9-abd5-937b9d6ef582,උණගහදෙනිය,3904,3905
65edd57b-d119-4a68-a8c4-a42b19a9fa7d,කොස්පැලෑන පාලම,3905,3906
5cc72346-3d0a-4cf1-a4d3-c95091e279ce,සූවාරපොළ,3906,3907
3042628c-8a9f-4613-bc61-e4eadfc3b2ab,මාවිත්තර හංදිය,3907,3908
13a9aaef-6824-4400-8ab1-9660ea88724a,කුඩමාදුව,3908,3909
33078e43-3796-4caf-a3f5-88d0e84cfb76,දිගන හංදිය (ධර්මපාල ක.වි.),3909,3910
13033837-32e3-4fb4-9152-0ae66d94259b,බුරුල්ලපිටිය(පල්ලිය),3910,3911
49cc746d-3155-4c77-afe6-9a319804b2f8,වැල්හේන හංදිය,3911,3912
f6d99d1f-3b38-4aff-aa4e-fee9808da849,වීදියවත්ත හංදිය,3912,3913
43412d05-9f70-4ad9-8023-8b8fcb0782ff,උඩුගම්පොල හංදිය,3913,3914
93265eb3-ee0a-46bd-b972-8624593586d2,බුලත්කඩේ හංදිය(අස්ගිරිය),3914,3915
ffa689d4-10b2-4303-97eb-2de88ac3dfe2,ගම්පහ,3915,3916
606cb03b-21f5-4435-8258-455d38a3a5f2,හෝලික්‍රොස්,3916,3917
4d14cbcb-e472-4965-bc23-cda93877d8fe,මිරිස්වත්ත හංදිය,3917,3918
1ad91fb7-5365-45a9-a8b5-2f7bd4fd5541,වැලිවේරිය (කඩවිදීය),3918,3919
f6ba7cbc-39b8-4fc2-bf82-12bb89c22946,ඇඹරළුව (ශ‍්‍රි සුදර්ශනාරාමය),3919,3920
c0e89713-c2ba-4e66-81e7-9355847487e8,නාරංවල හංදිය,3920,3921
031a0f53-9937-427b-aa99-9b177b11f033,දෙල්ගොඩ හංදිය,3921,3922
92d991c1-e985-4970-84b0-a4c68263112d,සියඹලාපේ (සම්බෝධි විහාරය),3922,3923
a0ff4cf9-5605-40db-8093-6c17e2d67def,බියගම(සියඹලාපේ හංදිය),3923,3924
f69683fb-f8f2-4367-a1d0-7a73806e9d2b,ඇන්කර් හංදිය,3924,3925
db2bfd75-9021-41a8-9c9f-9dd50c10df34,දෙල්ගස් හන්දිය,3925,3926
68351372-9b43-4a77-b9a4-b30e70474557,වඩු පාසල,3926,3927
f2004f9b-cb99-4b6e-adf8-b79aa9485605,අගලවත්ත බස් නැවතුම,3927,3928
1a62e84d-22f1-4e95-a8c3-d39bf83ea919,දූල් ඇල්ල (වරකාගොඩ පාර),3928,3929
bfccb93f-f7e3-440c-b20c-ee4344ba5917,පිඹුර රෝහල,3929,3930
f3d7c760-778a-4222-9ff6-f7342570a95f,පොලේගොඩ හංදිය,3930,3931
5d883ec1-aa2d-483e-913e-0a53f9dac577,දෙල්පවත්ත පාසල,3931,3932
1b479bff-fcd5-4bb3-9c1f-54e34babd5b7,සෞම්‍යගම හංදිය,3932,3933
38b582a1-f419-4b27-9fc7-b625696f258d,කලවැල්ලාව පාලම,3933,3934
6ee7339f-0745-438d-9321-7b55a5d66038,වෙල්ගම පන්සල,3934,3935
767596a8-440b-466c-9f81-159ca48257d5,බුලත්සිංහල,3935,3936
296efb2f-3007-4dfc-9761-819ac73ff58b,බුලත්සිංහල කණිෂ්ඨ විද්‍යාලය,3936,3937
db5d6d74-15d1-437f-964e-54db2e443592,ඈගල්ඔය,3937,3938
7134227b-b176-4922-a15e-a0cc84bba0aa,දෙනිකඩේ(කඩමණ්ඩිය),3938,3939
fc16f4c9-742a-4cd0-9cd4-4af156525be3,කොබවක පාසල,3939,3940
96eaad4e-cd3d-4781-9f69-261826828e42,කොබවක බෝධිය,3940,3941
e74f5637-53b0-4b5d-9cd3-0402b88c5bec,ගෝවින්න(තැපැල් කාර්යාලය),3941,3942
123190ff-e142-46f7-9f1c-d8b74055809a,නාරගල හංදිය,3942,3943
39704ef3-b264-4e68-b00a-563dc38e84d0,කඳන හංදිය,3943,3944
5bcc0306-ce5f-4209-8883-ddac8c9f8ef9,බැල්ලපිටිය හංදිය,3944,3945
46599d62-2934-4710-add8-8b77d2104613,ශ‍්‍රීපාලි විද්‍යාලය,3945,3946
4047931c-165c-4811-8e23-816d0812798e,පොතුවිල් ඩිපෝව,3946,3947
bad1a97b-811e-45c1-a723-65f0ccc75000,උල්ල (බුදුපිළිමය),3947,3948
a12cd995-4a3f-431a-a954-1b5ff485caf5,පසිරිච්චේන අල් ඉෂ්රාක් ම.වි,3948,3949
16618c48-3a38-4259-9a86-818a26b450d1,නාවල්ආරු (8 කි.මි. කණුව),3949,3950
b84a2e9c-8b9c-4eb0-8e78-8ece9871944d,සාස්තිරවේලි (බෝධිරාජ පිරිවෙන පාර),3950,3951
9079e507-9c02-4920-bc40-702525bec3b2,පානම,3951,3952
43f903cf-a1f5-4fef-aeee-ab636bd6b6e4,කුඹල්වෙල,3952,3953
6e1289b2-b273-4eab-9fa3-3fc643ea05cd,පැල්මඩුල්ල,3953,3954
6768c91e-4583-48be-8ddd-ab7dd9dde8d8,සුරියකන්ද,3954,3955
0bb2e12b-a240-4f79-939e-ef91159b03f1,112 කි.මි. කණුව,3955,3956
a5c34612-e6c0-4724-97e7-9550b988fded,පෝද්දන හංදිය,3956,3957
c5e17169-6641-4de3-a5b8-6a1897dd277c,ඉත්තෑකන්ද (සිංහරාජ මහා විහාරය),3957,3958
b5a286ef-9b90-44c3-8043-adc7d138d76d,ලංකාබේරිය (තේ කම්හල),3958,3959
937322d0-1e26-4476-a95e-3de3f4e0d088,නෑදොල (104 කි.මි. කණුව),3959,3960
e8c679d1-ba14-4a21-b123-1709407dcc69,නැදොලකන්ද විදුහල,3960,3961
be58812d-b7c0-45f3-8555-7a7b7ae5464e,කීනතැන්න (100 කි.මි. කණුව),3961,3962
42a43c2b-93d1-41cd-82f1-72650927bc90,බුත්කන්ද විද්‍යාලය,3962,3963
aed42883-e1e8-4b9e-aef6-b0d36524511f,බුත්කන්ද,3963,3964
47ea7642-bc48-43ff-8ab3-37219f8fd959,හේස්වත්ත (ජන උදාන ගම්මාන පාර),3964,3965
9a34cc6e-8395-4710-b2b7-dc918f09e7e8,හේස්වත්ත(තේ කම්හල),3965,3966
86b1af4e-d76e-432e-9207-70b3ae6ce897,හේස්වත්ත(කෑලිකන්ද පාර),3966,3967
2e771679-fbf3-4b8a-9d57-6ad36bfd6b9f,92 කි.මි.කණුව,3967,3968
5a15c785-3377-404e-90e8-f54ed200d552,පනිල්කන්ද (උල්ලිදූවාව ප‍්‍රාදේශිකය),3968,3969
21fcca57-2cdc-4f94-95fc-930ad224b0f5,පනිල්කන්ද හංදිය (තේ කම්හල ),3969,3970
8e8187c2-2e9f-4120-8018-eabdc86eea29,අනිත්කන්ද (පළාත් මායිම),3970,3971
7748ede9-3b46-42b7-9e0e-e5bffef97d00,අනිත්කන්ද වත්ත තේ කම්හල,3971,3972
a297db02-d2da-4374-a4ea-52151aa39e09,පව්වමරම් (යටුල්ල පාර කෝවිල),3972,3973
42881452-fc39-4e69-aeb9-c31486e8d950,හැන්ෆර්ඩ් බෝධිය (කොටපොල පාර),3973,3974
4e216ce6-6275-4afb-88e2-9950845d4969,දෙනියාය ශාන්ත මැතිව් විදුහල,3974,3975
0928de94-d949-4a0e-bf69-fad5a07b8796,ගලඋඩ,3975,3976
0c276102-72bc-4d27-a30c-811008f63f5c,වක්කුඹුර (මුස්ලිම් පල්ලිය),3976,3977
6e9ae13d-7184-405b-b2d4-a36bb83e47a1,බෙරාමඩ විද්‍යාලය,3977,3978
cbc26106-223f-48c8-9662-dfa5b948c6a2,වාසනාගම හංදිය,3978,3979
0aadfd11-fde5-4ecf-afd2-1ad22df40266,ගෝඩුන්න මහා විද්‍යාලය,3979,3980
ee6d18db-5d4e-4958-9420-b11cee998371,උණගොල්ල (මහජන පුස්තකාලය),3980,3981
62d43749-a2c9-4831-ae92-431e485a1f8c,දික්කුඹුර,3981,3982
e2997917-c04d-4732-9a87-9b61361ace87,මුඩගමුව පන්සල,3982,3983
b7c978ac-2c69-4b56-8ca4-c9e4777050da,මැදලපිටිය (වැවතැන්න පාර),3983,3984
39068682-8dd7-4c14-8c6c-b64ff1fb0f8f,පල්ලේවෙල/ 7 සැතපුම් කණුව,3984,3985
3620ee6f-02c4-4796-a13e-c0486786102a,කිවුලේගෙදර (පාසල් මාවත),3985,3986
adbe6d7a-2ddf-4415-9a0c-180e87ab2e92,කිරිවෙභෙර පන්සල,3986,3987
76911575-93f8-4819-9341-e068b84c13e0,24 කණුව (ඇකිරියවත්ත පාර),3987,3988
c4b31266-1a89-4739-9250-82a34f549890,කන්දකැටිය (කහගොල්ල ආරාව පාර),3988,3989
83f3fb5a-9709-4a2f-9468-a5004e234e30,තුවාරගල (2 කි.මි.කණුව),3989,3990
3b5945f6-9d23-440b-baa1-2be9e832c39a,කුඩාගල හංදිය (මුවපැටික්කෙවෙල පාර),3990,3991
64079a5d-17ab-485c-80ec-e282376b9535,සූරියපොකුණ ම.වි.,3991,3992
dff44655-b7a6-4d72-879c-e22b52b9441d,අතරගල්ලෑව පන්සල,3992,3993
d91c2a42-9c44-4dd6-b9aa-8b893eb7284b,16 කිමි කණුව වී මෝල,3993,3994
14bba033-2f7c-4a23-ac9b-26ef85ccdfdb,ඇලහැර,3994,3995
73bedcdb-6d38-4c52-aeac-0ab8a3dd2376,22 කිමි කණුව,3995,3996
c832f911-628b-48f5-9d3e-0752879e670e,ඇලහැර වේල්ල පාර,3996,3997
9872c3ad-dd8b-4e6c-b9dd-0e3ccd31c188,දෙවරාදපොල ප‍්‍රාථමික විද්‍යාලය,3997,3998
fc7373e9-ef6f-428c-82e3-79657c16fffb,අඹන හංදිය (ප‍්‍රජාශාලාව),3998,3999
4196a40b-e3a2-4360-91b5-be81abbb37bb,අඹන කඩමණ්ඩිය (කබරව පාර),3999,4000
8707fbff-7ed5-4ee2-a53c-48fc8625df9a,කෝන්ගහවෙල හංදිය,4000,4001
4f329bd7-bbfc-4eef-829b-4bd2196206bf,මැදපිහිල්ල (12 කිමි කණුව),4001,4002
104c05c0-008f-44b2-b91e-c8fa420d54ac,කඩවත කඩමණ්ඩිය,4002,4003
5560f1a8-fe07-4130-9056-856557929cc6,තලාගොඩ හංදිය,4003,4004
d11de484-3e97-4c0d-8b3d-38805207165f,කොටබෝව,4004,4005
d8e70bcc-2325-4121-bbfd-a4bca29e892c,ගංගොඩගම හන්දිය (උමංගල පන්සල පාර),4005,4006
a2f96bd0-f30c-4ef6-ab3a-6b128c620fe0,මාතර/හම්බන්තොට දිස්.මායිම,4006,4007
fe7ce1be-a064-4759-a11c-43562685abfd,නිහිළුව හංදිය/ නිහිළුව ම.වි,4007,4008
59559a6a-34e3-4147-9ad0-c6b7c7f1fd0e,ශ‍්‍රි සුදර්ශනාරාමය/වටරක්ගොඩ,4008,4009
a5010634-19fa-4372-ae60-b8e391477eab,බෙලිඅත්ත බස් නැවතුම,4009,4010
ac32c1ef-a16a-4b8d-b8cf-2379e97e6b9f,නලගම හන්දිය/ජල සම්පාදන පාර,4010,4011
34b8c867-eb92-4ad7-a34f-e502e8aa64b4,4 වන ගාස්තු අවස්ථාව,4011,4012
ee8a9b26-9d11-4939-8376-87217b3dda0f,3වන ගාස්තු අවස්ථාව,4012,4013
07f17e67-21b9-40ff-b352-7f5917fdc554,2 වන ගාස්තු අවස්ථාව,4013,4014
bdda6a5c-4720-413e-931b-cb7f5ecb31b3,හම්බන්තොට(වනජීවී කාර්යාලය),4014,4015
3bd27966-753e-4103-a50e-a89f8b68085a,ගබඩා හංදිය(කෝසලාරාමය),4015,4016
beea08ed-851e-4769-96dd-48dd93dc4e43,උඩමලල(අන්දරේ සොහොන),4016,4017
2303b2cd-39ed-42c6-b43b-c7198ddba134,උඩමලල(248/1පාලම),4017,4018
8b374a2a-ee8d-4737-856c-164bad80c921,පල්ලේමලල(බඳගිරිය පාර),4018,4019
91a96894-909c-4a91-82ce-94658a4f5694,බුන්දල හංදිය(කිරින්ද පාර),4019,4020
82bc6f81-7261-4620-9f1c-efcb20a88282,වැලිගැත්ත(විහාරමහාදේවී පාර),4020,4021
00a92d62-d1e7-4b79-9a7c-ee1b82cd7e71,යකඩ පාලම හංදිය,4021,4022
699d108f-ef67-414c-9a27-0179d19854d1,මඩුවෙගෙදර හංදිය,4022,4023
503b4b44-4283-4811-8395-e48dd03b349d,ඇපලවත්ත අම්බලම,4023,4024
c0122d23-00f2-4258-bcc8-aa79fabdac66,සපුගස්තැන්න (කරස්නාගල පාර),4024,4025
757f0bbe-84b7-4c19-ac07-9a5915380398,දංඩුන්නාව(නිකහැටිකන්ද පාර),4025,4026
73fe3c34-2f10-4897-a954-8c5a98cb285b,ගල්බැම්ම (නඩුවත්ත පාර),4026,4027
f352d293-53b3-40f0-a4f6-7d808db8a7bd,ගෝණගල්දෙනිය,4027,4028
29b9e2c7-393c-46be-884c-b4ad6868e840,දළුවලාන ශ‍්‍රී නන්දනාරාමය,4028,4029
d95bef94-4305-4bc4-b85f-52d0bb8484bb,5 කණුව (පෙමිසිසිගම),4029,4030
18bc95b7-2111-4d7d-8278-1c4ba10781fd,වහකුල ගේට්ුව,4030,4031
3c7a0136-1a1b-43ed-b3b7-7837e1d18974,කොට්ටන්ගහමුල(බටුවිට පාර),4031,4032
edaca5a0-0b9b-4d0a-887e-e5eb310d0fcb,මුල්ගම (බෝධිය),4032,4033
8a985515-8b74-4cd2-9e68-cae5212892f2,1 කණුව (සෝමරත්න වැඩිහිටි නිවස),4033,4034
c0aa80b2-90cc-48c2-991f-ab4c84fec2ab,පීල්ල,4034,4035
2089dde7-a3fc-4aaf-ac75-4981d915e768,පිටවල්ගමුව ක.වි,4035,4036
455bbbf3-68db-4209-8f0d-2d99ea123938,ගොඩවෙල හංදිය,4036,4037
92c7bb96-d343-4120-9c33-ed9cc2e672f3,ශාරිපුත්තාරාමය,4037,4038
1301e013-e37e-4d41-a0ba-ea4ded329667,නරවල්පිට ම.ම.වි,4038,4039
112c46d2-2f9a-4fff-a41e-1d830d5d93e4,බේරුවේවෙල කන්ද මුදුන,4039,4040
72549a36-0675-487e-a994-56f8223b032a,කුඹුගොඩආර රතනාරාමය,4040,4041
50facd5e-9488-41c6-8a86-3c772d066fe4,ඇඹිලිපිටිය නව නගර ආර්ථික පාර,4041,4042
4591c6a4-a266-401b-af5c-2b9af4de8963,ගනේතැන්න උපරතන විද්‍යාලය,4042,4043
f3418947-ab17-411f-a813-3978d3fa4dd1,ඊරියතොට හන්දිය,4043,4044
7b5ee762-1b6e-497b-a1f7-47a501c34a3f,ඇල්ලවෙල වැව් සොරොව්ව,4044,4045
9890e902-6660-4090-8f28-4ba9f13ca17b,4 සැතපුම් කණුව/ජයතිලක ගම,4045,4046
5f862a3a-3859-4aa5-b514-e7e292ead730,බටුපැලේ හංදිය,4046,4047
984482a1-4a2d-4d2d-a9fc-47046441680b,මීඇල්ල (විද්‍යාරාජ පිරිවෙන),4047,4048
cde0b5d1-5a9d-4226-9024-0cbf5bb40a1b,කුණුමුල්දෙනිය(පුරාණ විහාරය),4048,4049
dd3eb620-3e79-4d36-835b-f31037a986d0,දළුවක්ගොඩ ධර්මායතනය,4049,4050
15690337-63b0-407c-8344-8faa088b30f3,වැලිඅමුණ පාලම,4050,4051
5db4e2cf-9827-4926-8e7e-7bd1451ef52b,හොරේවෙල මහා විද්‍යාලය,4051,4052
4b1bce26-7840-4aed-98eb-2cb8b1e6a019,රදනිආර (සුධර්මාරාමය),4052,4053
705f434e-271f-46a2-991f-2682993e1aa0,පිටකන්ද (වික‍්‍රමසූරිය මාවත),4053,4054
6372e1aa-ee52-4621-9d80-ac9f69eb2af3,කිරිමැටිය(පොල),4054,4055
ccd6075a-455d-4618-8c12-f8f68e6d5894,කටුවන හංදිය (ඌරුබොක්ක පාර),4055,4056
a98ef830-695a-47cb-b889-b8161fe0e484,දඹගස්ආර හංදිය,4056,4057
b6951717-ad76-4dfc-b74d-3a73770ae8dd,හට්පහ හන්දිය,4057,4058
ce496b87-cfdd-4de7-a036-ad86ca6e3629,නුගේ හංදිය,4058,4059
ec586442-8b90-4ccb-b30a-384ddac625fc,සර්කිට් හංදිය,4059,4060
2f993499-e63f-49db-a423-27ad10f29269,සමදරාව,4060,4061
cc1dcd9a-5c92-426e-ad31-80f6614c3c5e,කවිවිගල්ආර,4061,4062
f36ba632-6499-4c04-81bc-887d1e96c94c,කාරියවඩිත්ත,4062,4063
fc66cfa5-7e86-4056-99c2-b03869b47149,පලික්කුඩාව (බේ හෝටලය),4063,4064
f75f8b5e-0917-4f11-be19-2a76aec6bc60,තලාපිටිය හංදිය,4064,4065
a4bc2fc2-3323-4629-ac9f-621d7a417b30,නාගහවත්ත පෙදෙස,4065,4066
1a3ac77b-89ca-4f6f-8fa9-49b0a7dc3731,කරමැටිය පොල,4066,4067
0127bbd5-bded-42b4-a37d-7d9ec1a42bad,බඩගහදෙනිය,4067,4068
ee819a74-8cb0-4904-9166-abf30b096a1b,සමඟිපුර හමුදා කඳවුර,4068,4069
8b8ddee2-c2bc-463a-9744-2a3ec24eea2d,වාරිමාර්ග හංදිය,4069,4070
08a392c9-4476-4a07-b062-25e32dff29b2,පුංචි වැව,4070,4071
8ce243cf-bd3a-49e0-b75a-82b3faed2d17,වැලිආර,4071,4072
39f355f4-c65c-4138-a1cf-db7b14aa264c,අඟුණකොලපැලැස්ස,4072,4073
ce5ea620-b786-4d20-b7b1-78f287f72d6c,කළවැල්ගල කණිෂ්ඨ විද්‍යාලය,4073,4074
3f815cda-20b8-43af-a3be-089422b2f2ae,15 කණුව(ගල්කොටුකන්ද),4074,4075
aec08329-bbba-41b0-9ee4-eab8185049d8,කිවුල,4075,4076
701b7894-e52b-46a3-8e8a-9acbac66ad8b,කහකුරුල්ලන්පැලැස්ස,4076,4077
bd9c8fc0-c2a2-44e1-ad9f-6bf0c17f61c4,බලහරුව හංදිය,4077,4078
0af3f086-938d-4b19-b14b-8b38ef09c254,අරඹේකෙම,4078,4079
412c6059-7f9c-4743-8d9c-8f8270349036,මයිලවල,4079,4080
568cbd41-e697-46e9-b265-d2ababe080e9,හම්බෙගමුව,4080,4081
fb709955-bf49-4bc3-8da3-57491d0733a7,දළුත්ගල (28 කි.මි. කණුව),4081,4082
6a090f75-a763-4927-b730-4c8d25fb778f,කූකූල්කටුව හංදිය,4082,4083
1dccd5e0-bbf3-48b9-936d-4207d9a5d9d7,අලුත්වැව බෝගස,4083,4084
1831dd3e-a951-4499-a5c6-6c62e11d93cd,මිල්ලගල (34 කි.මි. කණුව),4084,4085
c682146c-d005-4528-86fa-e9bca8cc0051,දහයියාගල,4085,4086
b88ade02-2044-4e1b-b08b-8973867074a9,බෝගස්වැව ආරාමය,4086,4087
c1d4ba9a-2539-4bcf-a3b5-bb15240d84c6,කොටවෙභෙරමංකඩ පාසල,4087,4088
b67aabe0-8855-47ed-884c-ffc10965715c,මෝඩඇල රුහුණු බස් සමාගම,4088,4089
0d526bc9-f1d6-4b56-9560-fcb66a1d84a3,මකුළුව හංදිය,4089,4090
86d9e14c-f4b4-4b82-8704-d019a5f9be8b,වලහන්දූව හංදිය,4090,4091
fad0d666-c935-4360-9ff9-1658f701c421,ගල්වැටවත්ත හංදිය,4091,4092
fa0b1e2f-4341-46d1-9acc-db16600948fd,පින්නදූව/අක්මීමන ප‍්‍රා.ස,4092,4093
4e90984c-ea0a-4db2-8a16-dca1c4a0b5f6,කුරුඳුවත්ත හංදිය/කරාපිටිය පාර,4093,4094
f89baea4-41bd-4268-b63e-f00dac9ce22a,ගොනාමුල්ල හංදිය/කැටැන්දොල පාර,4094,4095
a664b84b-ec28-4b39-ad84-41610542a76b,තල්ගම්පොල හංදිය/අටහවුල පාර,4095,4096
5e49812f-1170-43a1-8bac-a4b4cb49db57,කොට්ටව හංදිය,4096,4097
8904d0b8-b316-41fc-ad1a-d757302261dd,මාකුඹුර හංදිය/යක්කලමුල්ල පාර,4097,4098
48f2f7fd-0047-41dd-9318-f10856320046,තෙල්ලඹුර 17 හංදිය,4098,4099
d366a08f-15af-4a81-b12e-f1d84a13ebdc,අකුලහේන හංදිය,4099,4100
e95843c8-508b-4b67-88f8-030a7f24d207,නාකියාදෙණිය/දිද්දොල පාර,4100,4101
466509ce-890e-4670-8ab4-a2292b6b2cef,තලංගහවත්ත පාර,4101,4102
711e589b-a1b3-4b2e-8973-79131e5d7aa9,අළුත්වත්ත කඩමණ්ඩිය,4102,4103
4d30ca42-ab3a-4d92-b8c2-86b33f27fc8f,සුදුවැලිපොත/ඉහලගම පාර,4103,4104
1fdc91fd-ac82-4119-a73b-fb18b11bafd1,උඩුගම දිසා රෝහල,4104,4105
99adb326-2c34-4a58-a6d4-e6f611709423,තලාගස් හන්දිය,4105,4106
008bdce9-4d8e-4d6e-8a04-f07f3a6a6fbd,ආරච්චිකන්ද රෝහල,4106,4107
d18b10d7-47d1-40c2-84e9-1c9a19d270a9,ගෝනපීනුවල (ඇල්පිටිය පාර),4107,4108
d400f5ca-930f-4310-8d5b-beaaff1a0635,වවුලුගල (තැපැල් කාර්යාලය),4108,4109
f1d272ec-511b-4187-ac16-9bd72ad5295b,හල්පාතොට හංදිය,4109,4110
55401e30-b2e6-4841-bcd0-834a13ebc185,බද්දේගම බස්නැවතුම්පල,4110,4111
d1c04c99-436a-46be-a854-6b8914dcba41,සන්දරවල,4111,4112
c0dcdb60-d693-4a79-944f-fe2e9b99a5cb,ගඟබඩ තේ කම්හල,4112,4113
975027a4-38d8-4f5b-852b-1784850434c4,ඇල්ලකන්ද හංදිය,4113,4114
48bd335d-b6a8-451a-98d5-e4aaff77e128,ඉඳුරුපත්විල හංදිය,4114,4115
be7a285d-c9e5-45bf-ad9d-abd1774d951f,ලේල්වල (උපතැපැල් කාර්යාලය),4115,4116
c2348130-e277-4cf1-b318-522954ebc9c6,වඳුරඹ බස්නැවතුම්පල,4116,4117
2214cade-f875-41dc-b32c-239f3fa99ef2,රියෝවත්ත හංදිය,4117,4118
8e3aee19-687d-4515-a00c-b0b1ee2f1261,තැඹිලිගස්වත්ත (විල්ගමු රජමහාවිහාරය),4118,4119
dad43277-859c-4fb9-b340-dd7385a4c6d0,නැවුන්ගල ක.වි,4119,4120
bf6b712f-4418-427d-9419-d12fee05d4ca,යක්කලමුල්ල බස්නැවතුම්පල,4120,4121
6580e206-edc4-44f4-906a-15ebbe6342d7,වේරගොඩ ගොවිජනසේවා කාර්යාලය,4121,4122
4ca8ad0b-96b4-4e06-8c7c-9e9e9b8cd25f,මීටියාගොඩ හංදිය,4122,4123
b602844e-cba3-46e0-9423-24227d8cae32,නින්දාන (බොරළුවතොට පාර),4123,4124
f93ce8da-650a-44c9-9fc7-b005fa2cbc51,බටපොල,4124,4125
0e1d2901-17d7-4a64-b1b9-9ca910444a4a,කහටපිටිය කණිෂ්ඨ විද්‍යාලය,4125,4126
7c20eade-0e23-4963-92e3-27b81f6e0ecd,මානම්පිට (පියදර්ශනාරාම පන්සල පාර),4126,4127
c4e5dde1-f6cd-4a8a-88ef-a4fcf1dcfa8a,අම්පේගම හංදිය,4127,4128
06d171df-e507-44cb-8ddb-f8c0d861d75e,වෑනියවෙල අම්බලම හංදිය,4128,4129
f3a627a9-e3b8-4dc2-acec-ec2267976d9e,දූනවත්ත (කිරිබතාවිල ක.වි),4129,4130
8d7a3af9-317d-4831-97b3-6a3df125ab36,බද්දේගම,4130,4131
adefae48-3457-4cf0-aafd-54165ac9435b,වෑත්තෑව (සමාධි අසපුව පාර),4131,4132
3d07a30a-afd7-4fd4-b8a5-27fd109b185d,අගලවත්ත බස්නැවතුම,4132,4133
b74d427c-dcac-41da-9dd8-74165049e341,බෙල්ලන හංදිය,4133,4134
312cbe59-053e-4302-8e13-36eadee5fb97,කිතුල්ගොඩ (බයිලකන්ද හංදිය),4134,4135
502aa1b0-6639-41fd-b28d-1531a7385b5e,වැදිකන්ද හංදිය,4135,4136
1c5fa728-68b0-43c9-9e21-909952fb9c8c,දියපත්තුගම හංදිය (තව්තිසා විහාරය),4136,4137
250c6a58-481a-4b0e-8cc9-a3e3178713ab,පොල්ගම්පල හංදිය,4137,4138
c1a89223-9b26-4eef-b428-6e622a9092c3,මීගහතැන්න හංදිය,4138,4139
212ad02e-7d48-48f5-acef-ac7a283aa21c,කුම්බදූව හංදිය,4139,4140
85bdf22d-8aaa-4571-89b6-89da4c0ab2dc,ගොරකදූව හංදිය,4140,4141
4db55fda-fd91-430a-acb2-355fd5426852,නැදුන්වත්ත,4141,4142
6533a576-feef-41e5-8a76-22d0dd06c912,පියරත්න විදුහල,4142,4143
36289916-d6f1-4e58-8ed4-8f1fe666a926,පිටිගල (සණස),4143,4144
ed4f0462-599c-4dbb-bd08-35a0d5e129d9,ගෝමටේ,4144,4145
5d789b06-528d-4510-9f25-9c8dd4ba7ac7,දෙද්දූව,4145,4146
4be8d769-08c7-432e-956d-15bb755a3b14,හබුරුගල,4146,4147
04a46cca-2b6c-4fbb-8cb2-da48b735a24a,කහහේන්තොට,4147,4148
68b4e2ff-84a0-4ffd-8a69-b37541a26085,බටුකනත්ත,4148,4149
3c7d7f72-df27-459d-b4fd-4a1efc352b01,ඌරගහ,4149,4150
0c7332fb-3ca6-4253-88a6-8687383a5254,බෝධිරාජාරාමය,4150,4151
ad1de519-c70d-494f-8fc7-eb9c1fbe65f1,යටගල,4151,4152
0ebe10ff-7e5b-4cce-928f-881c28048292,හිපන්කන්ද,4152,4153
f937ff1d-e9de-48ba-8050-94046814a43b,අටකොහොට,4153,4154
08ea92c9-934a-418a-aab3-08a050570d53,නවදගල,4154,4155
934f1ff1-936b-4750-a1c3-f1a69bbe0b2c,බටුවන්හේන,4155,4156
45cf0d8d-5452-4ed5-a71e-6e271d6becc2,පැලවින්න,4156,4157
32267692-fd95-4550-935c-06d496a4102e,දම්මුල්ල,4157,4158
fcd25103-0786-4800-ba91-a6b364fd0d67,එතනගොඩ පාලම,4158,4159
0e6462cf-6c9e-4028-a82f-de54fe746e2b,සේනකඩේ,4159,4160
672e51ec-0007-49df-84f3-0bb0d27b30a2,කරඳන,4160,4161
e99ea02d-b25e-403f-b574-434da6015553,දෙහිගස්මුල්ල,4161,4162
97ffcc72-b45e-4c96-8391-39cae3dab3bd,ඉද්දගොඩ හංදිය,4162,4163
c1daa49d-53db-407d-ada2-2f90c5e835e9,රත්නගල ෆැක්ටරිය,4163,4164
07c7f2cf-4208-4170-9e9b-c3ef599e4725,කැන්දකඩුව හංදිය,4164,4165
62638137-bdd5-49e4-9549-e889dce947c2,නෑබඩ,4165,4166
9cbb3611-1275-4a4e-82e0-ababaf788c8c,උඩෝවිට හංදිය,4166,4167
7fb9c662-27a2-448e-8693-4bb9ebc1d66b,වරකාගොඩ හංදිය,4167,4168
70a6295f-076d-45ad-9f7c-79c8273709a3,ටෙම්පෝ හංදිය,4168,4169
26432fbe-3d33-4265-bf36-6c37770c7d78,කරන්නාගොඩ තොටුපල,4169,4170
509b3f23-706f-43ea-a8dc-d98652588dd2,නාර්තුපාන පාලම,4170,4171
f4e75dd4-5ed8-40bb-bfce-665a06117d07,අඟුරුවාතොට පොලීසිය හංදිය,4171,4172
8be8e5b1-7f92-4f30-ba79-f08cf559705e,මදුරාවල ප‍්‍රාදේශ්‍රීය ලේකම් කාර්යාලය,4172,4173
80838594-b715-44c7-8e0b-e84b01305c78,පොල්ගස්ඕවිට,4173,4174
729a050b-f5a8-45e2-a7de-4397aa46c663,කහතුඩුව හංදිය,4174,4175
625d4fa8-fc5d-434e-86dc-c42954291606,හයිඩ‍්‍රාමනී,4175,4176
bfdc5980-950a-4d4b-ae32-0e764de64459,කෝරලේඉම වංගුව,4176,4177
980bcc3e-c664-45b7-b131-f56c7c905e45,ගෝනපොල,4177,4178
0a021817-e123-43a8-a10a-e9c369bfc007,කුඹුක පාලම,4178,4179
8d845e8e-f096-4eed-ba6b-11e004476135,පහල ගලතුර,4179,4180
c21d36e6-906d-41a1-b473-4462e8bbaf7c,ගලතුර,4180,4181
7d844ab2-dc7d-4aee-8187-6287a33ef67f,මැද ගලතුර 3 කණුව,4181,4182
d195c3a9-18f8-4d82-88ea-1377b39b568e,සිංහලගොඩ,4182,4183
75a2f2ab-cf2d-4b8b-8673-fb1eddee7738,ඇල්ලහේන,4183,4184
3c786e7b-b37e-40de-ab5e-a0aece5b8815,ඉන්දොලවත්ත විතානගම විද්‍යාලය,4184,4185
c38a394e-f94b-437d-a8a6-b952f52f7ed2,අයගම බස්නැවතුම්පල,4185,4186
a8289bb0-4ba5-4260-9a1b-90471f079ef0,1 කණුව (ඇරූපෝරුව පන්සල),4186,4187
2044cba8-87c6-4621-9c5e-e070500d1eaf,උඩුගල කඩමණ්ඩිය,4187,4188
c33753d1-7404-4751-a50e-0dc5b297c143,පරගල පන්සල පාර,4188,4189
58a9548e-194b-4575-ad66-fbefbd3be720,පිඹුර පාලම,4189,4190
ee880dda-2665-4bc9-9dd7-40826c8a9a3e,නිකගොඩ 7 කණුව,4190,4191
7a07dd19-0c90-4781-908e-77939607975c,නිකගොඩ පන්සල,4191,4192
9e64501c-8783-4bc2-89de-c87f9661bcbc,බටමණ්ඩිය,4192,4193
de1bacf3-d97e-4875-b566-c9382647333e,නිකගොඩ හංදිය,4193,4194
b0ae0067-ad05-4cec-b3fa-6c03a362d581,ගල්කැටිය (සුදුවැලිපොත වත්ත),4194,4195
f2f7e388-9d81-4d51-b166-c041c21a6e6a,තපස්සරකන්ද,4195,4196
eb8db193-39c2-49f9-aab8-5822d922187d,කලවාන බස්නැවතුම්පල,4196,4197
c51fa869-7163-4396-981b-e0d84228d470,බෙල්ලන හංදිය පැලවත්ත පාර,4197,4198
398b6949-d22d-4654-a2ec-7611ba4ebf08,බෙල්ලන ධර්මපාල පිරිවෙණ,4198,4199
c88523ba-6e8b-4f57-92d9-43430b64ae9a,මාවතවත්ත හංදිය,4199,4200
d06caf4a-c852-47b3-b5b6-bab117a37907,ලත්පඳුර හංදිය,4200,4201
5f4a5232-53fe-410e-9a48-5f30882fbd2f,බදුරලිය,4201,4202
387d456b-6fef-4627-af0b-68b354287219,හැඩිගල්ල පාර පාලම,4202,4203
9e6c62e8-393e-4dd3-96b8-92fd736de23a,සීලදොල හංදිය (බටහේන පාර),4203,4204
f1c72b45-1fd2-49e0-8d95-533d81383fc1,මොරපිටිය හංදිය වීදියබණ්ඩාර විදුහල,4204,4205
8415fe9c-a464-42a9-b25d-aa4dbea5658c,අත්වැල්තොට හංදිය,4205,4206
9524033f-8a3f-4525-9838-4aacc2456d50,අහස් බෝක්කුව,4206,4207
73d53a8c-f6b4-47e4-97d6-a060e60a1f63,සමන් දේවාලය,4207,4208
08d0d075-b66d-41f6-a31d-6bea1856acce,කොඩිප්පිලි කන්ද,4208,4209
99d63a81-392c-4281-b88b-6d8159a42b77,නවගලකන්ද පාර,4209,4210
7a86014b-415f-487b-b162-b635a2060f48,කුකුලේගඟ පාර,4210,4211
409bdbe6-04b1-411b-90e8-f8b6f04a2646,කුකුලේගම මීපාගම පාර,4211,4212
e3f2ca82-cb1c-4d30-b00f-7b4980493132,නිකගොඩ හංදිය/අයගම පාර,4212,4213
1f525804-ed7f-41a1-a4a3-6328312c51f0,පුටුපාහින්න (පරණ 1 කණුව),4213,4214
072bcf4e-5844-4469-be4d-066e5d0a421a,මොරහැල පන්සල හන්දිය,4214,4215
b4abb13e-aa21-47a7-8546-998494d939a2,පාගල් ඕවිට (ඉඹුල්පේ ප‍්‍රාදේශ්‍රීය සභාව),4215,4216
3e32849a-ac9e-4e1f-9f05-f619bd4dde2a,කෙසෙල්කොටුව හන්දිය,4216,4217
9bb2331e-0c69-46de-819a-aa7e9cf175e8,උඩගම කනිෂ්ඨ විද්‍යාලය,4217,4218
b8a37812-cc22-4bf4-91ae-9060cf84ea88,පින්නවල,4218,4219
5fdf3c65-468a-4ba9-a4a4-f3186ed18283,14 කිමි කණුව,4219,4220
670301c8-c5d5-4dc4-b92f-4c8af5140e00,පුදුකාඩුව හංදිය,4220,4221
eb499f58-087b-42c9-826f-25b255d121d7,පීටර් කඩේ,4221,4222
e952a157-b140-4760-8b1d-ecc517a3de8b,ගලගෙයාමඩ (විදුලිබලාගාර පාර),4222,4223
9f3c4c91-afaf-41a8-9543-a05b86f5d827,වනසංරක්ෂණ කාර්යාලය,4223,4224
f66c776b-908d-4279-8896-926453c1c3ea,කැලේ බෝඩ්,4224,4225
8a220e8b-1c63-440d-bc64-48e7e4f51f9a,29 කිමි කණුව,4225,4226
f721ffce-f8a4-4d7b-8218-8b0602f9ef32,පෙදරාසිය පොලිස් මුරපොල,4226,4227
8f48d0cc-02f6-4f2a-a84e-bd6716b84eb9,ගලබඩ හංදිය,4227,4228
47b9d649-6e78-47eb-9a34-0ababc6b52d4,15 කිමි කණුව,4228,4229
1dd8474e-e9a4-4ec6-8e0e-ebc9f59b09cb,බගවන්තලාව කඩවීදිය,4229,4230
e4823884-d7c6-41d6-b14d-8c239d3ca78c,හැටන් බස්නැවතුම්පල,4230,4231
1ed77027-eae0-49d8-92c2-708dbc54aff6,සියඹලේ හංදිය,4231,4232
b274c9ea-5018-490c-bb7a-aff058e9b0f1,කච්චිගල්ආර හංදිය,4232,4233
9cf9555b-0471-4fd2-8607-0f4cbabbbd5c,ජිනදාස වීරසිංහ මාවත,4233,4234
0d9dca0d-2385-4b6e-8388-e1cb50344549,තාලිගල,4234,4235
fa934d4a-a32a-449e-89d9-4f8251b4005d,වීරියගම ගාල්ලේ කඩේ,4235,4236
4a1c959c-3d9b-4a32-bd4b-9535020f54a6,බෝධිරාජපුර හංදිය,4236,4237
aadaf6b4-681e-4dde-8e48-16a214d62f5f,රන්වැලිගම පොළ,4237,4238
df727ca4-9b49-4049-af94-4805eea9a285,කිරිඉබ්බන්වැව හංදිය,4238,4239
1f853a2f-df96-4fca-97f0-301e3085464a,නිහිළුව ජනසළු ආයතනය,4239,4240
b924a088-5fc9-4113-b9e3-f9f7f1bcd270,නිහිළුව හංදිය,4240,4241
8a58ec6d-2765-4a0e-a532-b8202b12ebf2,වහරක්ගොඩ ශ‍්‍රී සුදර්ශනාරාමය,4241,4242
c2233208-4e18-4e51-9493-337e4559c334,නාකලගමුව(මුස්ලිම් පල්ලිය),4242,4243
a85bb5e5-7dd1-44ac-9cd4-df8cd00013b5,මතව(රෝහල පාර),4243,4244
5411e301-ee4f-4e80-9135-c0458ef50b9e,කටුපිටිය(7 කිමි කණුව),4244,4245
22778e42-eadf-489b-9274-05b75b280a92,ගම්බල(සිරිසඟබෝ ම.වි),4245,4246
9daa2fe5-a69c-4f07-a1b7-5e6e6ccc65d6,ගම්බල(10 කණුව),4246,4247
619464ec-6bda-43e8-9778-1fb085c6f31e,කොටවැල්ල ක.වි,4247,4248
c5588a14-242a-4c21-ac29-f09acd0d3374,වැලිගමුව ක.වි,4248,4249
8cd859f7-1147-4241-a0cd-445108907e3f,තල්දෑව(වෘ.පු.ම),4249,4250
e49acc83-921e-4649-91eb-4484a8f676ee,රඹුක්කන,4250,4251
6d17377c-700c-4d68-bd82-d06602f33c0a,හඳුගල(සරණපාල මාවත),4251,4252
a10a15a2-05e8-4669-a30e-c258fef22957,සේරුවාගල(3 කිමි කණුව),4252,4253
26652a7c-7fb7-4932-8bc4-ff1418186ac9,දොඹේමඩ ක.වි,4253,4254
b37476c0-5dc8-4fa5-817c-65f7a6b16da0,කුඩාගම(පොල්ගහවෙල පාර),4254,4255
7394af93-1619-49a5-8464-43789e25cdc0,උඩදෙනිය (වලගම්බා ම.වි),4255,4256
16245a8f-acfb-4f10-aa6c-2a8898570094,දැලිවල මහා විද්‍යාලය,4256,4257
6e684546-6a38-4d89-8100-ceb792d5ed7a,වහව(වල්ග පාර),4257,4258
ccfb36c8-a9fa-404e-bd8c-db454ccd61ef,භෙවන්තැන්නේගම දකුණ,4258,4259
b01f2403-f514-46bc-9c1e-9eccde3322f6,පුම්බෝගම හංදිය,4259,4260
f0685f76-5f08-4927-a362-2a363381593f,කටුකැලියාව,4260,4261
b6e864f1-452b-4c50-85ff-2597d7036b43,උදුරාව හල්මිල්ලෑව,4261,4262
9a204903-8ff7-46f4-a5dc-d1cb6a07780c,ඹේවටවන හංදිය,4262,4263
7f7b67d0-c96a-4128-b4dd-501bfcbc901c,කඩදෙනවැව (18 කිමි කණුව),4263,4264
c2917785-41ef-4336-9bac-42b67cd2782e,ගල්කිරියාගම,4264,4265
a194e004-a2e8-4f93-8360-a755df4e6d1a,ඉනාමළුව හංදිය,4265,4266
2f741d61-4402-44ba-b9a7-1fbef40f24ad,රොටවැව,4266,4267
ea116f81-4b99-4a52-9d64-c9be71b98cee,රංගිරිගම හංදිය,4267,4268
d0474927-4a3b-41b8-a9ee-d0ffcaf745c9,කිඹිස්ස ගුවන්හමුදා හංදිය,4268,4269
ee04ab6f-77f7-43da-8acd-1223fa816ab4,සීගිරිය,4269,4270
0fab7ed9-5918-45d8-8673-1c2ab11e95e0,නාමිණිඔය (ඛෙත්තාරාම විහාරය),4270,4271
70c7108c-824c-4c1b-8052-c1e5ab0dd4ad,දේවගිරි හංදිය,4271,4272
0fbea891-bc83-4154-8bc9-1bb806033c77,ගුරුවෙලයාය හං÷ිුය,4272,4273
080923fa-6fbe-4bf1-9a75-ceb5bfa4bc14,බෝගහවැව බෝධිරුක්ඛාරාමය,4273,4274
8309a66e-ccc0-48de-a784-56ad6ad4dbbe,බෝගහවැව ට‍්‍රාන්ස්ෆෝමරය,4274,4275
fb6cd63f-b4a3-4336-a59e-6a2a6d5a55c1,මාරක ශ‍්‍රී සුදර්ශනාරාමය,4275,4276
bdb64647-2051-46c2-b75a-861962e6e631,අක්කර කාල,4276,4277
9765ce6b-1ae3-4552-a38e-8e2aed0b6efc,කුඹුක්කන්ද විදුහල,4277,4278
ddf6a00a-dd95-48f9-974f-1eeb988101ed,මැදකින්ද (සර්වෝදය බැංකුව පාර),4278,4279
428f26ac-0fcc-439b-9217-5590034614d1,හදුන්ගමුව,4279,4280
affdba10-e8aa-4b6f-a206-fb6738d43915,ගැට්ටුවාන හංදිය,4280,4281
837486da-a49d-4386-b0d7-45b0590515de,මල්ලවපිටිය හංදිය,4281,4282
9b1187ae-2d21-4dce-a9ad-d00397f3640c,උයන්දන,4282,4283
40d0ae78-b1b3-44e0-b82a-39dd587b2af7,මීගොල්ල හංදිය,4283,4284
3c9b8248-4f5a-4d14-b8cc-334b8d139140,බරන්දන,4284,4285
256c44d2-223e-4695-b41e-d763ac888459,මීගස්තැන්න විහාරය,4285,4286
e25d7164-6cd6-4767-9e2f-59941160f9e2,කවිසිගමුව හංදිය,4286,4287
288be193-c08f-4c32-99e3-ec450a966a6e,වරකාවැහැර,4287,4288
71bbcb1a-ec6e-42b5-a576-884484958f12,රිදීගම,4288,4289
4c3935ae-18fd-4443-a7c2-774c19c9983c,තටුපිලගොල්ල,4289,4290
b9b0e55a-0428-469a-973d-3c675950a8f1,රම්බඩගල්ල විදුහල,4290,4291
84c18cbf-9f48-4d21-bb8b-4da9967bc102,පානගමුව,4291,4292
d97e31e4-602f-4a9e-a22f-97464396d318,ඕගොඩපොල පාසල,4292,4293
19fb50f5-6703-4fa9-acdd-08b0933baf5c,ඉලුක්පිටිය හංදිය,4293,4294
0559206a-532c-429e-905b-62a0547e0f0c,මිලියද්ද පන්සල,4294,4295
1017adb8-fbc7-43f5-833e-2722313763e8,කැප්පෙටිගල,4295,4296
08051de1-30ce-4455-8401-cfd9403cf676,කොටගෙදර වංගුව,4296,4297
cce86519-4c8f-4632-981a-99e107fe1e13,කට්ටප්පුව වංගුව,4297,4298
0a643756-acd6-4078-a9e0-0d2de3892fb4,මාරවිල පන්සල,4298,4299
0d973da7-81b9-4564-a22e-5fcfd586688f,කරගහපිටිය හංදිය,4299,4300
6a009714-e5b7-48c8-9919-ea65ab036bba,අංකුඹුර,4300,4301
685473ab-b3ee-4f93-8ac4-0469c0d578fe,බෝගහගෙදර හංදිය,4301,4302
0b399db1-dad4-4171-910f-cefcd1c6baa2,මිරිස්සල,4302,4303
3d24455a-de60-4c9c-876d-4987f1afd658,පිටකන්ද ස්ටෝරුව,4303,4304
8ef7f6f0-b334-4cd7-a40f-a7101a22ea0e,වටරැක හන්දිය,4304,4305
f13f3a5f-88d3-494f-9f31-807329a256df,මුවකන්ද (කැටවල පාර),4305,4306
b75989e4-e63d-4c53-9a8f-5adc12c1fa57,දුනුකවත්ත පාසල,4306,4307
b0c5bcfe-fd1a-49a8-aae3-45cacaedec48,කන්දෙහේන කඩමණ්ඩිය,4307,4308
78b9ab1b-3a4f-442a-bb3a-7e6a9b20ce37,පරපේ,4308,4309
15a728e9-a402-4d5f-9294-a1265da3d8f3,වලල්ගොඩ මහා විද්‍යාලය,4309,4310
8f6be7aa-1be6-438c-a0d1-3fc0b1fc4185,පරපේ හංදිය,4310,4311
870bc71c-6a75-4489-81aa-b8de9c197ddd,රඹුක්කන බස්නැවතුම්පල,4311,4312
c4a2d3f5-5bcd-4dda-b211-77217a8bdfe0,ලග්ගල,4312,4313
3a20fab7-339b-42cd-bce7-df74abee40e1,හීරටිය හංදිය,4313,4314
34219e7c-7a48-4893-a294-b9a164801c25,සියඹලාව හංදිය මින්නේරිය දේවාලය,4314,4315
6989be79-104a-47e5-be4d-24d7cd05f892,කරඳගොල්ල,4315,4316
8c90f1d2-1de6-406f-9259-52680d0241b2,12 කණුව මහසෙන් මහ විදුහල,4316,4317
1f4bde57-3294-4856-a4ad-de8c2c98c255,මොරගහකන්ද ඇතුල්වීම,4317,4318
03c0a60d-39f5-436a-a83b-d8592ca95c53,මොරගහකන්ද නැරඹුම් ස්ථානය,4318,4319
3976c674-f419-464e-acd8-9541d9c89ee9,මොරගහකන්ද ෂිනෝහිඩ්‍රෝ කෑම්ප්1-2,4319,4320
4ce209a5-95ba-4ea5-b2c9-b26e8b0b2135,මොරගහකන්ද නිළ නිවාස,4320,4321
c25311a1-c259-4ed4-b8f4-e644f92e315d,මැදපිහිල්ල රාජ්‍ය දැව සංස්ථාව,4321,4322
5ea7dcc7-0d8a-4d5e-a09d-d1f572b8a65d,මොරගහකන්ද නවපාර ජෛව විවිධත්ව ව්‍යාපෘතිය,4322,4323
fe15be9c-5681-4701-9bd9-1f0aaf66c901,මොරගහකන්ද නවපාර මාසඅ කාර්යාලය,4323,4324
93d4cf76-1146-4015-96ae-7183b050411a,බකමුණ බස්නැවතුම්පල,4324,4325
778fda58-9c2e-4095-b859-d39d99589595,කොට්ටපිටිය (µමෙත‍්‍රී ක‍්‍රීඩාංගන පාර),4325,4326
42a6bebd-ca9d-4f04-b8cd-293e9bddffed,සෝමියල් හංදිය,4326,4327
2b8ba71b-903a-4d8f-9146-d4848b67b800,යාය 25 (තිලක් බණ්ඩාර ක‍්‍රීඩාංගණය),4327,4328
a6385e23-ae86-419d-8e7c-8d3485ffcb8c,අත්තනකඩවල ම.වි,4328,4329
5dd6bbbf-1a5c-498c-9a87-19f39a3f51ae,කෝඳුරාව රතු පාලම,4329,4330
d9edde96-b3be-4f5a-a42c-ae11eda9812e,බිසෝකොටුව,4330,4331
40e3bffa-e364-4715-9237-11d59a1d1f2d,දියබෙදුම,4331,4332
1d993d04-4532-4081-ab37-7014d5070e0a,5 කණුව නාමල්වැව විද්‍යාලය,4332,4333
8c46772f-6df4-45d3-92ac-4887a78852ca,පැරකුම්ගම රණවිරු ගම්මානය,4333,4334
74ef91b0-8c50-4636-9483-1f60de6d1b65,34 කිමි කණුව,4334,4335
e7407c29-7cba-4bd6-ba25-5227fe49858c,36 කිමි කණුව,4335,4336
aff7e528-66cf-4b18-a44a-af6f75857bbe,1 කණුව පන්සල,4336,4337
72a411ff-bd5c-47ac-9c68-ce35a67e81a3,මල්ලවපිටිය/කැප්පිටිගල පාර,4337,4338
55e742b7-e976-4239-965c-2d8b964a3cae,පීලිකඩ/තැම්පාන ජලාශ පාර,4338,4339
3bed12d1-7358-4237-9e4a-2b503368f6c0,පිලැස්ස උසාවිය,4339,4340
ccc6796a-8fd3-4504-a48c-eb2b320aa300,6කණුව(අහස්යානාපිටිය හංදිය),4340,4341
d4b44204-2448-49de-ab75-705be6a48bab,මාවතගම බස්නැවතුම්පල,4341,4342
cf3f9edf-f75b-411d-b655-3c544a3c42c1,9කණුව/හතරලියද්ද පාර,4342,4343
f14c275d-68ef-46fc-a910-8e2d491a9cd3,වෑඋඩ/මල්ලිගොඩ හංදිය,4343,4344
f46e2c41-1135-41b4-8d1e-7962f37fc6a7,මැටිබොක්ක(පේශකර්ම මධ්‍යස්ථානය,4344,4345
912cafed-517d-4268-91cd-7bf01eb70070,අක්කරවත්ත/පෙන්ගුයින් ගාමන්ට්,4345,4346
97cc5762-1058-4740-af0c-852ce220f49f,ගලගෙදර පොලීසිය,4346,4347
c12a60af-3d64-44e5-bee8-0a705c7a675a,කන්දෙකුඹුර අම්බලම,4347,4348
21085a3f-e3a0-4c66-93c1-74603d052042,හෑදෙනිය/පල්ලෙකොටුව පාර,4348,4349
27386c9c-425d-401d-a493-1ef47bd2afcc,අලදෙනිය/මුරුතලාව පාර,4349,4350
5c271a62-5993-4ae6-9ced-c8aa88ae0fd6,නුගවෙල මහාවිද්‍යාලය,4350,4351
8fbb407b-c863-4415-a349-fe2bdc6daec8,4කණුව/කුළුගම්මන පාර,4351,4352
8fe90e4b-742f-48d2-8d0c-4160300fe76b,යටිවාවල (වෘත්තීය පු.ම),4352,4353
d064fd33-1c94-44f0-8547-498aa45aa2c7,තල්දූව හංදිය,4353,4354
c9487018-611e-4e57-a3a4-7e4bcfb4a50d,සමරුගම ආදර්ශ ගම්මානය,4354,4355
1f951fd6-903a-4c30-a669-246a2f35498f,නාපාවල,4355,4356
669ce410-88de-418c-b1fc-760f1283efe9,කපුවැල්ලවත්ත හංදිය,4356,4357
cf0693c6-1f3a-48bb-b92f-2acb06fd2df5,පහළ දයිගල පොදු සුසාන භූමිය,4357,4358
366c78a1-b0a7-4f3b-872a-a5009046d6e6,ඉහල දයිගල අළුත් පාලම,4358,4359
2a2c4f8c-0215-4134-b41b-9fbdad17d371,හාවාඑළිය/රෝහල් හංදිය,4359,4360
46ebace1-7c03-4a77-b42f-05cdac15d979,කෝට්ලොජ්(පිදුරුතලාගල පාර),4360,4361
89d57b03-da78-471f-8fde-4d342b852e54,කඳපොල කූරවත්ත පාර,4361,4362
c13dc9c2-6347-4848-8255-d315f0f85fa9,ශාන්ත ජෝන් (12 කි.මි. කණුව),4362,4363
88d5a7df-e09e-4411-a0d0-b5c2f4abe504,ශාන්ත ජෝන්වත්ත පාර,4363,4364
98ccac0c-15f2-487c-a44c-d6579309d6ad,රත්නායක පතන(විදුහල පාර),4364,4365
7e1f90c9-5c9d-42db-ad7d-849e7e387392,දියනිල්ල තැ.කා,4365,4366
ee280007-98b0-430a-8666-750b594366ab,දියනිල්ල ආයුර්වේද බෙ.ශාලාව,4366,4367
980212ce-6e49-46e9-a37a-607f86a1f455,හරස්බැද්ද සිංහල ම.වි,4367,4368
d181e331-720e-400e-8a50-2c743f47c3a5,මහඌව දෙවන කොටස(පාලම),4368,4369
d65c195f-cd82-43e0-b43d-b51af539fdc3,මහඌව වත්ත,4369,4370
8c165920-0a32-4f59-afbb-c86f260cd9c8,මිල්ලපිටිය (39 සැතපුම් කණුව),4370,4371
e0c1dcb8-44f4-4467-9549-79b6aadcdc0f,තැන්නේ කුඔුර,4371,4372
2ccb7920-31f5-42aa-87af-39faca3e22d0,බු වැලිකඩ,4372,4373
3e193abc-8953-4896-997c-30072bb630d6,හතාගොඩ පන්සල,4373,4374
07694f47-a3ad-4049-9aee-755b8433fd6a,පනාපිටිය,4374,4375
a5e6caeb-cbc9-49c9-bfeb-baf3edb85cd3,වාගොල්ල,4375,4376
18f94e0b-3947-44c5-8791-c836c6fb3318,යක්ඇල්ල,4376,4377
f922300d-2ab6-4381-9dca-a91e243124fb,බුලත්කොහුපිටිය,4377,4378
cc7378f4-b81c-41e8-87a0-8c12b0c6deb7,වෙභෙරගොඩැල්ල ම.ම.වි,4378,4379
b46b056b-da61-49b3-a277-16f1c373d6b1,වෙනිවැල්ආර (පුංචි බෝගස),4379,4380
854b1857-5570-4f2e-abf9-a888bf365c2c,නුගේ හංදිය (විහාරගල පුරාන විහාරය),4380,4381
777bc165-12d4-47bf-bd81-55bf28adc187,සුරියවැව බස්නැවතුම,4381,4382
64dba92d-d834-4e04-8441-bfc1fac7a3c6,මදුනාගල හංදිය,4382,4383
988a1cae-680f-4542-9bec-fdd90ed5986e,අන්දරවැව හංදිය,4383,4384
268e5737-43b9-4fca-80b2-f85af7ef212d,බුතරංකන්ද (15 කි.මි.කණුව),4384,4385
ee23993a-14de-47cd-941c-076625a27ba3,බොල්හිද (11 කි.මි. කණුව),4385,4386
b277b4e3-52fa-4a76-b46e-715b4d1791d6,ගල්වැව නව මයුර විදුහල,4386,4387
44edef31-603b-4bf7-8df5-e0b69192edc9,බැල්ලගස්වැව හංදිය (අමරදේව වැව),4387,4388
3874db44-a232-4c1b-b3f3-58f82a832345,හොඬවැල්පොකුණ හංදිය,4388,4389
e3091d35-60a7-4e7a-b537-29b12893703f,කෝනාමලෙයි (අල් සෆා මුස්ලිම් විද්‍යාලය),4389,4390
c3e9994f-e46f-4498-8eae-65f217b1d26a,අරෆාත් නගර් මුස්ලිම් පල්ලිය,4390,4391
71efffea-4726-4af3-8885-485d8ba0fb86,තෙන්නමරවාඩිය,4391,4392
c0ecf8d7-f959-444e-9b05-07b2105282f2,සම්පත්නුවර මහාවිද්‍යාලය,4392,4393
19912b60-cb00-4602-90ba-45c524068390,කල්‍යාණිපුර හංදිය,4393,4394
6d2bce23-c222-45e3-922d-d0620007261e,ඇහැටුගස්වැව සම්බෝධි විහාරය,4394,4395
d2728a65-9aee-458b-a662-7209745d61fd,කිරිබ්බන්වැව පන්සල,4395,4396
eb30937f-61c9-42cd-b60f-dde2fb4de172,නෙළුම්වැව හමුදා කඳවුර,4396,4397
a544a03e-0ba1-42a3-bf78-1824c6de2ca2,ජානකපුර පාසල,4397,4398
ff9b7ac5-be50-426c-a0e5-1d0de7c1aeba,ජානකපුර හමුදා කඳවුර,4398,4399
170e1deb-6f15-453c-9c90-112e99b2daa1,පුංචිවැලිඔය පාසල,4399,4400
c868fed4-43c1-4579-865e-3524d740eaf9,ජානකපුර තිලකාරාමය,4400,4401
5cfd28a0-4882-417d-aa5c-9a6db7abad03,කොහොඹගස් හංදිය ගෑමුණු බලකාය,4401,4402
19f6f083-348e-4971-a870-e11b92e5a5fb,593 බලසේනා මූලස්ථානය,4402,4403
a224d46e-7b6f-4142-87d4-6732dbb650f8,ගුරුකන්ද පුරාණ රජමහ විහාරය(නයාරු),4403,4404
c366de9b-8bd6-4136-b40a-b9e1001537c9,නයාරු කලපුව (නාවික හ ක),4404,4405
931ddc45-69cf-4f2e-bb9b-0b444dedbb5f,සෙම්මලෙයි රෝහල,4405,4406
282ea6bc-f591-4b2f-a460-e3175288d5b3,ආලම්පිල් හමුදා කඳවුර,4406,4407
8770a561-2ad5-41ab-a025-5129675e0581,59 සේනාංක මූලස්ථානය,4407,4408
cee611a8-11e2-41bc-81f5-ec26d8f7517e,සිලාවත්ත 5 කිමි කණුව,4408,4409
89f7366b-1f5d-4e5c-b6ec-2c7d7e68500f,සිලාවත්ත හංදිය,4409,4410
81df4797-dbaf-4d88-bc6a-6b972e630e56,1කිමි කණුව,4410,4411
d84e9d08-b75f-4e1b-9577-4085b339c105,සෙල්වනගර් සංචාරක බංගලාව,4411,4412
69052356-c6fb-48cb-a905-53d4af183e10,වෙල්ලමුල්ලිවයික්කාල්,4412,4413
34c5566a-c810-4a1a-8e43-b3341e17d376,මුල්ලිවයික්කාල් නැගෙනහිර GTM පාසල,4413,4414
0d1b3e1d-cdd2-427c-a0d9-f4555e9fa9fb,මුල්ලිවයික්කාල් බටහිර කනිෂ්ඨ පාසල,4414,4415
9c2b7802-2c3b-4b4f-a16f-03de936556b9,ඉරට්ටවයික්කාල් පිල්ලෙයාර් කෝවිල,4415,4416
e9f17ac3-5c3b-464c-bb8d-db5a61a4316a,පුලියන්කුලම් කුලක්කඩ්ඩු,4416,4417
7365e6c8-cf00-4f65-93df-476dedb5c896,මන්දුවිල් හන්දිය,4417,4418
75b06d14-a65a-4754-a1ee-ec74bbe1f5d3,පුදුකුඩුඉරිප්පු හන්දිය,4418,4419
6a785f82-c725-4ccb-bba2-78145fa586cf,කයිවේලි ගනේෂා විද්‍යාලය,4419,4420
7c4b3600-596c-48ee-ac1e-e9afefbc2282,කයිවේලි හන්දිය,4420,4421
e1dcc162-08fb-45b9-9612-b8f8031e33fd,වල්ලිපුරම් නන්දනම්පිකායි පිල්ලෙයාර් කෝවි,4421,4422
bdd3bc9f-ab65-4443-9e69-531520cb555a,ඉනිය වාල්වු ඉල්ලම්-සුහන්දිපුරම්,4422,4423
5d871a4e-9bc9-4234-9100-92a61d62d5f6,උදයාර්කට්ටු විද්‍යාලය,4423,4424
4377afb0-0302-4588-b00b-7cb7d6eea9c3,තේරවිල් ග‍්‍රාමීය රෝහල,4424,4425
edab47b1-290c-41ec-a245-ea5a0b12ab5d,තේරවිල් වල්ලුවාර්පුර මාවත,4425,4426
dbb3468f-c42f-4056-a82f-3725eb63eace,කුමාරසාමි GTM පාසල,4426,4427
da5d7ad8-4eb1-4435-bf14-e84dab7f1ffa,විශ්වමඩු හන්දිය,4427,4428
b5bd4bb6-e498-4216-8714-9610b94235ec,ගුවන් හමුදා විද්‍යාපීඨය,4428,4429
298f7429-7e77-448e-8993-b925561930ab,නාච්චිකුඩා හංදිය,4429,4430
7de8f3df-d41f-40f1-acb9-07c413eccae7,කින්නියා බස් නැවතුම්පොල,4430,4431
7559dffd-471a-43d6-aece-086f4df4ce58,උප්පුආරු පාලම,4431,4432
515fa023-8bd9-4847-ae3d-1cd2d4a3800c,අල් හිදායා විද්‍යාලය,4432,4433
7e5504d7-26a8-4c99-bdc2-7976c367374d,ගංගෙයි පාලම,4433,4434
fd17d74d-d00f-459f-a19c-52cde6de12cf,ඉරාල්කුලි පාලම,4434,4435
dad5300e-bcf6-4d79-b698-c01416479fa8,අරාබි විද්‍යාල පාර,4435,4436
fb3229d2-ebe1-47ea-9264-8634f17f7374,64 කනුව (පල්ලිය),4436,4437
a8ac95af-9acc-4e99-9971-be46984686b7,ජින්නා නගර්,4437,4438
3375b56d-7eae-44c5-a0a9-6a7ee2a34aef,නීලපොල හන්දිය,4438,4439
d8976d8b-15ef-41ef-a8a0-9f733303be5e,කිලිවෙඩ්ඩි පාලම,4439,4440
40b7defd-0dea-4f76-95a0-ba6fe82b9820,සණ්පහවල්ලි විද්‍යාලය-තංගනගර්,4440,4441
039a164a-e5c0-4305-9c97-5ccdde9bd040,සේරුවිල පන්සල් හන්දිය,4441,4442
3078e3e2-f288-4231-8368-c57e3c3c0851,පූනගර් කෝවිල පාර,4442,4443
1d845308-4dca-4430-8e53-3316dc0bf6cc,ඊච්චලම්පත්තු හන්දිය,4443,4444
40fb9858-9fa5-45d9-a4ec-87e22bd10353,76 කි.මී. කණුව,4444,4445
7a83e5d2-0b23-4395-92b7-9f6ca083ee4a,කදිරවේලි සංචාරක උද්‍යානය,4445,4446
b55f647b-40e9-44ef-a6f2-949568f01aa5,කුච්චකර්ණි හන්දිය,4446,4447
68399741-c115-49ca-ba8f-d43f6ede25ac,පාල්චේනෙයි දෙමළ විද්‍යාලය,4447,4448
dbcc08cb-ef19-4882-9f33-c4eb9779aabe,වම්මිවට්ටවාන් විද්‍යාලය,4448,4449
1c74d820-ce1e-4fb6-ad2c-c2985c38934f,හැළඹ වැව පාලම,4449,4450
ef880fb6-e4ea-4ee8-83b2-bf2e66eb9b65,හැළඹ වැව විහාරය,4450,4451
fc9083fd-0370-4675-86c7-4e491210b03d,යාය 11 (සුමිත් කඩේ),4451,4452
9c423ee8-ce2e-4105-8e82-3465fb287bc5,සිංහපුර පන්සල් හන්දිය,4452,4453
006f5f7e-19ea-4c09-b29e-6d005226551f,සිංහපුර අපේ කඩේ,4453,4454
c33327e0-5197-4274-8dfb-53d24b79f7f7,තෙන්නමරන් හන්දිය,4454,4455
d1808ab2-0c4a-41e6-ae89-e28a6e1b2582,නාවික කඳවුර සපත්තු පාලම,4455,4456
fc2e961b-2570-4d49-83c0-8d5a7ea9387e,යකඩ පාලම,4456,4457
7539fb67-cb90-4d81-a341-1bab9fc25ff1,පල්ලෙකන්ද පල්ලිය පාර(සුරුවම),4457,4458
48e2a7fe-6dff-43cb-9433-a64d3bab28cc,වෙල්ලමුන්දලම 42 කිමි,4458,4459
57cd4279-1967-4080-a282-d06d317d12a4,50 කිමි කණුව,4459,4460
b76dab30-8252-4588-aa4c-297b5218ab66,කොලන්කන්න ND,4460,4461
aa8273a5-96e5-4275-b498-61880142fd14,පෙරියවිල්ලු,4461,4462
b1f0a0c1-100b-4c91-aec5-05693e63d46c,පලුගහතුරෙයි ND,4462,4463
521507c9-23e0-4680-902d-3e177a807804,මයිලවිල්ලු ND,4463,4464
667b279b-1f8e-46a7-b39c-605b35834be9,කුදිරමලෙයි වැව පාර,4464,4465
946b7af1-f4fc-4038-b559-1c1dc09edf72,මරිච්චුක්කට්ටි 43 කිමි කණුව,4465,4466
8925330d-c907-4a11-b67d-6a84e8bddb12,පුක්කුලම ND,4466,4467
0794dfae-1194-4ecb-bc27-35a3d81d80e8,මෝදර ගඟ පාලම්දෙක,4467,4468
d81c0706-6a01-4fe3-8879-e0d05755e6d2,මරිච්චුක්කට්ටි නාවික කඳවුර,4468,4469
da2a934a-fbcc-4aba-9076-df6d82b72309,මරිච්චුක්කට්ටි ගොවි.ජ.සේ.ම,4469,4470
1df5429d-f811-4ce5-84b0-bb0d98a667b0,කායක්කුලි මුස්ලිම් පල්ලිය,4470,4471
d74b95b9-ccf6-4195-b784-7dd4eae1a4be,කොක්කුපඩයන් පොලිස් බලකාය,4471,4472
4f60c6b0-bd8a-41b7-a407-0ccde066f632,සිලාවතුර ධීවර කාර්යාලය,4472,4473
ae965e5d-4e82-463b-863c-700395281a60,සිලාවතුර(මුරුන්කන්පාර),4473,4474
ae4296d2-eb6d-421e-8cc4-f595cfbbeff4,පුදුවේලි පුදුවේලි,4474,4475
0d36f1fd-216d-4728-9ba3-56411fd85994,අහත්තිමුරුප්පු අහත්තිමුරුප්පු,4475,4476
c87abe30-1134-4253-8ef6-02b90e9ed502,පොට්කේනි මුස්ලිම් පල්ලිය,4476,4477
1ab9450f-5a48-47b6-a38b-a7d8e2c2f353,වෙප්පම්කුලම් මුස්ලිම් පල්ලිය,4477,4478
99a04bc9-930f-45c8-b78c-87d7c1ae7fd7,පරිහාරිකන්ඩල් හංදිය,4478,4479
8798b5ac-b93d-4352-bf5a-840210f525e9,සුරිකන්ඩල් ග‍්‍රාම.නි.කා,4479,4480
